fid,DOI,저자,연도,제목,데이터베이스,검토자1,검토자2,마지막검토일,중복여부,포함여부,배제사유키워드,배제사유내용,다음단계여부
1,10.1016/j.uclim.2025.102662,"Sojib, M.R.H.|Hossain, M.M.|Khan, M.A.-A.|Baten, M.A.|Khan, M.B.|Tanzia, F.K.S.|Hasan, M.",2025,"Land use land cover transformation and seasonal variations in land surface temperature with environmental implications in Gazipur Sadar Upazila, Bangladesh",Scopus,,,,N,Y,N/A,N/A,진행
2,10.1016/j.buildenv.2025.113745,"Wu, Z.|Qiu, Y.|Ren, Y.",2025,Pervious surface fraction threshold and quantile-based optimization: A novel framework for heat mitigation in high-density urban areas,Scopus,,,,N,Y,N/A,N/A,진행
3,10.1016/j.landurbplan.2025.105490,"Xiao, S.|He, J.|Yao, Y.|Liang, X.|Li, X.",2025,Optimizing urban three-dimensional landscapes in potential development areas to mitigate urban heat island effect under shared socioeconomic pathways,Scopus,,,,N,Y,N/A,N/A,진행
4,10.1007/s10722-025-02578-7,"Rahim, N.H.|Abdul Razak, S.A.|Fong, C.S.|Xue, C.|Hasikin, K.|Rohman, F.|Hamzah, S.N.|Yaseen, T.|Kaplan, A.|Khan, M.N.|Ercıslı, S.",2025,"Climate mitigation through urban forests: ecosystem services and species diversity in Rimba Ilmu, Universiti Malaya, Malaysia",Scopus,,,,N,N,열환경 지표 부재(탄소격리·유출저감 중심),도시지역과 녹지 구성 연구는 맞으나 결과변수는 탄소격리와 우수유출 저감 등으로 도시 온열환경 지표를 다루지 않아 포함 기준 미충족,배제
5,10.1016/j.cities.2025.106332,"Eliades, N.-G.H.|Kefalas, G.|Lorilla, R.S.",2025,An integrated approach for enhancing the planning perspective of peri-urban and urban green spaces: The case of the Limassol Metropolitan Area in Cyprus,Scopus,,,,N,Y,N/A,N/A,진행
6,10.1016/j.scs.2025.106951,"Tian, P.|Yan, Y.|Li, J.|Zhang, H.|Liu, Y.|Ying, C.",2025,Assessing compound exposure of vulnerable populations under dual inequality of urban heatwaves and green space,Scopus,,,,N,Y,N/A,N/A,진행
7,10.1016/j.scs.2025.106897,"Tahooni, A.|Kakroodi, A.A.|Kiavarz, M.|Mansourian, H.",2025,High-resolution urban LST downscaling via machine learning and SHAP: A case study in a rapidly urbanizing semi-arid region,Scopus,,,,N,N,녹지형태/구성 주제 아님,도시 지역과 LST 온열지표는 다루지만 연구의 핵심은 ML 기반 다운스케일링 및 SHAP 해석으로 녹지 형태 또는 구성 변수를 주제로 한 분석이 아님 NDVI 등은 보조 변수로만 사용,배제
8,10.1007/s41062-025-02334-x,"Goyal, K.|Biswas, R.",2025,Suitability analysis for Blue Green Infrastructure in urban area: Delhi,Scopus,,,,N,N,열지표부재; BGI 적합성,도시 지역을 대상으로 하나 주제는 블루그린 인프라 적합성 분석이며 결과변수는 적합도 지도여서 도시 온열환경 지표를 측정 또는 분석하지 않음,배제
9,10.1016/j.ufug.2025.129092,"Horanyi, A.M.|Thorn, J.P.R.",2025,"Spatial distribution, determinants, and implementation barriers of green-blue-grey infrastructure-based urban heat island mitigation strategies in Budapest, Hungary",Scopus,,,,N,Y,N/A,N/A,진행
10,10.1016/j.jag.2025.104888,"Yang, C.|Wang, H.|Ren, Z.|Zhou, W.",2025,Strengthening or weakening? Multi-year quantification and comparison of urban green space cooling effects and their key 2D/3D drivers,Scopus,,,,N,Y,N/A,N/A,진행
11,10.1016/j.jenvman.2025.127369,"Qin, J.|Wang, Q.|Li, W.",2025,Incorporating regional green spaces into greenspace exposure assessment: A nationwide study of 244 Chinese cities,Scopus,,,,N,N,결과변수 비해당(열지표 미주요),도시와 녹지를 다루지만 주된 결과는 녹지노출지수(GE)이며 도시 온열환경 지표를 결과로 평가하지 않음(LST는 상관분석의 보조 변수),배제
12,10.1016/j.ufug.2025.129038,"Zhou, W.|Jia, S.|Wang, Y.",2025,Greenery for regulating outdoor thermal comfort in various urban environments of a humid-subtropical climate under extreme heat conditions,Scopus,,,,N,Y,N/A,N/A,진행
13,10.1016/j.ufug.2025.129019,"Seo, J.|Park, J.",2025,"Spatiotemporal analysis of interactions between building configuration and urban green space on outdoor air temperature during heat waves: IoT sensor-based insights from Seoul, South Korea",Scopus,,,,N,Y,N/A,N/A,진행
14,10.1016/j.envres.2025.122278,"Del Rosario, L.|Astell–burt, T.|Olsen, J.R.|Thompson, S.|Mitchell, R.|Feng, X.",2025,Walkable by nature? Adding green and blue space to walkability indices and assessment of socioeconomic inequalities,Scopus,,,,N,N,도시열지표아님,"도시지역과 녹지/청색공간 변수를 다루지만 결과변수는 보행가능성과 사회경제적 불평등으로, 지표온도·열섬강도·열쾌적성 등 도시 온열환경 지표를 측정하지 않음",배제
15,10.1016/j.landurbplan.2025.105420,"Yao, X.|Kim, M.|Dronova, I.|McBride, J.R.|Kondolf, G.M.|Radke, J.D.",2025,Community-scale microclimate simulation using Airborne Laser Scanning and object-based urban tree classification,Scopus,,,,N,Y,N/A,N/A,진행
16,10.1007/s41207-025-00746-w,"Votsi, N.|Papangelis, G.|Varotsos, K.V.|Athanasopoulou, E.|Koutsantoni, P.|Karali, A.|Karagianis, D.|Sismanidis, P.|Kiranoudis, C.T.|Keramitsoglou, I.|Giannakopoulos, C.|Gerasopoulos, E.",2025,"A multi-faceted, integrated methodological approach to identify hotspots of combined urban environmental pressures in the climate change context",Scopus,,,,N,Y,N/A,N/A,진행
17,10.1177/23998083241311068,"Merdymshaeva, E.|Mora, S.|Machida, Y.|Zhang, F.|Duarte, F.|Paul, S.|Ratti, C.|Mörtberg, U.",2025,Assessing the impact of greenery on urban heat using opportunistic drive-by sensing,Scopus,,,,N,Y,N/A,N/A,진행
18,10.3390/land14101944,"Qin, J.|Zhang, Y.|Wang, J.",2025,Synergistic Response of Blue and Green Spaces as Urban Cooling Source to Extreme Heatwaves,Scopus,,,,N,Y,N/A,N/A,진행
19,10.1088/2515-7620/ae0f83,"Cheng, X.|Peng, J.|Li, W.|Dormann, C.F.|Liu, Y.|Dong, J.|Orth, R.",2025,Cooling efficiency of trees and short vegetation in large cities across the globe,Scopus,,,,N,Y,N/A,N/A,진행
20,10.1002/ece3.72300,"Zhang, X.|Zhao, J.|Yi, K.|Yuan, D.|Zhang, Z.",2025,Spatiotemporal Prediction of Ideal Butterfly Habitats in Kun-Ming's Urban Green Areas: Enabled by Maxent and ArcGIS,Scopus,,,,N,N,열환경지표아님;서식지적합도예측,도시와 녹지 맥락이나 결과변수는 도시 열환경 지표가 아니라 나비 서식지 적합도 예측이며 UHI는 배경 수준 언급일 뿐 측정 종속변수가 아님 따라서 제외,배제
21,10.3390/rs17193296,"García-Haro, A.|Arellano, B.|Roca, J.",2025,"Integrating Multi-Source Remote Sensing and Spatial Metrics to Quantify Urban Park Design Effects on Surface Cool Islands in Mexicali, Mexico",Scopus,,,,N,Y,N/A,N/A,진행
22,10.3390/buildings15193619,"Ren, Z.|Chen, H.|Sheng, S.|Wang, H.|Zhang, J.|Lu, M.",2025,"Mapping Multi-Temporal Heat Risks Within the Local Climate Zone Framework: A Case Study of Jinan’s Main Urban Area, China",Scopus,,,,N,N,녹지형태주제아님,도시 대상과 온열지표는 적합하나 핵심 주제가 녹지 형태 또는 구성 변수의 효과 분석이 아니며 LCZ와 HEVA 기반 열위험 매핑 및 ISA·FAR 등 비녹지 요인에 초점임,배제
23,10.1016/j.scs.2025.106845,"Hussainzad, E.A.|Gou, Z.",2025,"A machine learning framework for urban heat mitigation in informal settlements: Climate-resilient planning in Kabul, Afghanistan",Scopus,,,,N,Y,N/A,N/A,진행
24,10.1016/j.ufug.2025.128983,"Li, L.|Kross, A.|Ziter, C.D.|Eicker, U.",2025,Analyzing spatial patterns of urban green infrastructure for urban cooling and social equity,Scopus,,,,N,Y,N/A,N/A,진행
25,10.1016/j.ufug.2025.128953,"Shen, N.|Feng, F.|Xu, C.|Li, X.|Chiriacò, M.V.|Lafortezza, R.",2025,Drone-based assessment of urban green space structure and cooling capacity,Scopus,,,,N,Y,N/A,N/A,진행
26,10.1016/j.rse.2025.114867,"Zhou, S.-Q.|Yu, Z.-W.|Wu, W.-B.|Yang, W.-J.|Zhang, Y.-J.|Hao, Y.-Y.|Yuan, Q.|Xu, D.-F.|Hu, J.-Y.|Zhao, B.",2025,Quantifying cumulative cooling threshold of greenspaces using a newly developed 3D model across global cities,Scopus,,,,N,Y,N/A,N/A,진행
27,10.1016/j.compenvurbsys.2025.102320,"Lin, L.|Zhao, Y.|Zhao, J.",2025,Optimizing urban green space spatial patterns for thermal environment improvement: A multi-objective approach in the context of urban renewal,Scopus,,,,N,Y,N/A,N/A,진행
28,10.1016/j.scs.2025.106777,"Abedrabboh, O.|Fountoukis, C.|Al-Ansari, T.|Alfarra, M.R.",2025,"Simulating microclimate adaptation: Evaluating heat mitigation strategies for Doha, Qatar, under current and future climate conditions",Scopus,,,,N,Y,N/A,N/A,진행
29,10.1016/j.asr.2025.07.012,"Parida, B.R.|Prasad, K.|Swain, S.K.|Dwivedi, C.S.|Pandey, A.C.|Swain, K.C.",2025,Evaluating urban bioclimatic comfort in a metropolitan city Kolkata with urban dynamics and heat Islands,Scopus,,,,N,Y,N/A,N/A,진행
30,10.3390/land14091759,"Ramanauskas, E.|Bukantis, A.|Dringelis, L.|Kaveckis, G.|Jonkutė, G.",2025,Urban Environment and Structure of Lithuanian Cities: Their Assessment in the Context of Climate Change and Other Potential Threats,Scopus,,,,N,Y,N/A,N/A,진행
31,10.3390/land14091717,"Huang, X.|Hou, L.|Guan, S.|Li, H.|Sándor, J.|Albert, F.|Filepné Kovács, F.K.|Li, H.",2025,Research on the Spatio-Temporal Differentiation of Environmental Heat Exposure in the Main Urban Area of Zhengzhou Based on LCZ and the Cooling Potential of Green Infrastructure,Scopus,,,,N,Y,N/A,N/A,진행
32,10.3390/land14091815,"Jovanović, S.|Janković-Milić, V.|Stanković, J.J.|Stanojević, M.",2025,The Role of Urban Tree Areas for Biodiversity Conservation in Degraded Urban Landscapes,Scopus,,,,N,N,열환경 지표 부재,도시와 녹지 구성 변수는 해당하나 결과변수에 지표온도나 열섬강도 등 도시 온열환경 지표가 없어 포함 기준 불충족,배제
33,10.3390/su17188093,"Peng, W.|Dai, D.|Liu, F.|Wang, X.",2025,Spatiotemporal Heterogeneity and Socioeconomic Drivers of Landscape Patterns in High-Density Communities of Wuhan,Scopus,,,,N,N,열지표 미포함,도시지역과 녹지 경관지표를 다루지만 결과변수에 지표온도나 열섬 등 도시 온열환경 지표가 없어 포함 기준을 충족하지 않음,배제
34,10.3390/rs17183211,"Xu, F.|Shen, Y.|Zheng, M.|Zhang, X.|Zuo, Y.|Wang, X.|Zhang, M.",2025,Characterizing the Thermal Effects of Urban Morphology Through Unsupervised Clustering and Explainable AI,Scopus,,,,N,N,녹지형태변수부재,도시지역과 LST 등 온열지표는 다루지만 노출은 건축형태·NDBI·SVF 등 도시형태 중심으로 녹지의 형태/구성 변수를 핵심적으로 분석하지 않아 포함 기준(녹지 변수)에 부합하지 않음,배제
35,10.3390/land14091813,"Zhang, X.|Zhang, J.",2025,Exploring the Impact of Urban Characteristics on Diurnal Land Surface Temperature Based on LCZ and Machine Learning,Scopus,,,,N,Y,N/A,N/A,진행
36,10.3390/plants14172753,"Wang, X.|Zhao, C.|Yu, M.|Hu, Y.|Gao, Z.",2025,Multidimensional Urbanization Effects on Spontaneous Plant Diversity in a Cold Climate Megacity,Scopus,,,,N,N,열환경지표아님,도시 지역과 녹지 구성 변수는 다루지만 결과변수가 자생식물 종다양성으로서 도시 온열환경 지표를 다루지 않아 제외,배제
37,10.3390/s25175380,"Hoang, N.-D.",2025,"Machine Learning Approaches for Geospatial Modeling of Urban Land Surface Temperature: Assessing Geographical Compactness, Interpretability, and Causal Inference",Scopus,,,,N,Y,N/A,N/A,진행
38,10.1007/s00704-025-05694-7,"Zaid, H.A.B.|Mughal, U.M.|Amin, M.|Sajjad, M.M.|Farhan, M.|Sattar, A.|Ali, S.|Ali, M.|Ain, Q.U.",2025,Evaluating the cooling potential of urban green spaces in Faisalabad integrating invest urban cooling model with multisource remote sensing data,Scopus,,,,N,Y,N/A,N/A,진행
39,10.1016/j.uclim.2025.102575,"Cai, S.|Li, L.|Gao, D.|Zeng, X.|Wang, Z.",2025,Cooling inequity: Investigating environmental equity in residents' access to cooling services from urban parks using an improved 2FSCA model,Scopus,,,,N,Y,N/A,N/A,진행
40,10.1016/j.indic.2025.100850,"Xu, Y.|Yao, L.|Chen, A.",2025,Unraveling urban thermal comfort dynamics: Multi-scale interactions with urban building and green space landscapes in Beijing,Scopus,,,,N,Y,N/A,N/A,진행
41,10.1016/j.scs.2025.106689,"Cheng, H.|Cai, Y.|Zhang, D.|Luo, S.|Li, M.|Hu, Y.|Ma, S.",2025,Neighboring matters: quantifying internal morphology and external spatial interactions on land surface temperature among urban functional zones,Scopus,,,,N,Y,N/A,N/A,진행
42,10.1007/s11069-025-07532-5,"Sun, R.|Yang, L.|Feng, C.|Xiang, J.|Liu, C.|Zhou, J.|Liu, Y.",2025,Spatiotemporal heterogeneity of temperature change and its dynamic response to river network system evolution in the South China,Scopus,,,,N,N,비도시포함;녹지아님(하천);열지표비핵심,연구범위가 유역 규모로 도시지역에 한정되지 않으며 주요 변수도 녹지 형태가 아닌 하천 네트워크임; 결과변수 역시 평균·최고·최저 기온 중심으로 도시 열섬·지표온도·열쾌적성 등 직접적 도시 열환경 지표 평가가 핵심이 아님,배제
43,10.1007/s00024-025-03787-y,"Toy, S.|Eren, Z.",2025,Spatial Analysis of Sensitive Urban Zones to UHI Formation Through the Parametrization of Urban Features,Scopus,,,,N,N,녹지 변수 비중 낮음 및 결과는 민감도 지수,도시 대상은 맞으나 녹지 형태·구성은 핵심 주제가 아니며 다양한 공간 사회 경제 지표로 UHI 민감도만 추정하여 실제 도시 온열환경 지표는 다루지 않음,배제
44,10.1016/j.jenvman.2025.126586,"Bandeira Rodrigues, A.|Dos Santos Araujo, D.C.|Menezes de Farias, V.E.|Cabral, J.J.",2025,Predictive modelling of land use land cover dynamics for a coastal urban city in Brazil,Scopus,,,,N,N,도시연구이나 온열지표 미포함,도시(헤시피)에서 LULC 변화 예측과 녹지·토지피복 구성 분석을 수행하지만 결과변수가 지표온도·열섬·열쾌적성 등 도시 온열환경 지표가 아니므로 제외,배제
45,10.1016/j.buildenv.2025.113361,"Zhong, Z.|Ma, Q.|Fang, X.|Kong, L.|Cao, Q.|Liu, L.|Zhou, R.|Du, S.",2025,Who are marginalized? Unequal distribution of urban street shading in Shanghai,Scopus,,,,N,N,열지표부재;음영분포형평성,도시지역과 가로수 등 녹지요소를 다루지만 결과변수는 음영의 공간분포와 형평성으로 한정되어 지표온도·열섬강도·보행자열쾌적성 등 도시 온열환경 지표를 직접 산출하지 않음,배제
46,10.1007/s43995-025-00153-w,"Chahbi, M.|El Ganadi, Y.|Idrissi Gartoumi, K.",2025,"Monitoring urban vegetation by GeoAI driven multi-scale indices: a case study of Rabat, Morocco",Scopus,,,,N,N,열환경지표미측정,도시(라바트)와 녹지(UGS·NDVI/EVI 등)를 다루지만 결과변수는 식생지수·분포 평가에 한정되며 지표온도·열섬강도·열쾌적성 등 도시 온열환경 지표를 직접 측정/분석하지 않아 제외.,배제
47,10.1002/ldr.5683,"Raduła, M.W.|Szymura, T.H.|Świerszcz, S.|Mollashahi, H.|Szymura, M.",2025,"Plant Functional Composition, Ecological Niche Distribution, and Biodiversity Measures Across Urban Grasslands of Different Size, Localisation, and Type",Scopus,,,,N,N,열환경 지표 없음,도시 지역과 녹지 형태를 다루지만 결과변수가 생물다양성·기능형질로 한정되어 있으며 도시 온열환경 지표(지표온도·열섬강도·열쾌적성 등)를 측정하지 않아 제외됩니다.,배제
48,10.1016/j.buildenv.2025.113281,"Li, S.|Zhang, J.|Xiao, Q.|Fang, K.|Ha, S.|Liu, H.|Teng, M.|Wu, X.|Wu, C.",2025,"Ameliorating canopy urban heat island in block level: A holistic investigation into the radius, form, and typologies",Scopus,,,,N,Y,N/A,N/A,진행
49,10.1016/j.envres.2025.121782,"Khomenko, S.|Burov, A.|Dzhambov, A.M.|de Hoogh, K.|Helbich, M.|Mijling, B.|Hlebarov, I.|Popov, I.|Dimitrova, D.|Dimitrova, R.|Markevych, I.|Germanova, N.|Brezov, D.|Iungman, T.|Montana, F.|Chen, X.|Gehring, U.|Khreis, H.|Mueller, N.|Zapata-Diomedi, B.|Zhang, J.|Nieuwenhuijsen, M.",2025,"Health burden and inequities of urban environmental stressors in Sofia, Bulgaria",Scopus,,,,N,N,결과변수-건강영향; 열환경지표 아님; 녹지형태구성 미포함,도시 연구이지만 녹지 변수는 가용성 수준으로 형태나 구성 분석이 아니며 결과변수도 UHI 등 노출의 건강영향 추정으로 사망과 질병을 평가하여 도시 온열환경 지표를 직접 결과로 다루지 않음,배제
50,10.3390/atmos16080935,"Kosanović, S.|Marković, Đ.|Stamenkovic, M.",2025,New Belgrade’s Thermal Mosaic: Investigating Climate Performance in Urban Heritage Blocks Beyond Coverage Ratios,Scopus,,,,N,Y,N/A,N/A,진행
51,10.3390/atmos16080899,"Sharmin, M.|Esperon-Rodriguez, M.|Clackson, L.|Pfautsch, S.|Power, S.A.",2025,Heat Impact of Urban Sprawl: How the Spatial Composition of Residential Suburbs Impacts Summer Air Temperatures and Thermal Comfort,Scopus,,,,N,Y,N/A,N/A,진행
52,10.3390/plants14162457,"Sun, Q.|Li, D.|Tang, X.|Ren, Y.",2025,"Vegetation-Specific Cooling Responses to Compact Urban Development: Evidence from a Landscape-Based Analysis in Nanjing, China",Scopus,,,,N,Y,N/A,N/A,진행
53,10.3390/land14081541,"Xuan, J.|Li, S.|Huang, C.|Zhang, X.|Mao, R.",2025,"Spatiotemporal Dynamics of Heat-Related Health Risks of Elderly Citizens in Nanchang, China, Under Rapid Urbanization",Scopus,,,,N,N,결과변수 비해당(건강위험지수),도시지역을 대상으로 하고 녹지·불투수면 등 구성변수를 다루지만 주요 결과가 도시 온열환경 지표가 아니라 노인 열관련 건강위험지수여서 제외함.,배제
54,10.3390/land14081633,"Muscas, D.|Bonciarelli, L.|Filipponi, M.|Orlandi, F.|Fornaciari, M.",2025,Urban Tree CO2 Compensation by Albedo,Scopus,,,,N,N,결과가 CO2-등가 환산 중심으로 온열지표 부재,도시 공원을 다루고 녹지 구성 변수를 분석하지만 핵심 결과가 복사강제력을 CO2-등가 배출로 환산한 보상효과에 집중되어 있으며 지표온도·열섬강도·보행자 열쾌적성 등 직접적인 도시 온열환경 지표를 산출·평가하지 않음.,배제
55,10.3390/land14081681,"Proutsos, N.D.|Solomou, A.D.|Stefanidis, S.P.",2025,From Bare Soil to Green Infrastructure: Micrometeorological Benefits from the Restoration of a Small Urban Park in a Mediterranean City,Scopus,,,,N,Y,N/A,N/A,진행
56,10.1002/ece3.71978,"Meola, V.|Ekklisiarchos, I.|Cistrone, L.|Migliozzi, A.|Russo, D.",2025,Landscape and Season Influence Bat Activity and Richness in a Mediterranean Metropolitan Area,Scopus,,,,N,N,열환경 지표 부재,도시와 녹지 구성은 다루지만 결과변수가 박쥐 활동·종풍부도이며 지표온도·열섬강도·열쾌적성 등 도시 온열환경 지표를 다루지 않아 포함 기준에 부합하지 않음,배제
57,10.48084/etasr.11734,"Muslimsyah, M.|Safwan, S.|Akhyar, A.",2025,"Simulations of Temperature and Wind Speed Contours and Vectors for Thermal Comfort Analysis in Worship Spaces: The Case Study of Baiturrahman Grand Mosque, Indonesia",Scopus,,,,N,N,실내열쾌적 중심·녹지변수 없음·도시열지표 아님,도시 맥락 언급은 있으나 연구는 모스크 실내 CFD로 온도와 풍속 분포 및 패시브 설계를 평가함 녹지 형태나 구성 변수를 다루지 않으며 결과도 도시 수준 열환경 지표가 아닌 실내 값이므로 제외,배제
58,10.1007/s10661-025-14392-w,"Saini, J.|Gupta, A.K.|Dhupper, R.|Shrivastava, A.",2025,"Spatio-temporal study of urban dynamics with implications on land surface temperature of Gurugram City, India",Scopus,,,,N,Y,N/A,N/A,진행
59,10.1007/s00704-025-05657-y,"Hari Prasad, P.S.H.|Satyanarayana, A.N.V.",2025,Estimation of outdoor thermal comfort by integrating landsat derived LULC to WRF-UCM model over a metropolitan city of India,Scopus,,,,N,Y,N/A,N/A,진행
60,10.1007/s11252-025-01769-5,"Sökmen, E.D.|Aksoy, O.",2025,Evaluation of climate justice in open green spaces based on landscape metrics: the case of Istanbul,Scopus,,,,N,Y,N/A,N/A,진행
61,10.1016/j.uclim.2025.102500,"Ma, T.|Chen, C.-C.|Yu, F.|Chen, G.",2025,Towards climate-responsive communities: Exploring the nonlinear relationship between residential morphology and land surface temperature,Scopus,,,,N,Y,N/A,N/A,진행
62,10.1016/j.cacint.2025.100214,"Gu, J.|Kim, D.|Jun, C.|Son, S.",2025,Quantitative assessment of factors that influence heat vulnerability in residential areas using machine learning and unmanned aerial vehicle,Scopus,,,,N,Y,N/A,N/A,진행
63,10.1016/j.ecofro.2025.04.002,"Deng, Q.|Xie, M.|Chen, Y.",2025,Combined effects of building and tree on the diurnal thermal environment in urban functional zones from 2D and 3D perspectives,Scopus,,,,N,Y,N/A,N/A,진행
64,10.1016/j.cities.2025.106006,"Wang, Z.|Shi, P.|Shi, J.|Zhang, X.|Liu, Y.",2025,Research on the relationship between urban space and ecological environment evolution at the grid scale: a case study of Lanzhou City,Scopus,,,,N,N,녹지형태변수부재,도시지역 대상이며 LST를 포함하지만 노출이 도시확장 및 불투수율 ERI ESV 중심으로 녹지 형태나 구성 변수를 직접적으로 다루지 않아 포함 기준에 부합하지 않음,배제
65,10.1016/j.scs.2025.106643,"Moncada-Morales, G.A.|Livesley, S.J.|Nice, K.A.|Pianella, A.|Carpio, M.",2025,Intense drought and vegetation browning exacerbate air temperature rise in unirrigated peri-urban areas under global warming,Scopus,,,,N,Y,N/A,N/A,진행
66,10.1016/j.scs.2025.106597,"Jang, S.|Jung, J.",2025,Urban form and green space structure as drivers of urban heat mitigation,Scopus,,,,N,Y,N/A,N/A,진행
67,10.1016/j.scs.2025.106541,"Kotharkar, R.|Vidyasagar, A.",2025,Cooling efficacy assessment of urban green spaces using machine learning-based multivariate landscape analysis,Scopus,,,,N,Y,N/A,N/A,진행
68,10.1016/j.scs.2025.106531,"Barui, J.|Das, S.|Shib, S.|Mondal, S.|Deep Saha, U.D.|Mitra, D.|Bagchi, E.|Kar, J.|Prokop, P.|Saha, O.|Mukhopadhyay, U.",2025,Intensification of land surface temperature and its seasonal variation in rapidly growing municipalities of Kolkata metropolitan area,Scopus,,,,N,Y,N/A,N/A,진행
69,10.1016/j.landurbplan.2025.105344,"Li, M.|Liu, H.",2025,Enhancing the cooling effect of urban green infrastructure: An empirical analysis of interactive impacts and optimizing pathways over 310 Chinese cities,Scopus,,,,N,Y,N/A,N/A,진행
70,10.38094/jastt62241,"Al-Khafaji, A.S.|Nasar, Z.A.|Almudhafar, A.F.|Alyasiri, Z.J.|Althabhawi, G.J.",2025,"Evaluating Green Space Design Alternatives Using Sustainable Thresholds: A Case Study of Bayti Residential Complex, Najaf, Iraq",Scopus,,,,N,Y,N/A,N/A,진행
71,10.3390/su17146637,"Al-Zghoul, S.|Al-Homoud, M.",2025,"GIS-Driven Spatial Planning for Resilient Communities: Walkability, Social Cohesion, and Green Infrastructure in Peri-Urban Jordan",Scopus,,,,N,N,도시온열지표 부재; 녹지구성 변수 비핵심; 사회응집성 중심,연구대상은 암만 준도시 지역이지만 보행가능성과 사회적 응집성을 중심으로 분석하며 독립변수는 가로연결성·밀도·토지혼합도 등으로 구성되고 녹지 형태/구성 지표를 정량적으로 다루지 않음; 결과변수로 지표온도·열섬강도·보행자 열쾌적성 등 도시 온열환경 지표를 측정하거나 모델링하지 않아 포함 기준 미충족,배제
72,10.3390/land14071393,"Li, Y.|Zhao, L.|Zheng, H.|Yang, X.",2025,Using New York City’s Geographic Data in an Innovative Application of Generative Adversarial Networks (GANs) to Produce Cooling Comparisons of Urban Design,Scopus,,,,N,Y,N/A,N/A,진행
73,10.3390/land14071470,"Bečić, D.|Gašparović, M.",2025,Urban Heat Islands and Land-Use Patterns in Zagreb: A Composite Analysis Using Remote Sensing and Spatial Statistics,Scopus,,,,N,Y,N/A,N/A,진행
74,10.3390/atmos16070857,"Liu, J.|Wu, X.|Pan, L.|Hsieh, C.-M.",2025,Multi-Scale Analysis of the Mitigation Effect of Green Space Morphology on Urban Heat Islands,Scopus,,,,N,Y,N/A,N/A,진행
75,10.3390/land14071330,"Wang, M.|Su, Y.|Wang, J.",2025,How to Improve Blue–Green–Gray Infrastructure to Optimize River Cooling Island Effect on Riparian Zone for Outdoor Activities in Summer,Scopus,,,,N,Y,N/A,N/A,진행
76,10.3390/buildings15132261,"Zhou, H.|Wang, R.|Hou, H.|Xie, B.|Hu, T.",2025,Optimizing Urban Thermal Environments Through 2D/3D Landscape Pattern Analysis: A Machine Learning-Driven Approach for the Yangtze River Delta Urban Agglomeration,Scopus,,,,N,Y,N/A,N/A,진행
77,10.3390/buildings15132166,"Ren, J.|Xu, X.|Jiang, J.",2025,Optimizing Public Space Quality in High-Density Old Districts of Asian Megacities: Thermal Environment Analysis of Shenzhen’s Urban Fringe,Scopus,,,,N,Y,N/A,N/A,진행
78,10.15243/jdmlm.2025.124.8391,"Deviro, S.O.|Karlinasari, L.|Nurhayati, A.D.",2025,"Urban Heat Island phenomenon and the role of urban green spaces in regulating thermal comfort in Bogor City, Indonesia",Scopus,,,,N,Y,N/A,N/A,진행
79,10.1007/s00704-025-05597-7,"Saha, A.|Saha, S.|Das, A.|Mandal, S.|Sarkar, R.|Das, M.",2025,Unveiling the landscape fragmentation and its impact on land surface temperature using machine learning approach in Kolkata Metropolitan Area (India),Scopus,,,,N,Y,N/A,N/A,진행
80,10.1016/j.buildenv.2025.113100,"Su, Y.|Wang, Y.|Huang, Z.|Peng, T.|Han, Y.|Wang, W.|Meng, Q.|Saimaiti, A.",2025,"Optimization strategies for outdoor thermal comfort at urban core transportation hub in summer–A case of Turpan Station, China",Scopus,,,,N,Y,N/A,N/A,진행
81,10.1016/j.buildenv.2025.113096,"Shi, D.|Song, J.|Huang, X.|Chan, P.W.",2025,Modelling and optimization of urban green-blue infrastructure design for city cooling,Scopus,,,,N,Y,N/A,N/A,진행
82,10.1016/j.buildenv.2025.113087,"Lin, B.-S.|Tsai, Y.-H.|Chang, H.-C.|Yu, C.-C.|Hsieh, C.-I.",2025,Building with nature: Morphological spatial pattern of green infrastructure in urban heat mitigation,Scopus,,,,N,Y,N/A,N/A,진행
83,10.1016/j.buildenv.2025.113052,"Sheng, Q.|Zhang, C.|Huang, Y.|Jia, C.|Liu, C.|Dai, A.|Zhu, Z.|Huang, Z.",2025,The mediating effect of microclimate in the impacts of roadside vegetation barriers on air pollution in pedestrian spaces,Scopus,,,,N,Y,N/A,N/A,진행
84,10.1016/j.enbuild.2025.115736,"Glytsos, T.|Mavrigiannaki, A.|Kalogirou, E.|Litos, B.|Anastasiadou, P.-S.|Kolokotsa, D.",2025,"Introducing the environmental justice perspective in the evaluation of NbS implementation; Chania, Crete case study",Scopus,,,,N,Y,N/A,N/A,진행
85,10.31548/forest/2.2025.136,"Shahini, E.|Shahini, E.",2025,Role of urban green spaces and tree plantations in improving ecosystem services and urban resilience,Scopus,,,,N,Y,N/A,N/A,진행
86,10.18502/japh.v10i3.19594,"Esringü, A.|Karadag, R.|Samanci, Ö.N.",2025,Investigation of the effect of green areas on urban air quality in a park in Erzurum with I-Tree Canopy,Scopus,,,,N,N,열환경 지표 아님,도시 공원에서 녹지 수관피복을 평가했으나 결과가 미세먼지 제거와 탄소격리와 경제적 가치 등 대기질 중심이며 도시 온열환경 지표를 다루지 않아 제외,배제
87,10.3390/land14061274,"Olgun, R.|Karakuş, N.|Selim, S.|Yilmaz, T.|Erdoǧan, R.|Aklıbaşında, M.|Donmez, B.|Çakır, M.|Ardahanlıoğlu, Z.R.",2025,"Impacts of Landscape Composition on Land Surface Temperature in Expanding Desert Cities: A Case Study in Arizona, USA",Scopus,,,,N,Y,N/A,N/A,진행
88,10.31018/jans.v17i2.6477,"Mohammad, M.|Khan, M.N.|Ganiyeva, S.|Odinaevich, A.B.|Ali, D.",2025,"Estimating extreme heat event over New Delhi Region, India using Satellite Data",Scopus,,,,N,N,"""녹지 변수 미흡""","""도시지역(델리)에서 LST·UHI를 위성으로 분석하였으나, 녹지 형태·구성 변수의 정량적 분석이 핵심 주제로 다뤄지지 않음(녹지/NDVI 등 공간구성 지표를 주요 독립변수로 사용하지 않음)""",배제
89,10.3390/su17115107,"Rahman, M.R.|Mark, B.G.",2025,"Geospatial Analysis of Urban Warming: A Remote Sensing and GIS-Based Investigation of Winter Land Surface Temperature and Biophysical Composition in Rajshahi City, Bangladesh",Scopus,,,,N,Y,N/A,N/A,진행
90,10.3390/su17114874,"Liu, H.|Qian, Y.",2025,"Multi-Scale Analysis of Green Space Patterns in Thermal Regulation Using Boosted Regression Tree Model: A Case Study in Central Urban Area of Shijiazhuang, China",Scopus,,,,N,Y,N/A,N/A,진행
91,10.3390/rs17111818,"Iqbal, A.|Soni, L.|Qazi, A.W.|Nazir, H.",2025,Utilizing Remote Sensing for Sponge City Development: Enhancing Flood Management and Urban Resilience in Karachi,Scopus,,,,N,N,"""열환경 지표 미포함/결과=홍수위험""","""도시지역(카라치)이며 녹지·블루그린 인프라를 다루지만, 연구의 주요 결과는 AHP 기반 홍수위험 평가 및 지도화로서 지표온도·열섬강도·보행자 열쾌적성 등 도시 온열환경 지표를 측정·분석하지 않음""",배제
92,10.1016/j.uclim.2025.102493,"Bhattarai, S.|Banjara, P.|Pandey, V.P.|Aryal, A.|Pradhan, P.|Al-Douri, F.|Pradhan, N.R.|Talchabhadel, R.",2025,"Quantifying the cooling effects of blue-green spaces across urban landscapes: A case study of Kathmandu Valley, Nepal",Scopus,,,,N,Y,N/A,N/A,진행
93,10.1007/s11252-025-01740-4,"Zhu, W.|Wu, B.|Zhang, M.|Zhang, L.|Xing, X.|Li, S.",2025,"Intra-urban spatial heterogeneity of autumn leaf senescence: effects of land-use composition on tree phenology in Wuhan, China",Scopus,,,,N,N,결과변수-페노로지/열지표-매개,도시지역과 녹지구성은 다루지만 주요 결과는 단풍과 낙엽 시기 등 페노로지이며 열환경 지표는 주 결과가 아니라 매개로 사용되어 포함 기준 미충족,배제
94,10.1007/s10708-025-11347-z,"Barman, S.|Sarkar, B.C.|Roy, R.",2025,"Seasonal contrast of potential drivers of land surface temperature in urban areas of Siliguri, India",Scopus,,,,N,Y,N/A,N/A,진행
95,10.1016/j.scs.2025.106427,"Liu, Y.|Li, G.",2025,"Inequities in thermal comfort and urban blue-green spaces cooling: An explainable machine learning study across residents of different socioeconomic statuses in Hangzhou, China",Scopus,,,,N,Y,N/A,N/A,진행
96,10.1016/j.scs.2025.106434,"Niu, J.|Wang, H.|Guo, H.|Qin, H.|Yan, J.|Ye, L.|Liu, Z.|Han, G.",2025,"Identifying thresholds of landscape indicators in suitable green space buffer zones based on thermal sensation categories during summer: Empirical study in Chongqing, China",Scopus,,,,N,Y,N/A,N/A,진행
97,10.1016/j.jclepro.2025.145580,"Bi, S.|Tian, Z.|Zhang, Y.|Dai, F.",2025,"The role of urban green space morphology and threshold in cooling efficiency: Evidence from five cities, China",Scopus,,,,N,Y,N/A,N/A,진행
98,10.1007/s00484-025-02900-z,"Lin, Z.-E.|Wang, S.-Y.|Hung, K.-A.|Hsieh, C.-J.|Lin, T.-P.",2025,"The influence of shading facilities on outdoor thermal comfort, pedestrian walking speed, and indoor satisfaction",Scopus,,,,N,N,비녹지-인공차양연구,도시 맥락에서 열쾌적성은 다루나 독립변수가 녹지 형태나 구성 변수가 아닌 인공 차양시설이며 녹지 관련 분석이 아님,배제
99,10.1016/j.scs.2025.106410,"Lu, Y.|Wu, J.|Liu, M.",2025,Decoding the cooling potential of urban green spaces: A cross-city investigation of driving factors in 311 Chinese cities under varying climate zones,Scopus,,,,N,Y,N/A,N/A,진행
100,10.1016/j.scs.2025.106396,"Gao, J.|Qu, L.|Wu, W.",2025,Spatial-temporal variation of surface temperature and cold island network construction in the Yangtze River delta urban agglomeration: Perspectives from current and future scenarios,Scopus,,,,N,Y,N/A,N/A,진행
101,10.1016/j.scs.2025.106374,"An, L.|Hang, J.|Zhao, Y.|Zeng, L.|Dong, H.|Zhao, Y.|Zhao, N.",2025,Cooling effects of tree transpiration: A CFD simulation study on heterogeneous tree canopy configurations (TCCs),Scopus,,,,N,Y,N/A,N/A,진행
102,10.1016/j.buildenv.2025.112890,"Jia, K.|Zhou, L.|Gao, H.|Sun, Q.",2025,A theoretical framework for identifying ventilation corridors in megacity building clusters using coupled least-cost path and A* algorithms,Scopus,,,,N,N,녹지변수아님 열환경지표아님,도시지역 연구이나 주제는 환기회랑 알고리즘과 건축물 및 공기흐름 비용에 초점이며 녹지 형태 또는 구성 변수 연구가 아님 또한 결과변수는 환기 성능과 비용 및 경로 식별로 열섬이나 지표온도 등 도시 온열환경 지표를 직접 측정하지 않음,배제
103,10.1016/j.landurbplan.2025.105314,"Wu, Z.|Wang, Y.|Ren, Y.",2025,Optimizing green space-building landscape characteristics of key urban functional zones for comprehensive thermal environment mitigation,Scopus,,,,N,Y,N/A,N/A,진행
104,10.18280/ijsdp.200533,"Hasyim, A.W.|Muljo Sukojo, B.M.|Fatahillah, E.R.|Anggraini, I.A.|Isdianto, A.",2025,"Assessing the Impact of Population Density and Land Use on Land Surface Temperature for Sustainable Urban Planning in Malang City, Indonesia",Scopus,,,,N,Y,N/A,N/A,진행
105,10.3390/atmos16050527,"Li, Y.|Wang, W.|Li, X.|Liao, W.|Li, X.",2025,"Diurnal Variations in Greenspace Cooling Efficiency and Their Non-Linear Responses to Meteorological Change: Hourly Analysis of Air Temperature in Changsha, China",Scopus,,,,N,Y,N/A,N/A,진행
106,10.3390/f16050799,"Li, W.|Pan, P.|Fang, D.|Guo, C.",2025,Effects of Plant Communities in Urban Green Spaces on Microclimate and Thermal Comfort,Scopus,,,,N,Y,N/A,N/A,진행
107,10.3390/f16050783,"Cui, X.|Sun, M.|Chen, Z.|Li, M.|Zhang, X.",2025,"Deep Learning-Based Urban Tree Species Mapping with High-Resolution Pléiades Imagery in Nanjing, China",Scopus,,,,N,N,온열지표없음,도시지역과 녹지(수종) 매핑 연구이지만 결과변수가 분류정확도·강건성으로 한정되어 지표온도·열섬강도·열쾌적성 등 도시 온열환경 지표를 다루지 않음,배제
108,10.3390/su17104671,"Bao, H.|Sun, Y.|Gu, L.|Yang, X.|Nurmamat, K.|Yao, H.",2025,Comparative Performance of a Field-Based Assessment of Human Thermal Comfort Indices in Urban Green Space,Scopus,,,,N,Y,N/A,N/A,진행
109,10.3390/su17104347,"Zhang, Y.|Shi, G.|Feng, Z.|Zheng, E.|Chen, C.|Li, X.|Yu, D.|Zhang, Y.",2025,Study on the Relationship Between 3D Landscape Patterns and Residents’ Comfort in Urban Multi-Unit High-Rise Residential Areas: A Case Study of High-Density Inland City,Scopus,,,,N,Y,N/A,N/A,진행
110,10.3390/su17094156,"Yang, H.|Zeng, H.",2025,Impact of Changes in Blue and Green Spaces on the Spatiotemporal Evolution of the Urban Heat Island Effect in Ningbo and Its Implications for Sustainable Development,Scopus,,,,N,Y,N/A,N/A,진행
111,10.3390/buildings15091562,"Hedeya, Y.|Merabtine, A.|Maref, W.",2025,"Evaluating the Urban Heat Island Effect in Montreal: Urban Density, Vegetation, Demographic, and Thermal Landscape Analysis",Scopus,,,,N,Y,N/A,N/A,진행
112,10.1016/j.ecolind.2025.113489,"Liu, H.|An, W.|Przybysz, A.|Hao, D.|Sun, Y.|Song, J.|Sui, J.|Sun, J.|Zhu, C.",2025,Multivariate geostatistical methods for analysing the contribution of urban lakes and neighbouring greenery to mitigating PM2.5 under stressor indicators,Scopus,,,,N,N,결과변수 부적합(PM2.5·열환경 지표 아님),"도시지역과 블루-그린 인프라를 다루지만 주요 결과변수가 PM2.5 제거로 도시 온열환경 지표(예: LST, UHI, 열쾌적성)가 아님(LST는 스트레스 지표로만 사용)",배제
113,10.1016/j.scs.2025.106369,"Xu, H.|Zhang, S.|Wu, C.",2025,Revealing the impact of urban land use patterns on land surface temperature through graph attention networks,Scopus,,,,N,N,녹지형태구성 아님,도시와 지표온도는 해당하나 연구 초점이 녹지 형태나 구성 변수가 아니라 토지이용 전반과 필지 간 상호작용 분석임,배제
114,10.1016/j.scs.2025.106337,"Ramsay, E.E.|Wang, Y.|Masoudi, M.|Chai, M.W.|Yin, T.|Hamel, P.",2025,Assessing a decision-support tool to estimate the cooling potential and economic savings from urban vegetation in Singapore,Scopus,,,,N,Y,N/A,N/A,진행
115,10.1016/j.scs.2025.106352,"Xu, J.|Jin, Y.|Ling, Y.|Sun, Y.|Wang, Y.",2025,Exploring the seasonal impacts of morphological spatial pattern of green spaces on the urban heat island,Scopus,,,,N,Y,N/A,N/A,진행
116,10.1016/j.ufug.2025.128794,"Silveira, C.|Pistón, N.|Martinez-Lopez, J.|Alcaraz-Segura, D.|Postma, T.|López-Torralbo, J.M.|Zamora, R.",2025,"Identifying priority heat-risk areas in Granada, Spain, using InVEST and landscape metrics",Scopus,,,,N,Y,N/A,N/A,진행
117,10.1016/j.eti.2025.104164,"Thi Hang, H.|Alshayeb, M.J.",2025,Technological innovations in urbanization and land surface temperature analysis: A remote sensing and machine learning case study of Delhi,Scopus,,,,N,N,녹지형태변수아님,도시를 대상으로 LST/UHI를 분석하지만 주요 설명변수는 LULC와 도시화 분절도 지표(LPI·LSI·FD 등)이며 녹지의 형태·구성 변수를 중심으로 다루지 않아 제외합니다.,배제
118,10.1016/j.ufug.2025.128785,"Li, R.|Bai, Z.|Ye, C.|Ablameyko, S.|Ye, S.",2025,Urban green space vegetation height modeling and intelligent classification based on UAV multi-spectral and oblique high-resolution images,Scopus,,,,N,N,열환경지표없음,도시 지역의 녹지 분류·수고 추정에 초점이며 성능지표(정확도·MAE)만 보고하고 지표온도·열섬강도·열쾌적성 등 도시 온열환경 지표를 결과변수로 다루지 않아 제외함.,배제
119,10.1016/j.jag.2025.104482,"Mekhloufi, N.|Aquilino, M.|Baziz, A.|Richiardi, C.|Adamo, M.",2025,Free satellite data and open-source tools for urban green spaces and temperature pattern analysis in Algiers,Scopus,,,,N,Y,N/A,N/A,진행
120,10.1016/j.buildenv.2025.112768,"Dong, X.|Feng, X.|He, B.-J.",2025,Dual potential of Garden Rooftop Farms for heat island mitigation and spatial productivity,Scopus,,,,N,Y,N/A,N/A,진행
121,10.1016/j.enbuild.2025.115470,"Rashtian, Z.|Tabatabaei Manesh, M.|Tahsildoost, M.|Zomorodian, Z.S.",2025,Data-driven real-time visualization of urban heat islands using mean radiant temperature for urban design,Scopus,,,,N,Y,N/A,N/A,진행
122,10.1016/j.scs.2025.106302,"Deng, Y.|Kong, X.|Zhou, H.",2025,Field measurement and CFD simulation study on UHI in high-density blocks of Shanghai based on street canyons,Scopus,,,,N,N,녹지구성 변수 비중심,도시 블록의 UHI를 측정 및 시뮬레이션하였으나 주요 독립변수는 일사 풍속 풍향 및 가로협곡 특성이며 녹지 형태나 구성 변수를 체계적으로 다루지 않아 포함 기준에 부합하지 않음,배제
123,10.1016/j.cities.2025.105765,"Sheng, Q.|Ji, Y.|Jia, C.|Jiang, L.|Li, C.|Huang, Z.|Ma, C.|Zhang, X.|Chen, H.|Wang, T.|Zhu, Y.|Zhu, Z.",2025,Differential effects of cooling and humidification in urban green spaces and thresholds of vegetation community structure parameters: A case study of the Yangtze River Delta region,Scopus,,,,N,Y,N/A,N/A,진행
124,10.18280/ijsdp.200425,"Hasyim, A.W.|Anggraini, I.A.|Usman, F.|Isdianto, A.",2025,Evaluating Urban Heat Island Effects in Malang City Parks Using UAV and OBIA Technologies,Scopus,,,,N,Y,N/A,N/A,진행
125,10.3390/land14040663,"Şahin, M.T.|Hadimli, H.|Çakır, Ç.|Yasak, Ü.|Genişyürek, F.",2025,"The Role of Urban Landscape on Land Surface Temperature: The Case of Muratpaşa, Antalya",Scopus,,,,N,Y,N/A,N/A,진행
126,10.3390/land14040771,"Feng, Y.|Wu, G.|Ge, S.|Feng, F.|Li, P.",2025,Identification of Key Drivers of Land Surface Temperature Within the Local Climate Zone Framework,Scopus,,,,N,Y,N/A,N/A,진행
127,10.3390/su17083655,"Tian, H.|Chen, S.|Zhang, G.|Hu, C.|Zhang, W.|Feng, J.|Hong, T.|Yu, H.",2025,Research on Microclimate Influencing Factors and Thermal Comfort Improvement Strategies in Old Residential Areas in the Post-Urbanization Stage,Scopus,,,,N,Y,N/A,N/A,진행
128,10.3390/su17073026,"Xi, H.|Li, Y.|Hou, W.",2025,Impact of Environmental Factors on Summer Thermal Comfort of Ribbon Waterfront Park in Hot Summer and Cold Winter Regions: A Case Study of Hefei,Scopus,,,,N,Y,N/A,N/A,진행
129,10.3390/buildings15071170,"Hong, T.|Huang, X.|Lv, Q.|Zhao, S.|Wang, Z.|Yang, Y.",2025,Thermal Mitigation in Coastal Cities: Marine and Urban Morphology Effects on Land Surface Temperature in Xiamen,Scopus,,,,N,Y,N/A,N/A,진행
130,10.1016/j.ecolind.2025.113390,"Zhang, J.|Hong, S.|Chen, B.|Wu, S.",2025,"Multiscale synergistic effects of urban green space morphology on heat-pollution: A case study of Guangdong-Hong Kong-Macao Greater Bay Area, China",Scopus,,,,N,Y,N/A,N/A,진행
131,10.3390/su17052275,"Wang, Y.|Ren, Y.",2025,Cooling Efficiency of Urban Green Spaces Across Functional Zones: Mitigating Heat Island Effects Through Spatial Configuration,Scopus,,,,N,Y,N/A,N/A,진행
132,10.1016/j.uclim.2025.102367,"Sun, X.|Fang, P.|Huang, S.|Liang, Y.|Zhang, J.|Wang, J.",2025,Impact of urban green space morphology and vegetation composition on seasonal land surface temperature: a case study of Beijing's urban core,Scopus,,,,N,Y,N/A,N/A,진행
133,10.1016/j.ecolind.2025.113288,"Zhang, L.|Bagan, H.|Chen, C.|Yoshida, T.",2025,Exploring the impact of urban morphology on river cooling effects: A case study of the Arakawa river in Tokyo,Scopus,,,,N,Y,N/A,N/A,진행
134,10.1016/j.scs.2025.106204,"Liu, Z.|Zhang, S.",2025,Exploring the relationship between urban green development and heat island effect within the Yangtze River Delta Urban Agglomeration,Scopus,,,,N,N,녹지형태변수아님,도시 대상이며 UHIE를 다루지만 독립변수가 공원·식생의 형태/구성 지표가 아닌 ‘녹색발전(정책·생산·생활 등)’ 복합지표이므로 “녹지 형태/구성 변수” 기준에 부합하지 않음.,배제
135,10.1016/j.scs.2025.106215,"Raj, S.|Yerim, L.|Yun, G.Y.|Santamouris, M.",2025,Contrasting urban heat disparities across income levels in Seoul and London,Scopus,,,,N,Y,N/A,N/A,진행
136,10.1016/j.jenvman.2025.124446,"Lopes, H.S.|Vidal, D.G.|Cherif, N.|Silva, L.|Remoaldo, P.C.",2025,"Green infrastructure and its influence on urban heat island, heat risk, and air pollution: A case study of Porto (Portugal)",Scopus,,,,N,Y,N/A,N/A,진행
137,10.1016/j.buildenv.2025.112622,"Chen, J.|Shi, X.|Shi, Y.|Delina, L.L.",2025,Assessing heat vulnerability risk of Jinan and Guangzhou's older populations based on multisource remote sensing data,Scopus,,,,N,N,"""결과변수-열취약성","주제-취약성평가, NDVI보조"",""도시지역을 대상으로 하나 핵심 주제는 노인 열취약성 평가이며, 녹지 형태/구성은 보조 변수로만 활용되고 결과변수도 지표온도·열섬·열쾌적성이 아닌 취약성 지수이므로 제외""",배제
138,10.1016/j.rineng.2024.103660,"Ghasaban, M.|Mirjalili, P.|Yeganeh, M.",2025,Integration of building envelope with open spaces and greenery to enhance thermal and visual comfort and energy efficiency in office buildings,Scopus,,,,N,N,건물단위·실내지표·도시스케일아님,도시지역 대상이 아니라 단일 사무용 건물의 내부 개방공간·녹지 배치와 옥상녹화가 PMV 글레어 에너지에 미치는 영향을 평가함 도시 열환경 지표나 도시 스케일 분석을 다루지 않아 제외,배제
139,10.1177/09754253251331938,"Ekanayaka, N.|Kankanamge, N.|Kangana, N.|Goonetilleke, A.",2025,"The Impact of Urban Ventilation Corridors on Land Surface Temperature: A Temporal Multisource Spatial Analysis of Colombo, Sri Lanka",Scopus,,,,N,N,녹지 변수 아님,도시 지역과 LST를 다루지만 주요 노출은 통풍회랑과 건축 형태/밀도이며 녹지 형태·구성 변수를 정량적으로 다루지 않아 포함 기준(녹지 변수) 미충족,배제
140,10.3390/land14030620,"Cotlier, G.I.|Jiménez, J.C.|Sobrino, J.A.",2025,Turbulence Theory for the Characterization of the Surface Urban Heat Island Signature,Scopus,,,,N,N,녹지변수아님,도시를 대상으로 LST와 SUHI 스펙트럼을 분석하지만 연구 주제가 녹지 형태 또는 구성 변수가 아니며 2차원 난류 이론 검증에 초점임. 녹지 관련 내용은 제안 수준일 뿐 분석 변수 아님,배제
141,10.3390/land14030645,"Zeng, W.|Yang, K.|Zhang, S.|Bi, C.|Liu, J.|Yang, X.|Rao, Y.|Ma, Y.",2025,Configuration of Green–Blue–Grey Spaces for Efficient Cooling of Urban Physical and Perceptual Thermal Environments,Scopus,,,,N,Y,N/A,N/A,진행
142,10.69554/MABH2135,"Sethupathy, D.|Sarathchandran, R.|Rana, D.P.",2025,Exploring the efficiency of indirect green façades with native plants to lower rising façade temperatures: A way to improve urban living in tropical regions,Scopus,,,,N,Y,N/A,N/A,진행
143,10.1016/j.scs.2025.106170,"Mosca, F.|Calbi, M.|Roccotiello, E.|Perini, K.",2025,A computational approach to assess the effects of ecological building envelopes on outdoor thermal comfort,Scopus,,,,N,Y,N/A,N/A,진행
144,10.1016/j.scs.2025.106173,"Zhong, Q.|Li, Z.|Zhu, J.|Yuan, C.",2025,Revealing multiscale and nonlinear effects of urban green spaces on heat islands in high-density cities: Insights from MSPA and machine learning,Scopus,,,,N,Y,N/A,N/A,진행
145,10.1016/j.buildenv.2024.112511,"Wei, S.|He, Z.|Zhai, W.|Zhao, C.|Li, Y.",2025,How does vegetation influence surface temperature across various road types and urban morphology types?,Scopus,,,,N,Y,N/A,N/A,진행
146,10.52939/ijg.v21i2.3945,"Hadini, L.O.|Alfat, S.|Zulfikar, n.|Uslinawaty, Z.|Mokui, H.T.|Aris, A.",2025,"Spatio-Temporal Characteristics of UHI in Coastal Urban Area and its Impact on Land Unit: A Case Study in the Southeast Sulawesi Province, Indonesia",Scopus,,,,N,Y,N/A,N/A,진행
147,10.3390/land14020284,"Koutsanitis, S.|Sinou, M.|Kanetaki, Z.|Tousi, E.|Varelidis, G.",2025,Thermal Performance Investigation in Historical Urban Neighborhoods Using ENVI-Met Simulation Software,Scopus,,,,N,Y,N/A,N/A,진행
148,10.3390/buildings15040573,"Tang, L.|Zhan, Q.|Liu, H.|Fan, Y.",2025,Impact of Internal and External Landscape Patterns on Urban Greenspace Cooling Effects: Analysis from Maximum and Accumulative Perspectives,Scopus,,,,N,Y,N/A,N/A,진행
149,10.3390/atmos16020146,"Negi, A.|Emmanuel, R.|Aarrevaara, E.",2025,"Planning for a Warmer Future: Heat Risk Assessment and Mitigation in Lahti, Finland",Scopus,,,,N,Y,N/A,N/A,진행
150,10.3390/su17031026,"Ni, Y.|Lin, L.|Xia, H.|Wang, X.",2025,Urban Street Greening and Resident Comfort: An Integrated Approach Based on High-Precision Shadow Distribution and Facade Visual Assessment,Scopus,,,,N,Y,N/A,N/A,진행
151,10.1016/j.uclim.2025.102328,"Li, M.|Wang, C.|Wu, Y.|Santamouris, M.|Lu, S.",2025,Assessing spatial inequities of thermal environment and blue-green intervention for vulnerable populations in dense urban areas,Scopus,,,,N,Y,N/A,N/A,진행
152,10.1016/j.uclim.2025.102311,"Giraldo-Charria, D.L.|Escobedo, F.J.|Clerici, N.|Quesada, B.",2025,Urban forests mitigate extreme heat exposure in a vulnerable tropical city,Scopus,,,,N,Y,N/A,N/A,진행
153,10.1007/s10661-024-13559-1,"Sattar, T.|Mirza, N.F.|Javed, M.A.|Nasar-U-Minallah, M.|Malik, S.",2025,Changing pattern of urban landscape and its impact on thermal environment of Lahore; Implications for climate change and sustainable development,Scopus,,,,N,Y,N/A,N/A,진행
154,10.1016/j.jenvman.2024.123975,"Zhang, Y.|Ge, J.|Bai, X.|Wang, S.",2025,Blue-Green space seasonal influence on land surface temperatures across different urban functional zones: Integrating Random Forest and geographically weighted regression,Scopus,,,,N,Y,N/A,N/A,진행
155,10.1016/j.ufug.2024.128655,"Gu, X.|Lai, Z.|Zhu, L.|Liu, X.",2025,Urban greenery distribution and its heat mitigation effect on outdoor jogging activities,Scopus,,,,N,N,결과변수 비일치 조깅활동,도시 녹지와 냉각효과를 산출하지만 주된 분석의 결과변수는 조깅 활동성으로 도시 온열환경 지표가 결과변수가 아님,배제
156,10.1016/j.ufug.2024.128629,"Ahn, J.|Kim, J.|Kang, J.",2025,Development of an artificial intelligence model for CFD data augmentation and improvement of thermal environment in urban areas using nature-based solutions,Scopus,,,,N,Y,N/A,N/A,진행
157,10.1016/j.scs.2024.106087,"Zhang, Y.|Ge, J.|Wang, S.|Dong, C.",2025,Optimizing urban green space configurations for enhanced heat island mitigation: A geographically weighted machine learning approach,Scopus,,,,N,Y,N/A,N/A,진행
158,10.1016/j.envpol.2024.125424,"Zhang, Y.|Zhang, J.|Chen, W.|Liang, S.|Yi, K.|Liu, S.",2025,Synergistic effects of carbon and heat under disturbance of human activities: Evidence from a resource-based city of China,Scopus,,,,N,N,녹지변수부재,도시를 대상으로 LST 등 온열지표를 분석하지만 주된 독립변수는 탄소배출이며 녹지의 형태·구성/면적 등 녹지 변수는 분석에 포함되지 않고 정책 제언에서만 언급됨.,배제
159,10.1016/j.ufug.2024.128623,"Zhou, L.|Li, X.|Huang, Z.|Tan, C.|Huang, H.|Du, H.",2025,Enhanced interpretation of green space surface for land surface temperature through a novel voxel-based landscape index from UAV LiDAR,Scopus,,,,N,Y,N/A,N/A,진행
160,10.3846/jeelm.2025.22956,"Zhang, N.|Ding, Q.|Wang, H.",2025,INVESTIGATING THE INFLUENCE OF URBAN GREEN SPACES ON URBAN HEAT ISLAND MITIGATION – TAKING FOUR DISTRICTS IN SHIJIAZHUANG AS AN EXAMPLE,Scopus,,,,N,Y,N/A,N/A,진행
161,10.1590/0102-77864010034b,"Daminello, S.J.|Ribeiro, F.N.D.",2025,Impact of the Total Area and Spatial Distribution of Green Infrastructure on the Canopy Urban Heat Island at the Metropolitan Region of São Paulo A Numerical Study,Scopus,,,,N,Y,N/A,N/A,진행
162,10.1080/13504509.2025.2460009,"Liu, C.|Wu, W.|Ouyang, J.|Yan, J.|Tang, L.",2025,Urban green spaces as regulators of thermal comfort for different age groups in the context of heat waves,Scopus,,,,N,Y,N/A,N/A,진행
163,10.3390/environments12010011,"Mokhtari, Z.|Russo, A.|Lafortezza, R.",2025,"How Do Vegetation Biomass, Area, and Shape Attributes Influence the Cooling Effect of Urban Green Spaces?",Scopus,,,,N,Y,N/A,N/A,진행
164,10.3390/land14010194,"Proutsos, N.D.|Solomou, A.D.|Stefanidis, S.P.|Tsiros, I.X.",2025,Reflectance and Thermal Micrometeorological Characteristics of an Urban Green Space in the Mediterranean During July’s 2023 Heatwave,Scopus,,,,N,Y,N/A,N/A,진행
165,10.3390/land14010097,"Pastore, M.C.|Parenti, C.I.M.|Patetta, C.",2025,Measuring Accessibility of Green Spaces for the Health and Wellbeing of Inhabitants of the Milan Metropolitan Area,Scopus,,,,N,N,온열지표 미측정/접근성 연구,도시지역과 녹지 구성은 다루나 결과변수가 UGS 보행 접근성과 건강 복지로 도시 온열환경 지표를 측정하지 않아 제외,배제
166,10.3390/su17010241,"Wang, Y.|Ren, Y.|Zheng, X.|Wu, Z.",2025,The Impact of Building and Green Space Combination on Urban Thermal Environment Based on Three-Dimensional Landscape Index,Scopus,,,,N,Y,N/A,N/A,진행
167,10.3390/su17010011,"Foşalãu, C.-M.|Roșu, L.|Iaţu, C.|Dinter, O.-V.|Cristodulo, P.-M.",2025,"Mapping Urban Changes Through the Spatio-Temporal Analysis of Vegetation and Built-Up Areas in Iași, Romania",Scopus,,,,N,Y,N/A,N/A,진행
168,10.1016/j.ecolind.2024.113059,"Luo, J.|Zhu, L.|Fu, H.",2025,A new framework for mitigating urban heat island effect from the perspective of network,Scopus,,,,N,Y,N/A,N/A,진행
169,10.1080/13549839.2024.2434757,"Kanosvamhira, T.P.|Shade, M.D.",2025,"Urban agriculture for environmentally just cities: the case of urban community gardens in Cape Town, South Africa",Scopus,,,,N,Y,N/A,N/A,진행
170,N/A,"Ramamurthy, A.|Jain, D.|Chundeli, F.A.",2025,"The Spatio-Temporal Dynamics of Green Spaces and their impact on the Urban Environment of Bhopal Region, Madhya Pradesh, India",Scopus,,,,N,Y,N/A,N/A,진행
171,10.1016/j.buildenv.2024.112190,"Guan, S.|Hu, H.",2025,Exploring the potential relationship between cooling green space and built-up area: Analysis of community green space characteristics based on GWPCA,Scopus,,,,N,N,열환경지표부재,도시와 녹지 패턴을 다루지만 결과변수로 지표면온도나 열섬강도 같은 온열환경 지표를 사용하지 않음. GWPCA로 UGSP와 개발강도 및 토지기능다양성의 정합만 평가함.,배제
172,10.1080/15481603.2025.2572174,"Wang, X.|Zhou, L.|Song, Y.|López-Carr, D.|Wang, S.|Chen, H.|Gao, H.|Lyu, R.|Sun, Q.|Guo, Z.|Wei, W.",2025,Beyond flat cities: dramatic 2D/3D differences in urban gray–green space configurations and the nonlinear thermal regulation mechanisms,Scopus,,,,N,Y,N/A,N/A,진행
173,10.1080/10106049.2025.2564188,"Genovese, P.V.|Xia, R.|Wan, Y.|Kassa, A.M.|Aregawi, T.|Li, Z.|Yan, X.|Weng, J.|Pan, L.",2025,"Spatial heterogeneity in the nexus of blue-green infrastructure, urban heat, and population distribution within Hangzhou",Scopus,,,,N,Y,N/A,N/A,진행
174,10.1080/17445647.2025.2537687,"Květoňová, V.|Pánek, J.|Koníček, J.|Lehnert, M.",2025,"Wintertime thermal perception in a central European city: the case of Olomouc, Czechia",Scopus,,,,N,Y,N/A,N/A,진행
175,10.1109/JSTARS.2025.3593925,"Xia, W.|Tariq, A.|El-Askary, H.|Aslam, R.W.|Barboza, E.|Kucher, D.E.|Youssef, Y.M.|Kraiem, H.",2025,Tackling Data Quality Challenges in Remote Sensing: Solutions for Reliable Urban Heat Island Analysis,Scopus,,,,N,Y,N/A,N/A,진행
176,10.26471/cjees/2025/020/338,"Rahimi, A.|Iojă, C.I.|Khoramrou, S.|Nobar, Z.",2025,MODELLING NATURE-BASED SOLUTIONS IN DENSELY BUILT-UP AREAS,Scopus,,,,N,Y,N/A,N/A,진행
177,10.5334/bc.598,"Lopez-Ordoñez, C.|Garcia-Nevado, E.|Coch Roura, H.|Morganti, M.",2025,Heat stress in social housing districts: tree cover–built form interaction,Scopus,,,,N,Y,N/A,N/A,진행
178,10.14246/irspsd.13.3_138,"Verma, M.C.|Kamat, R.",2025,Assessing Urban Green Space Distribution in Bhopal: An Integrated Neighbourhood Green Index Approach,Scopus,,,,N,Y,N/A,N/A,진행
179,10.21595/jme.2024.24615,"Chen, T.-Y.|Huang, C.-S.|Sung, W.-P.",2025,"Improving summer outdoor comfort in metropolitan park: a data-driven approach using AI, experimental and design analysis",Scopus,,,,N,Y,N/A,N/A,진행
180,10.22059/JES.2025.385006.1008547,"Sadat, M.|Zoghi, M.|Salehi, E.",2025,Construction of Urban Heat Island Network Based on Morphological Network Analysis and Graph Theory,Scopus,,,,N,N,녹지형태 변수 부재,도시(테헤란) 대상이고 열환경 지표(LST/열섬 네트워크)는 있으나 녹지·블루그린 공간의 형태·구성 변수를 분석하지 않고 열섬 코어·연결성/회랑만 평가하여 포함 기준에 부합하지 않음.,배제
181,10.14627/537754018,"Huang, K.|Chen, Y.",2025,Research on the Optimization of Urban Waterfront Green Space Layout Based on Thermal Comfort: A Case Study of the Qinhuai River,Scopus,,,,N,Y,N/A,N/A,진행
182,10.14246/irspsd.13.2_219,"Aini, N.|Wikantiyoso, R.|Cahyani, S.D.|Tutuko, P.|Wulandari, C.D.",2025,Monitoring urban microclimates using Computational Fluid Dynamics (CFD) simulations: Assesing the effectiveness of Green Open Space (GOS) in air temperature distribution,Scopus,,,,N,Y,N/A,N/A,진행
183,10.1109/JSTARS.2025.3541406,"Kazemi, A.|Cirella, G.T.|Hedayatiaghmashhadi, A.|Gili, M.",2025,Temporal-Spatial Distribution of Surface Urban Heat Island and Urban Pollution Island in an Industrial City: Seasonal Analysis,Scopus,,,,N,N,녹지구성변수부재,도시와 열섬을 다루지만 연구 초점은 오염과 UHI 상호작용 및 산업과 도로 등 토지이용 비교이며 녹지의 형태나 배치 같은 구성 변수를 체계적으로 분석하지 않아 스코프와 불일치,배제
184,10.1016/j.scs.2024.105974,"Xu, Z.|Rui, J.",2024,The mitigating effect of green Space's spatial and temporal patterns on the urban heat island in the context of urban densification: A case study of Xi'an,Scopus,,,,N,Y,N/A,N/A,진행
185,10.1016/j.scitotenv.2024.176770,"Islam, A.|Pattnaik, N.|Moula, M.M.|Rötzer, T.|Pauleit, S.|Rahman, M.A.",2024,Impact of urban green spaces on air quality: A study of PM10 reduction across diverse climates,Scopus,,,,N,N,결과변수-열환경아님,도시에서 녹지 비율과 기후 변수의 영향이 PM10 농도 및 침착에 미치는 공기질 연구임. 결과변수가 도시 온열환경 지표가 아니므로 제외함. LST 등은 설명변수일 뿐임,배제
186,10.5614/jpwk.2024.35.3.4,"Michelle, B.|Satwiko, P.",2024,Striking a Balance Between Nature and Development: Investigating Private Green Spaces using ENVI-met,Scopus,,,,N,Y,N/A,N/A,진행
187,10.3390/f15122115,"Kong, R.|Chu, Y.|Hu, Y.|Zhang, H.|Wang, Q.|Li, C.",2024,Diurnal Variation Reveals the Characteristics and Influencing Factors of Cool Island Effects in Urban Blue-Green Spaces,Scopus,,,,N,Y,N/A,N/A,진행
188,10.1016/j.ecolind.2024.112842,"Guo, N.|Liang, X.",2024,"Robustness assessment of urban cold island network based on green infrastructure–A case study of Bengbu, China",Scopus,,,,N,Y,N/A,N/A,진행
189,10.1016/j.scs.2024.105893,"Kafy, A.A.|Crews-Meyer, K.A.|Thompson, A.E.",2024,Exploring the cooling potential of green roofs for mitigating diurnal heat island intensity by utilizing Lidar and Artificial Neural Network,Scopus,,,,N,Y,N/A,N/A,진행
190,10.1016/j.geomat.2024.100020,"Adnan, M.S.G.|Kabir, I.|Hossain, M.A.|Chakma, S.|Tasneem, S.N.|Saha, C.R.|Hassan, Q.K.|Dewan, A.",2024,Heatwave vulnerability of large metropolitans in Bangladesh: An evaluation,Scopus,,,,N,N,녹지구성변수부재-HVI평가중심,도시 대상이며 LST는 사용하나 연구 초점이 열취약성지수 HVI 평가로 녹지 형태·구성 변수와 도시 온열지표의 정량적 관계 분석이 없음 또한 녹청 인프라 언급은 제언 수준임,배제
191,10.1007/s11676-024-01772-0,"Shen, X.|Chen, M.|Li, X.|Gao, S.|Yang, Q.|Wen, Y.|Sun, Q.",2024,Advancing climate resilience through a geo-design framework: strengthening urban and community forestry for sustainable environmental design,Scopus,,,,N,Y,N/A,N/A,진행
192,10.1007/s41651-024-00189-x,"Golestani, Z.|Borna, R.|Khaliji, M.A.|Mohammadi, H.|Ghalehteimouri, K.|Asadian, F.",2024,"Impact of Urban Expansion on the Formation of Urban Heat Islands in Isfahan, Iran: A Satellite Base Analysis (1990–2019)",Scopus,,,,N,Y,N/A,N/A,진행
193,10.1016/j.scs.2024.105874,"Fang, H.|Guo, S.|Yang, C.|Yuan, B.|Li, C.|Pan, X.|Tang, P.|Du, P.",2024,"Influence of urban functional zone change on land surface temperature using multi-source geospatial data: A case study in Nanjing City, China",Scopus,,,,N,Y,N/A,N/A,진행
194,10.1016/j.scs.2024.105819,"Liu, Y.|Chen, H.|Wu, J.|Wang, Y.|Ni, Z.|Chen, S.",2024,Impact of urban spatial dynamics and blue-green infrastructure on urban heat islands: A case study of Guangzhou using Local Climate Zones and predictive modeling,Scopus,,,,N,Y,N/A,N/A,진행
195,10.1016/j.scitotenv.2024.175662,"Lu, Z.|Li, J.",2024,Annual cyclical variations of urban green space cold island(GSCI) effect by combining remote sensing inversion and ENVI-met simulation,Scopus,,,,N,Y,N/A,N/A,진행
196,10.17721/1728-2713.106.13,"Zatserkovnyi, V.|de Donatis, M.|Plichko, L.|Sakhniuk, S.|Odarchuk, N.|Mironchuk, T.",2024,USING REMOTE SENSING TECHNOLOGIES FOR MONITORING URBAN HEAT ISLANDS,Scopus,,,,N,Y,N/A,N/A,진행
197,10.3390/su16229938,"Fu, M.|Ban, K.|Jin, L.|Wu, D.",2024,"How Urban Street Spatial Composition Affects Land Surface Temperature in Areas with Different Population Densities: A Case Study of Zhengzhou, China",Scopus,,,,N,Y,N/A,N/A,진행
198,10.3390/su16229801,"Akarsu Varşak, N.|Ender Altay, E.",2024,Thermal Comfort and Green Spaces: The Role of Temperature-Regulating Elements in Neighborhood Parks,Scopus,,,,N,Y,N/A,N/A,진행
199,10.1007/s12665-024-11898-3,"Sangwan, A.|Ananad, V.|Kumar, N.|Kumar, A.|Kumar Jat, M.K.|Ahmed, R.",2024,"Development of site suitability framework for urban greenspace: a case study of Sikar city, Rajasthan, India",Scopus,,,,N,N,열환경지표 없음; 입지적합성 연구,도시지역과 녹지 주제는 부합하나 열섬·지표온도·보행자 열쾌적성 등 도시 온열환경 지표를 결과로 분석하지 않고 GIS-AHP로 녹지 입지 적합성만 평가함,배제
200,10.1016/j.uclim.2024.102187,"Salan, M.S.A.|Bhuiyan, M.A.H.",2024,"Estimating impacts of micro-scale land use/land cover change on urban thermal comfort zone in Rajshahi, Bangladesh: A GIS and remote sensing based approach",Scopus,,,,N,Y,N/A,N/A,진행
201,10.1016/j.ufug.2024.128532,"Lloyd, G.R.|Ossola, A.|Burley, H.M.|Evans, K.L.",2024,Climate change threatens carbon storage in Europe's urban trees,Scopus,,,,N,N,결과변수 비열환경(탄소저장 위험),도시지역과 녹지를 다루지만 결과는 도시 열환경 지표가 아니라 기후변화에 따른 탄소저장 위험 평가로 범위 밖,배제
202,10.1002/ecy.4449,"Youngsteadt, E.|Prado, S.G.|Duran Aquino, A.K.|Peña, J.|Gonzales-Ojeda, T.|Garate-Quispe, J.S.",2024,Urbanization drives partner switching and loss of mutualism in an ant–plant symbiosis,Scopus,,,,N,N,주제불일치-열환경지표아님,도시와 산림 비교이지만 연구 초점은 개미-식물 상호작용 변화임 녹지 형태나 구성 변수는 다루지 않음 결과변수도 개미 군집 방어행동 가해율이며 도시 열환경 지표는 보조 설명 변수에 불과함,배제
203,10.1016/j.ufug.2024.128527,"Yazdi, H.|Moser-Reischl, A.|Rötzer, T.|Petzold, F.|Ludwig, F.",2024,Machine learning-based prediction of tree crown development in competitive urban environments,Scopus,,,,N,N,열환경지표아님,도시지역과 녹지형태(수관기하) 연구이지만 결과변수가 수관높이·반경 등으로 열환경 지표(지표온도·열섬강도·열쾌적성)를 다루지 않음,배제
204,10.1016/j.ufug.2024.128511,"Sun, L.|Xie, C.|Qin, Y.|Zhou, R.|Wu, H.|Che, S.",2024,Study on temperature regulation function of green spaces at community scale in high-density urban areas and planning design strategies,Scopus,,,,N,Y,N/A,N/A,진행
205,10.1016/j.scs.2024.105729,"Shartova, N.|Mironova, E.|Varentsov, M.|Grischenko, M.|Konstantinov, P.",2024,Exploring intra-urban thermal stress vulnerability within 15-minute city concept: Example of heat waves 2021 in Moscow,Scopus,,,,N,Y,N/A,N/A,진행
206,10.1016/j.scitotenv.2024.174927,"Elmarakby, E.|Elkadi, H.",2024,Prioritising urban heat island mitigation interventions: Mapping a heat risk index,Scopus,,,,N,Y,N/A,N/A,진행
207,10.1016/j.scs.2024.105716,"Li, S.|Zhu, Y.|Wan, H.|Xiao, Q.|Teng, M.|Xu, W.|Qiu, X.|Wu, X.|Wu, C.",2024,Effectiveness of potential strategies to mitigate surface urban heat island: A comprehensive investigation using high-resolution thermal observations from an unmanned aerial vehicle,Scopus,,,,N,Y,N/A,N/A,진행
208,10.1016/j.scs.2024.105659,"Cui, P.|Xv, D.|Tang, J.|Lu, J.|Wu, Y.",2024,"Assessing the effects of urban green spaces metrics and spatial structure on LST and carbon sinks in Harbin, a cold region city in China",Scopus,,,,N,Y,N/A,N/A,진행
209,10.1016/j.scs.2024.105666,"Islam, M.R.|Shahfahad, u.|Talukdar, S.|Rihan, M.|Rahman, A.",2024,Evaluating cooling effect of blue-green infrastructure on urban thermal environment in a metropolitan city: Using geospatial and machine learning techniques,Scopus,,,,N,Y,N/A,N/A,진행
210,10.3390/f15101778,"Xu, J.|Yu, Y.|Zhou, W.|Yu, W.|Wu, T.",2024,Effects of the Spatial Pattern of Forest Vegetation on Urban Cooling in Large Metropolitan Areas of China: A Multi-Scale Perspective,Scopus,,,,N,Y,N/A,N/A,진행
211,10.3390/land13101715,"Sun, F.|Zhang, J.|Takeda, S.|Cui, J.|Yang, R.",2024,Vertical Plant Configuration: Its Impact on Microclimate and Thermal Comfort in Urban Small Green Spaces,Scopus,,,,N,Y,N/A,N/A,진행
212,10.3390/land13101685,"Pohanková, T.|Pechanec, V.",2024,Assessing the Cooling Potential of Vegetation in a Central European Rural Landscape: A Local Study,Scopus,,,,N,N,농촌대상/비도시/CCI-도시열지표아님,연구대상이 농촌 경관으로 도시지역 아님이며 결과변수는 CCI로 LST·UHI 등 도시 온열지표가 아님 주제도 녹지 기능지수 평가 중심으로 형태·구성 변수 연구와 거리가 있음,배제
213,10.3390/buildings14103036,"Zhang, C.|Li, W.|Fan, Q.|Hu, J.|Wang, D.|Ping, X.|Li, W.",2024,The Influence of Vegetation Environment on Thermal Experience in Hot Summer: A Case Study from Perspectives of Fitting Scale and Gender Disparity,Scopus,,,,N,Y,N/A,N/A,진행
214,10.3390/buildings14103187,"Xia, Y.|Wang, Q.|Ren, L.|Wang, H.",2024,Exploring Urban Heat Distribution via Intra- and Extra-Block Morphologies with Integrated Stacked Models,Scopus,,,,N,Y,N/A,N/A,진행
215,10.3390/rs16193609,"Wang, W.|Li, X.|Li, C.|Gan, D.",2024,"Opposing Impacts of Greenspace Fragmentation on Land Surface Temperature in Urban and Surrounding Rural Areas: A Case Study in Changsha, China",Scopus,,,,N,Y,N/A,N/A,진행
216,10.1016/j.ufug.2024.128488,"Arzberger, S.|Egerer, M.|Suda, M.|Annighöfer, P.",2024,Thermal regulation potential of urban green spaces in a changing climate: Winter insights,Scopus,,,,N,Y,N/A,N/A,진행
217,10.1016/j.pce.2024.103666,"Wang, J.|Yang, Y.|Zu, J.|Cai, W.|Yang, J.",2024,Investigating the spatial interaction between urban expansion and the regional thermal environment in Guangxi Beibu Gulf urban agglomeration of China,Scopus,,,,N,N,녹지 변수 미포함,도시권 LST와 UHI를 분석하지만 주된 설명변수는 도시 확장과 개발지 변화임. 녹지 형태나 구성 변수 분석이 없어 포함 기준에 부합하지 않음.,배제
218,10.1016/j.asr.2024.06.031,"Bala, R.|Yadav, V.|Nagesh Kumar, D.|Prasad, R.",2024,Exploring the relationship of land surface parameters and air pollutants with land surface temperature in different cities using satellite data,Scopus,,,,N,Y,N/A,N/A,진행
219,10.1016/j.scs.2024.105589,"Silveira, C.|Dias, A.T.C.|Amaral, F.G.|De Gois, G.|Pistón, N.",2024,The importance of private gardens and their spatial composition and configuration to urban heat island mitigation,Scopus,,,,N,Y,N/A,N/A,진행
220,10.1177/23998083241227500,"Li, W.|Schmidt, S.",2024,Can spatial patterns mitigate the urban heat island effect? Evidence from German metropolitan regions,Scopus,,,,N,Y,N/A,N/A,진행
221,10.3390/land13091464,"Olgun, R.|Cheng, C.|Coseo, P.",2024,Nature-Based Solutions Scenario Planning for Climate Change Adaptation in Arid and Semi-Arid Regions,Scopus,,,,N,N,도시열지표미측정,도시와 녹지 BGI 주제는 해당하지만 결과는 BGI 우선순위와 핫스폿 도출 및 취약성과 홍수와 열 위험 상관 분석 중심으로 온열환경 지표인 지표온도나 열섬강도나 보행자 열쾌적성을 직접 측정하거나 분석하지 않음,배제
222,10.3390/rs16183528,"Tai, Z.|Su, X.|Shen, W.|Wang, T.|Gu, C.|He, J.|Huang, C.",2024,"Identification of Spatial Distribution of Afforestation, Reforestation, and Deforestation and Their Impacts on Local Land Surface Temperature in Yangtze River Delta and Pearl River Delta Urban Agglomerations of China",Scopus,,,,N,Y,N/A,N/A,진행
223,10.3390/f15091525,"Li, Z.|Qi, Z.|Zheng, B.|Luo, X.",2024,The Impact of Changes in Green Space Structures on Thermal Mitigation and Costs under a Constant Green Volume,Scopus,,,,N,Y,N/A,N/A,진행
224,10.1007/s40333-024-0027-x,"Ismail, S.|Maliki, H.",2024,"Spatiotemporal landscape pattern changes and their effects on land surface temperature in greenbelt with semi-arid climate: A case study of the Erbil City, Iraq",Scopus,,,,N,Y,N/A,N/A,진행
225,10.1016/j.ijdrr.2024.104684,"Thomas, M.|Prakash, A.|Dhyani, S.|Pujari, P.R.",2024,"Governing green change to improve resilience by assessing urban risks for localizing nature based solutions in fast sprawling Dehradun, India",Scopus,,,,N,Y,N/A,N/A,진행
226,10.1016/j.ecolind.2024.112254,"Liu, J.|Wu, J.|Yang, Y.|Zhang, B.|Yin, L.",2024,Exploring the spatiotemporal impacts of urban green space patterns on the core area of urban heat island,Scopus,,,,N,Y,N/A,N/A,진행
227,10.1016/j.buildenv.2024.111782,"Zhou, Y.|Luo, Y.|Yi, X.|Lun, F.|Hu, Q.|Huang, N.|Wen, G.|Zhou, H.|Hu, X.",2024,Exploring the influence of local urban heat features on park cooling effects: Insights from Chinese cities,Scopus,,,,N,Y,N/A,N/A,진행
228,10.3390/f15081304,"Zhang, S.|Wu, Z.|Wu, Z.|Lin, S.|Hu, X.|Zheng, L.",2024,The Impact of Urban Forest Landscape on Thermal Environment Based on Deep Learning: A Case of Three Main Cities in Southeastern China,Scopus,,,,N,Y,N/A,N/A,진행
229,10.3390/land13081297,"Zhang, G.|Du, C.|Ge, S.",2024,Key Factors Affecting Carbon-Saving Intensity and Efficiency Based on the Structure of Green Space,Scopus,,,,N,N,열환경지표부재,도시지역을 대상으로 녹지 형태와 구성 변수를 분석했지만 결과변수는 탄소절감 강도와 효율로서 지표온도나 열섬강도 등 도시 온열환경 지표가 아니므로 제외,배제
230,10.3390/d16080504,"Cabon, V.|Laurent, Y.|Georges, R.|Quénol, H.|Dubreuil, V.|Bergerot, B.",2024,Microhabitat Structure Affects Ground-Dwelling Beetle Communities More than Temperature along an Urbanization Gradient,Scopus,,,,N,N,열지표아님;생태군집지표,도시 녹지에서 미세서식처와 온도 요인이 딱정벌레 군집에 미치는 영향을 분석하지만 결과변수는 종조성 풍부도 기능다양성 등 생태지표이며 도시 온열환경 지표인 지표온도 열섬강도 열쾌적성 등을 결과로 다루지 않아 제외,배제
231,10.3390/su16166886,"Guan, Z.|Zhang, H.",2024,A Quantitative Analysis of the Complex Response Relationship between Urban Green Infrastructure (UGI) Structure/Spatial Pattern and Urban Thermal Environment in Shanghai,Scopus,,,,N,Y,N/A,N/A,진행
232,10.3390/smartcities7040084,"Makvandi, M.|Li, W.|Li, Y.|Wu, H.|Khodabakhshi, Z.|Xu, X.|Yuan, P.F.",2024,"Advancing Urban Resilience Amid Rapid Urbanization: An Integrated Interdisciplinary Approach for Tomorrow’s Climate-Adaptive Smart Cities—A Case Study of Wuhan, China",Scopus,,,,N,Y,N/A,N/A,진행
233,10.1016/j.uclim.2024.102077,"Azmeer, A.|Tahir, F.|Al-Ghamdi, S.G.",2024,"Progress on green infrastructure for urban cooling: Evaluating techniques, design strategies, and benefits",Scopus,,,,N,Y,N/A,N/A,진행
234,10.1016/j.uclim.2024.102084,"Shaamala, A.|Yigitcanlar, T.|Nili, A.|Nyandega, D.",2024,Strategic tree placement for urban cooling: A novel optimisation approach for desired microclimate outcomes,Scopus,,,,N,Y,N/A,N/A,진행
235,10.3390/land13070933,"Qi, L.|Hu, Y.|Bu, R.|Li, B.|Gao, Y.|Li, C.",2024,Evaluation of the Thermal Environment Based on the Urban Neighborhood Heat/Cool Island Effect,Scopus,,,,N,Y,N/A,N/A,진행
236,10.3390/su16145893,"Meng, J.|Gao, Y.",2024,Analysis of Urban Expansion and Heat-Island Effect of Hefei Based on ENVI,Scopus,,,,N,Y,N/A,N/A,진행
237,10.3390/f15071266,"Yao, M.|Zhang, D.|Zhu, R.|Zhang, Z.|Elsadek, M.",2024,"Predicting the Integrated Fire Resistance of Wildland–Urban Interface Plant Communities by Spatial Structure Analysis Learning for Shanghai, China",Scopus,,,,N,N,열환경지표아님/결과:화재저항성,도시(WUI)와 녹지 공간구조를 다루지만 결과변수는 화재저항성 예측이며 LST·열섬강도·보행자 열쾌적성 등 온열지표를 다루지 않아 제외,배제
238,10.1016/j.uclim.2024.102045,"Feng, F.|Ren, Y.|Xu, C.|Jia, B.|Wu, S.|Lafortezza, R.",2024,Exploring the non-linear impacts of urban features on land surface temperature using explainable artificial intelligence,Scopus,,,,N,Y,N/A,N/A,진행
239,10.1016/j.uclim.2024.102006,"Shen, Y.|Kong, W.|Fei, F.|Chen, X.|Xu, Y.|Huang, C.|Yao, J.",2024,Stereoscopic urban morphology metrics enhance the nonlinear scale heterogeneity modeling of UHI with explainable AI,Scopus,,,,N,Y,N/A,N/A,진행
240,10.1007/s10661-024-12758-0,"Nasar-U-Minallah, M.|Haase, D.|Qureshi, S.",2024,"Evaluating the impact of landscape configuration, patterns and composition on land surface temperature: an urban heat island study in the Megacity Lahore, Pakistan",Scopus,,,,N,Y,N/A,N/A,진행
241,10.3390/su16125187,"Czyża, S.|Kowalczyk, A.M.",2024,Applying GIS in Blue-Green Infrastructure Design in Urban Areas for Better Life Quality and Climate Resilience,Scopus,,,,N,N,입지선정 연구 및 열환경 결과변수 아님,도시 대상이지만 연구는 BGI 적지선정에 초점이며 SUHI는 입력자료로 사용될 뿐 열환경 지표를 결과변수로 평가하거나 비교하지 않음 또한 녹지 형태나 구성 변수가 열환경에 미치는 영향 분석이 없음,배제
242,10.3390/app14114861,"Mix, C.|Hunt, N.|Stuart, W.|Hossain, A.K.M.A.|Bishop, B.W.",2024,"A Spatial Analysis of Urban Tree Canopy Using High-Resolution Land Cover Data for Chattanooga, Tennessee",Scopus,,,,N,N,결과변수-비열환경,도시 대상·녹지 변수는 맞지만 주된 결과는 UTC 분포/형평성 평가로서 도시 온열환경 지표(LST/UHI 등)가 결과변수로 다뤄지지 않음,배제
243,10.1016/j.ufug.2024.128343,"Leppänen, P.-K.|Kinnunen, A.|Hautamäki, R.|Järvi, L.|Havu, M.|Junnila, S.|Tahvonen, O.",2024,"Impact of changing urban typologies on residential vegetation and its climate-effects – A case study from Helsinki, Finland",Scopus,,,,N,Y,N/A,N/A,진행
244,10.1016/j.ufug.2024.128338,"Wang, Y.|Ouyang, W.|Zhang, J.",2024,Matching supply and demand of cooling service provided by urban green and blue space,Scopus,,,,N,Y,N/A,N/A,진행
245,10.1016/j.watres.2024.121490,"Absalan, F.|Hatam, F.|Blokker, M.|Besner, M.-C.|Prévost, M.|Bichai, F.",2024,Impact of heat islands vs. city greening: Real-time monitoring and modeling of drinking water temperature in the city of Montreal in Canada,Scopus,,,,N,N,결과변수 부적합(음용수 온도),도시지역과 녹지변수를 다루지만 주요 결과가 상수도 내 음용수 온도로 도시 온열환경 지표(지표온도·열섬강도·보행자 열쾌적성 등)가 아니어서 제외,배제
246,10.1016/j.scs.2024.105346,"Sarker, T.|Fan, P.|Messina, J.P.|Mujahid, N.|Aldrian, E.|Chen, J.",2024,Impact of Urban built-up volume on Urban environment: A Case of Jakarta,Scopus,,,,N,Y,N/A,N/A,진행
247,10.1007/s12145-024-01260-3,"Sharma, K.|Tiwari, R.|Wadhwani, A.K.|Chaturvedi, S.",2024,"Spatiotemporal analysis of land surface temperature trends in Nashik, India: A 30-year study from 1992 to 2022",Scopus,,,,N,Y,N/A,N/A,진행
248,10.1061/JUPDDM.UPENG-4890,"Chen, Y.-C.|Lo, T.-W.|Shih, W.-Y.|Lin, T.-P.|Hung, K.-A.",2024,Assessment of Urban Thermal Environments Using a Combination of the Local Climate Zone and Landscape Ecological Metrics in Taipei City,Scopus,,,,N,Y,N/A,N/A,진행
249,10.1007/s11252-023-01486-x,"De Pauw, K.|Depauw, L.|Cousins, S.A.O.|de Lombaerde, E.|Diekmann, M.|Frey, D.|Kwietniowska, K.|Lenoir, J.|Meeussen, C.|Orczewska, A.|Plue, J.|Spicher, F.|Vanneste, T.|Zellweger, F.|Verheyen, K.|Vangansbeke, P.|de Frenne, P.",2024,The urban heat island accelerates litter decomposition through microclimatic warming in temperate urban forests,Scopus,,,,N,N,"""주결과가 분해율·생태기능","온열지표 아님"",""도시 숲을 대상으로 하지만 연구의 핵심 결과변수는 낙엽 분해율이며, 토양온도 등 미기후는 매개/설명변수로 취급됨. 녹지 구성·경계와 경관 맥락을 다루나 최종 결과가 도시 온열환경 지표(예: 지표온도, 열섬강도, 열쾌적성)가 아니므로 제외""",배제
250,10.1016/j.rse.2024.114119,"Lu, L.|Guo, H.|Weng, Q.|Bartesaghi Koc, C.|Osmond, P.|Li, Q.",2024,A transferable approach to assessing green infrastructure types (GITs) and their effects on surface urban heat islands with multi-source geospatial data,Scopus,,,,N,Y,N/A,N/A,진행
251,10.3390/buildings14051206,"Xu, C.|Wang, W.|Zhù, H.",2024,Spatial Gradient Differences in the Cooling Island Effect and Influencing Factors of Urban Park Green Spaces in Beijing,Scopus,,,,N,Y,N/A,N/A,진행
252,10.3390/f15050812,"Huang, J.|Lu, X.|Wang, Y.",2024,Spatio−Temporal Changes and Key Driving Factors of Urban Green Space Configuration on Land Surface Temperature,Scopus,,,,N,Y,N/A,N/A,진행
253,10.3390/f15050878,"Zhang, M.|Wang, J.|Zhang, F.",2024,The Influence of Spatial Heterogeneity of Urban Green Space on Surface Temperature,Scopus,,,,N,Y,N/A,N/A,진행
254,10.1016/j.uclim.2024.101975,"Tan, J.|Kuang, W.|Yu, D.|Zhou, W.|Li, X.|Liu, Q.|He, L.",2024,"Investigating the cooling effects of land cover and landscape patterns surrounding rivers: Insights from the subtropical city of Changsha, China",Scopus,,,,N,Y,N/A,N/A,진행
255,10.1016/j.envint.2024.108718,"Gangwisch, M.|Matzarakis, A.",2024,Composition of factors for local heat adaptation measures at the local level in cities of the mid-latitude – An approach for the south-west of Germany,Scopus,,,,N,Y,N/A,N/A,진행
256,10.3390/rs16091637,"Rees, G.|Hebryn-Baidy, L.|Belenok, V.",2024,"Temporal Variations in Land Surface Temperature within an Urban Ecosystem: A Comprehensive Assessment of Land Use and Land Cover Change in Kharkiv, Ukraine",Scopus,,,,N,Y,N/A,N/A,진행
257,10.1016/j.uclim.2024.101924,"Panda, J.|Koh, T.-Y.|Mukherjee, A.|Li, X.-X.|Norford, L.K.",2024,Numerical modeling of the distinct urbanization impact over Singapore during two contrasting weather scenarios,Scopus,,,,N,N,녹지변수핵심아님/결과비열환경,도시지역 연구이지만 주제가 도시화 패턴과 해륙풍 전선 및 강수 분포에 초점이며 녹지 형태·구성 변수를 체계적으로 다루지 않음 또한 주요 결과가 지표온도·열섬강도·열쾌적성 등 도시 온열환경 지표가 아님,배제
258,10.1016/j.ufug.2024.128322,"Cuchi, T.|Bobrowski, R.|Wężyk, P.|Breunig, F.M.|Pesck, V.A.",2024,Contributions to a global understanding of socioenvironmental justice related to urban forest: Trends from Brazilian cities in the southeastern Paraná State,Scopus,,,,N,Y,N/A,N/A,진행
259,10.1016/j.uclim.2024.101900,"Jiang, Y.|Li, C.|Li, X.|Li, X.|Song, T.|Liu, Y.",2024,Exploring the adaptive spatial patterns and impact factors for the cooling effect of park green spaces in riverfront area,Scopus,,,,N,Y,N/A,N/A,진행
260,10.1016/j.uclim.2024.101859,"Yamaguchi, K.|Takane, Y.|Ihara, T.",2024,Climate change adaptation and mitigation potential of EVs in Tokyo metropolitan area,Scopus,,,,N,N,녹지변수 부재·EV 중심,도시 대상이며 온열 지표를 다루지만 노출변수가 전기차 보급과 배출열 저감으로 녹지 형태·구성 변수를 다루지 않아 연구주제 기준에 부합하지 않음,배제
261,10.1007/s10668-023-03260-7,"Safizadeh, M.|Hedayati Marzbali, M.|Maghsoodi Tilaki, M.J.|Abdullah, A.",2024,"Assessing the morphological distribution of urban green spaces for the future sustainable greenery planning: a case study of Penang, Malaysia",Scopus,,,,N,Y,N/A,N/A,진행
262,10.1016/j.buildenv.2024.111398,"Wang, Q.|Peng, L.L.H.|Jiang, W.|Yin, S.|Feng, N.|Yao, L.",2024,Urban form affects the cool island effect of urban greenery via building shadows,Scopus,,,,N,Y,N/A,N/A,진행
263,10.1021/acs.est.3c11048,"Xu, C.|Huang, Q.|Haase, D.|Dong, Q.|Teng, Y.|Su, M.|YANG, Z.",2024,Cooling Effect of Green Spaces on Urban Heat Island in a Chinese Megacity: Increasing Coverage versus Optimizing Spatial Distribution,Scopus,,,,N,Y,N/A,N/A,진행
264,10.11628/ksppe.2024.27.2.69,"Zhu, Z.|Cho, D.-G.",2024,Urban Green Space Research Progress and Hotspots Evolution Analysis: Visual Analysis based on WOS,Scopus,,,,N,N,서지계량 리뷰·온열지표 직접분석 아님,WOS 기반 서지계량 및 시각화 동향연구로 도시 및 녹지 주제는 해당하나 LST와 열섬 등 도시 온열환경 지표를 결과변수로 한 실증 분석이 없어 포함 기준 미충족,배제
265,10.3390/su16083473,"Wang, X.|Chen, Y.|Wang, Z.|Xu, B.|Feng, Z.",2024,Multi-Temporal Analysis of the Impact of Summer Forest Dynamics on Urban Heat Island Effect in Yan’an City,Scopus,,,,N,Y,N/A,N/A,진행
266,10.3390/ijgi13040120,"Du, S.|Wu, Y.|Guo, L.|Fan, D.|Sun, W.",2024,"How Does the 2D/3D Urban Morphology Affect the Urban Heat Island across Urban Functional Zones? A Case Study of Beijing, China",Scopus,,,,N,Y,N/A,N/A,진행
267,10.1016/j.scitotenv.2024.170650,"Feng, L.|Shuai, L.|Zhou, Y.|Zhang, X.|Sun, J.",2024,Improving the green space arrangement in residential areas from the perspective of tree leaf temperature utilizing scenario simulation in ENVI-met,Scopus,,,,N,Y,N/A,N/A,진행
268,10.3390/f15030463,"Delgado-Capel, M.J.|Egea-Cariñanos, P.|Cariñanos, P.",2024,Assessing the Relationship between Land Surface Temperature and Composition Elements of Urban Green Spaces during Heat Waves Episodes in Mediterranean Cities,Scopus,,,,N,Y,N/A,N/A,진행
269,10.1016/j.ecolind.2024.111776,"Bai, Y.|Wang, K.|Ren, Y.|Li, M.|Ji, R.|Wu, X.|Yan, H.|Lin, T.|Zhang, G.|Zhou, X.|Mei, H.|Ye, H.",2024,3D compact form as the key role in the cooling effect of greenspace landscape pattern,Scopus,,,,N,N,비도시 대상;산림/산지 연구;도시성 결여,연구 지역이 중국 사명산의 산림/산지로 도시지역이 아니며 도시 데이터에 기반한 분석이 아님; 주제(녹지 형태/구성)와 결과변수(LST)는 적합하나 핵심 포함 기준인 ‘도시지역’ 충족하지 않아 제외,배제
270,10.1016/j.scs.2024.105209,"Behzad, Z.|Guilandoust, A.",2024,"Enhancing outdoor thermal comfort in a historic site in a hot dry climate (Case study: Naghsh-e-Jahan Square, Isfahan)",Scopus,,,,N,Y,N/A,N/A,진행
271,10.1016/j.ufug.2024.128207,"Cui, L.|Shibata, S.",2024,Exploring climate-adaptive green-space designs for hot and humid climates: Lessons from Japanese dry gardens,Scopus,,,,N,Y,N/A,N/A,진행
272,N/A,"Burrewar, S.S.|Haque, M.|Haider, T.U.",2024,Convolutional Neural Network Methods for Detecting Land-Use Changes,Scopus,,,,N,N,열환경지표없음;LULC분류만;도시배경,도시 대상이나 CNN 기반 토지이용피복 분류 및 변화탐지 연구이며 결과는 녹지와 주거밀도 변화 제시. 지표온도 열섬강도 열쾌적성 등 도시 온열환경 지표 측정이나 분석 없음. UHI 언급은 배경 동기에 그침,배제
273,10.3390/atmos15020183,"Liu, Y.|Fan, J.|Xie, S.|Chen, X.",2024,Study on the Spatial and Temporal Distribution of Thermal Comfort and Its Influencing Factors in Urban Parks,Scopus,,,,N,Y,N/A,N/A,진행
274,10.3390/f15020285,"An, L.|Liu, G.|Hou, M.",2024,The Application of Geographic Information System in Urban Forest Ecological Compensation and Sustainable Development Evaluation,Scopus,,,,N,N,열환경지표없음,도시지역과 도시숲을 다루지만 결과는 지표온도·열섬강도·열쾌적성 등 온열환경 지표가 아니라 종합편익과 생태보상 평가여서 제외,배제
275,10.3390/su16031147,"Das, A.|Saha, P.|Dasgupta, R.|Inácio, M.|Das, M.|Pereira, P.",2024,How Do the Dynamics of Urbanization Affect the Thermal Environment? A Case from an Urban Agglomeration in Lower Gangetic Plain (India),Scopus,,,,N,Y,N/A,N/A,진행
276,10.5585/2024.23959,"Tavares, F.S.B.|Guaraldo, E.|Bergier, I.B.T.",2024,Recognition of urban green space ecosystem services for adaptation to extreme climate events. Methodological Validation,Scopus,,,,N,N,도시열지표 부재,도시지역과 녹지구성은 다루지만 결과변수는 증발산과 탄소저장량에 한정되어 있으며 지표온도·열섬강도·열쾌적성 등 도시 온열환경 지표를 직접 평가하지 않음,배제
277,10.3389/fclim.2024.1446048,"Tesfamariam, S.|Govindu, V.|Utallo, A.",2024,"Urban ecology in the context of urban heat island vulnerability potential zone mapping: the case of Mekelle city, Ethiopia",Scopus,,,,N,Y,N/A,N/A,진행
278,10.35784/bud-arch.6424,"Bochenek, A.D.|Klemm, K.|Szulc, A.",2024,The impact of changes in spatial development on microclimate conditions and thermal comfort: the example of Manufaktura in Łódź,Scopus,,,,N,Y,N/A,N/A,진행
279,10.12912/27197050/193647,"Ngakan, P.O.|Soma, A.S.",2024,Analysis of Urban Forest Distribution in Makassar City and its Effects on Microclimate Conditions and Thermal Comfort in the Surrounding Area,Scopus,,,,N,Y,N/A,N/A,진행
280,10.1109/JSTARS.2024.3491219,"Wang, S.|Sun, C.|Pang, L.|Shi, H.|Xu, X.|Han, D.|Gu, Q.|Liu, H.",2024,The Diurnal Cooling Effect of Green Space Structure on the Summer Urban Thermal Environment from a High-Resolution Perspective,Scopus,,,,N,Y,N/A,N/A,진행
281,10.3897/jbgs.e128961,"Guergour, H.|Cheraitia, M.|Dechaicha, A.|Alkama, D.",2024,Optimization of urban morphology to enhance outdoor thermal comfort: A microclimate analysis,Scopus,,,,N,Y,N/A,N/A,진행
282,10.1080/10106049.2024.2381580,"Ali, A.|Hang, H.T.|Bindajam, A.A.|J Alshayeb, M.|Mallick, J.|Abdo, H.G.",2024,Integrating random forest and morphological spatial pattern analysis for predicting future land surface temperature dynamics: insights from urbanizing Saudi Arabia,Scopus,,,,N,Y,N/A,N/A,진행
283,10.14627/537752028,"Flohr, T.|Garcia, L.|Figueiredo, C.|Heris, M.|Hoffman, M.|Lindeman, J.|Wu, H.|Richardson, L.",2024,Exploring a Just and Diverse Urban Forests’ Capacity for Mitigating Future Mean Radiant Temperatures,Scopus,,,,N,Y,N/A,N/A,진행
284,10.1080/17538947.2024.2358867,"Na, N.|Lou, D.|Xu, D.|Ni, X.|Liu, Y.|Wang, H.",2024,Measuring the cooling effects of green cover on urban heat island effects using Landsat satellite imagery,Scopus,,,,N,Y,N/A,N/A,진행
285,10.1109/JSTARS.2024.3397722,"Liu, T.|Liu, X.|Cai, Y.",2024,Urban Trees Expansion and Exposure Improvement in China: Insights From Satellite Observations (1985-2023),Scopus,,,,N,N,온열환경지표미포함,도시지역 대상이며 녹지 피복과 노출 변화 분석이나 결과변수가 지표온도 열섬강도 열쾌적 등 온열환경 지표가 아니므로 제외,배제
286,10.24057/2071-9388-2023-2862,"Jabbar, M.|Nasar-U-Minallah, M.|Yusoff, M.M.",2024,"PREDICTING THE IMPACT OF LAND USE CHANGES ON THERMAL ENVIRONMENT IN LAHORE, PAKISTAN: IMPLICATIONS FOR URBAN PLANNING",Scopus,,,,N,Y,N/A,N/A,진행
287,10.14710/geoplanning.11.1.31-42,"Rizki, A.R.|Tumuyu, S.S.|Rushayati, S.B.",2024,"The Impact of Urban Green Space on The Urban Heat Island Phenomenon – A Study Case in East Jakarta, Indonesia",Scopus,,,,N,Y,N/A,N/A,진행
288,10.1111/jvs.13236,"De Pauw, K.|Depauw, L.|Calders, K.|Cousins, S.A.O.|Decocq, G.|de Lombaerde, E.|Diekmann, M.|Frey, D.|Lenoir, J.|Meeussen, C.|Orczewska, A.|Plue, J.|Spicher, F.|Zellweger, F.|Vangansbeke, P.|Verheyen, K.|de Frenne, P.",2024,Nutrient-demanding and thermophilous plants dominate urban forest-edge vegetation across temperate Europe,Scopus,,,,N,N,열환경지표아님,"도시 지역과 녹지 구조(가장자리-내부, 수관밀도)를 다루지만 주된 결과는 초본 식생의 종조성/지표값으로 열환경 지표(지표온도·열섬강도·열쾌적성 등)를 직접 결과변수로 분석하지 않음.",배제
289,10.1016/j.uclim.2024.101819,"Zhou, T.|Jia, W.|Yan, L.|Hong, B.|Wang, K.",2024,Urban park's vertical canopy structure and its varied cooling effect under continuous warming climate,Scopus,,,,N,Y,N/A,N/A,진행
290,10.1016/j.uclim.2024.101820,"Chen, P.",2024,Inequality in heat: The role of spatial patterns of urban green infrastructure,Scopus,,,,N,Y,N/A,N/A,진행
291,10.3390/atmos15010125,"Gangwisch, M.|Ludwig, S.|Matzarakis, A.",2024,Modeling the Normalized Urban Heat Island for the City of Karlsruhe by Linking Urban Morphology and Green Infrastructure,Scopus,,,,N,Y,N/A,N/A,진행
292,10.3390/f15010197,"Jiang, M.|Shao, H.|Zhu, X.|Li, Y.",2024,Green Space Reverse Pixel Shuffle Network: Urban Green Space Segmentation Using Reverse Pixel Shuffle for Down-Sampling from High-Resolution Remote Sensing Images,Scopus,,,,N,N,열환경지표아님,도시녹지 대상이나 연구는 분할 모델 성능 평가에 초점이며 결과변수가 지표온도·열섬강도·열쾌적성 등 도시 열환경 지표가 아님,배제
293,10.3390/land13010083,"Cabon, V.|Quénol, H.|Dubreuil, V.|Ridel, A.|Bergerot, B.",2024,Urban Heat Island and Reduced Habitat Complexity Explain Spider Community Composition by Excluding Large and Heat-Sensitive Species,Scopus,,,,N,N,결과변수 비부합(생물다양성),도시지역 연구로 녹지 구조와 UHI를 다루지만 종속변수는 거미 군집 구성(생물다양성)이며 도시 온열환경 지표를 결과로 분석하지 않아 제외합니다.,배제
294,10.1016/j.ecolind.2023.111439,"Hu, J.|Chen, G.|Wang, F.|Hassan, W.M.|Cai, M.|Fan, W.|Yuan, X.",2024,Nematodes as biological indicators of urban heat island effects in the Chongqing area urban green spaces,Scopus,,,,N,N,결과변수 생물지표; 열환경지표 아님,도시 녹지에서 UHIE에 따른 토양선충 군집과 토양특성 변화를 분석함; 녹지 형태나 구성 변수는 다루지 않음; 결과변수도 지표온도·열섬강도·보행자 열쾌적성 등 도시 온열환경 지표가 아님,배제
295,10.1016/j.jclepro.2023.140097,"Wang, A.|Ren, C.|Wang, J.|Feng, Z.|Kumar, P.|Haghighat, F.|Cao, S.-J.",2024,Health assessment and mitigating solutions to heat-pollution induced by urban traffic,Scopus,,,,N,N,주제불일치-녹지형태 아님; 결과불일치-열환경지표 아님,도시 교통 유발 열·오염 건강위험도 평가 연구임; 녹지 형태·구성 변수를 핵심적으로 다루지 않음; 결과변수도 LST·열섬강도·보행자 열쾌적성 등 온열환경 지표가 아니라 건강위험지수임,배제
296,10.1016/j.envint.2023.108385,"Huang, Q.|Xu, C.|Haase, D.|Teng, Y.|Su, M.|YANG, Z.",2024,Heterogeneous effects of the availability and spatial configuration of urban green spaces on their cooling effects in China,Scopus,,,,N,Y,N/A,N/A,진행
297,10.1016/j.uclim.2023.101748,"Jiang, L.|Xie, M.|Chen, B.|Su, W.|Zhao, X.|Wu, R.",2024,"Key areas and measures to mitigate heat exposure risk in highly urbanized city: A case study of Beijing, China",Scopus,,,,N,Y,N/A,N/A,진행
298,10.1016/j.ecolind.2023.111244,"He, J.|Shi, Y.|Xu, L.|Lu, Z.|Feng, M.",2024,An investigation on the impact of blue and green spatial pattern alterations on the urban thermal environment: A case study of Shanghai,Scopus,,,,N,Y,N/A,N/A,진행
299,10.1016/j.uclim.2023.101756,"Herath, P.|Bai, X.|Jin, H.|Thatcher, M.",2024,Does the spatial configuration of urban parks matter in ameliorating extreme heat?,Scopus,,,,N,Y,N/A,N/A,진행
300,10.1080/12265934.2023.2253200,"Sumaryana, H.|Buchori, I.|Sejati, A.W.",2024,Green infrastructure modelling for UHI control to urban thermal comfort: a case study of Temanggung urban area,Scopus,,,,N,Y,N/A,N/A,진행
301,10.1080/19376812.2022.2117215,"Kowe, P.|Mutanga, O.|Odindi, J.|Dube, T.",2024,"Impacts of eco-environmental quality, spatial configuration, and landscape connectivity of urban vegetation patterns on seasonal land surface temperature in Harare metropolitan city, Zimbabwe",Scopus,,,,N,Y,N/A,N/A,진행
302,10.3390/land12122174,"Meenar, M.|Rahman, M.S.|Russack, J.|Bauer, S.|Kapri, K.",2023,"“The Urban Poor and Vulnerable Are Hit Hardest by the Heat”: A Heat Equity Lens to Understand Community Perceptions of Climate Change, Urban Heat Islands, and Green Infrastructure",Scopus,,,,N,N,도시지역-예;GI-예;결과-인식자료;온열지표-부재,도시 Camden을 대상으로 GI와 UHI를 다루지만 설문·SNS·지리정보 기반의 인식/정성 분석에 초점이며 실제 도시 온열환경 지표(지표온도·열섬강도·열쾌적성 등)를 결과로 측정하거나 분석하지 않음.,배제
303,10.3390/f14122351,"Cordeiro, A.|Ornelas, A.|Lameiras, J.M.",2023,The Thermal Regulator Role of Urban Green Spaces: The Case of Coimbra (Portugal),Scopus,,,,N,Y,N/A,N/A,진행
304,10.3390/f14122458,"Ren, F.|Xu, J.|Wu, Y.|Li, T.|Li, M.",2023,"Analysis of Eco-Environmental Quality of an Urban Forest Park Using LTSS and Modified RSEI from 1990 to 2020—A Case Study of Zijin Mountain National Forest Park, Nanjing, China",Scopus,,,,N,N,열환경지표 아님 MRSEI 복합지수,도시 숲을 다루지만 결과변수가 EEQ와 MRSEI 등 생태환경 종합지수임. 도시 열환경 지표를 직접 평가하지 않음. LST는 구성요소일 뿐임.,배제
305,10.3390/rs15235617,"Huang, J.|Chu, C.|Wang, L.|Wu, Z.|Zhang, C.|Geng, J.|Zhu, Y.|Yu, M.",2023,Research on the Extraction Method Comparison and Spatial-Temporal Pattern Evolution for the Built-Up Area of Hefei Based on Multi-Source Data Fusion,Scopus,,,,N,N,시가지 추출 중심·녹지변수·열환경지표 아님,도시지역 대상이나 주제는 다원자료 융합을 통한 시가지 경계 추출과 시공간 확장 분석임 녹지 형태나 구성 변수를 다루지 않음 결과변수도 지표온도나 열섬강도 등 도시 온열환경 지표가 아니라 경계 추출 정확도와 확장률 등임 LST는 보조 입력 데이터로만 사용됨,배제
306,10.1049/cit2.12272,"Hong, T.|Huang, X.|Chen, G.|Yang, Y.|Chen, L.",2023,Exploring the spatiotemporal relationship between green infrastructure and urban heat island under multi-source remote sensing imagery: A case study of Fuzhou City,Scopus,,,,N,Y,N/A,N/A,진행
307,10.1016/j.ufug.2023.128137,"Zepp, H.|Gessner, M.|Gruenhagen, L.|Bührs, M.",2023,Modeling the cooling effect of urban green spaces: The neglected control variables of ‘soil moisture’ and ‘biotope types’,Scopus,,,,N,Y,N/A,N/A,진행
308,10.1016/j.ufug.2023.128150,"Zhou, Z.|Galway, N.|Megarry, W.",2023,"Exploring socio-ecological inequalities in heat by multiple and composite greenness metrics: A case study in Belfast, UK",Scopus,,,,N,Y,N/A,N/A,진행
309,10.1016/j.ecolind.2023.111072,"Guo, A.|Yue, W.|Yang, J.|Li, M.|Xie, P.|He, T.|Zhang, M.|Yu, H.",2023,Quantifying the impact of urban ventilation corridors on thermal environment in Chinese megacities,Scopus,,,,N,Y,N/A,N/A,진행
310,10.1016/j.scs.2023.104995,"Zheng, S.|Chen, X.|Liu, Y.",2023,Impact of urban renewal on urban heat island: Study of renewal processes and thermal effects,Scopus,,,,N,Y,N/A,N/A,진행
311,10.1007/s12145-023-01119-z,"Naseri, N.|Mostafazadeh, R.",2023,Spatial relationship of Remote Sensing Ecological Indicator (RSEI) and landscape metrics under urban development intensification,Scopus,,,,N,N,결과변수-도시열환경지표아님(RSEI),도시지역을 대상으로 녹지 형태·구성을 경관지표로 분석하지만 주된 결과는 RSEI(생태환경 종합지수)이며 LST는 구성요소일 뿐이라 도시 온열환경 지표를 직접적으로 결과변수로 다루지 않음.,배제
312,10.1016/j.scs.2023.104968,"Dong, X.|Yang, R.|Ye, Y.|Cui, L.",2023,Trade-off efficiency: Linking urban socioecological quality with land use efficiency from return on investment perspective,Scopus,,,,N,N,녹지형태아님/열환경주요결과아님,"도시 대상이지만 연구 초점은 토지이용효율-사회생태 간 효율성 평가로 녹지 형태·구성 변수를 다루지 않으며, 열환경 지표(UHI)는 일부 보조 지표일 뿐 녹지 구성과의 관계를 주요 결과로 분석하지 않아 제외합니다.",배제
313,10.1016/j.scs.2023.104909,"Shen, W.|Liu, Q.|Ji, M.|He, J.|He, T.|Huang, C.",2023,Impacts of urban forests and landscape characteristics on land surface temperature in two urban agglomeration areas of China,Scopus,,,,N,Y,N/A,N/A,진행
314,10.1007/s41651-023-00155-z,"Tabassum, A.|Basak, R.|Shao, W.|Haque, M.M.|Chowdhury, T.A.|Dey, H.",2023,Exploring the Relationship Between Land Use Land Cover and Land Surface Temperature: a Case Study in Bangladesh and the Policy Implications for the Global South,Scopus,,,,N,N,비도시지역/녹지형태미포커스/도시열환경맥락부족,탄광 중심 광역 LULC 대상이라 도시지역에 한정되지 않으며 녹지 형태·구성 변수 분석이 없고 결과는 LST 상관 수준으로 도시 열환경 맥락의 연구가 아님,배제
315,10.1007/s11252-023-01394-0,"de Lima, G.N.|Fonseca-Salazar, M.A.|Campo, J.",2023,Urban growth and loss of green spaces in the metropolitan areas of São Paulo and Mexico City: effects of land-cover changes on climate and water flow regulation,Scopus,,,,N,Y,N/A,N/A,진행
316,10.1007/s11769-023-1375-8,"Khan, M.S.|Ullah, S.|Chen, L.",2023,Variations in Surface Urban Heat Island and Urban Cool Island Intensity: A Review Across Major Climate Zones,Scopus,,,,N,Y,N/A,N/A,진행
317,10.1016/j.scitotenv.2023.165563,"Xu, Z.|Zhao, S.",2023,Scale dependence of urban green space cooling efficiency: A case study in Beijing metropolitan area,Scopus,,,,N,Y,N/A,N/A,진행
318,10.3390/land12112012,"Ma, Y.|Mamitimin, Y.|Tiemuerbieke, B.|Yimaer, R.|Huang, M.|Chen, H.|Tao, T.|Guo, X.",2023,Spatiotemporal Characteristics and Influencing Factors of Urban Heat Island Based on Geographically Weighted Regression Model: A Case Study of Urumqi City,Scopus,,,,N,Y,N/A,N/A,진행
319,10.3390/f14112256,"Liu, J.|Zheng, B.|Yang, F.",2023,A Simulation Study of the Impact of Urban Street Greening on the Thermal Comfort in Street Canyons on Hot and Cold Days,Scopus,,,,N,Y,N/A,N/A,진행
320,10.1016/j.uclim.2023.101743,"Kucera, D.|Jenerette, G.D.",2023,"Urban greenness and its cooling effects are influenced by changes in drought, physiography, and socio-demographics in Los Angeles, CA",Scopus,,,,N,Y,N/A,N/A,진행
321,10.1016/j.ufug.2023.128115,"Francis, J.|Disney, M.|Law, S.",2023,Monitoring canopy quality and improving equitable outcomes of urban tree planting using LiDAR and machine learning,Scopus,,,,N,Y,N/A,N/A,진행
322,10.1016/j.ufug.2023.128111,"Best, L.|Schwarz, N.|Obergh, D.|Teuling, A.J.|van Kanten, R.|Willemen, L.",2023,Urban green spaces and variation in cooling in the humid tropics: The case of Paramaribo,Scopus,,,,N,Y,N/A,N/A,진행
323,10.1007/s11356-023-30119-1,"Zheng, D.|Huang, X.|Qi, M.|Zhao, X.|Zhang, Y.|Yang, M.",2023,"Impact of built environment on urban surface temperature based on multi-source data at the community level in Beilin District, Xi’an, China",Scopus,,,,N,Y,N/A,N/A,진행
324,10.1016/j.buildenv.2023.110859,"Moreno García, R.|Zamora Díaz, R.|Moreno-García, N.|Galán, C.",2023,"Effects of composition and structure variables of urban trees in the reduction of heat islands; case study, Temuco city, Chile",Scopus,,,,N,Y,N/A,N/A,진행
325,10.1007/s10980-023-01763-2,"Wang, Q.|Peng, J.|Yu, S.|Dan, Y.|Dong, J.|Zhao, X.|Wu, J.",2023,Key attributes of greenspace pattern for heat mitigation vary with urban functional zones,Scopus,,,,N,Y,N/A,N/A,진행
326,10.1016/j.scs.2023.104818,"Parison, S.|Chaumont, M.|Kounkou-Arnaud, R.|Long, F.|Bernik, A.|da Silva, M.|Hendel, M.",2023,The effects of greening a parking lot as a heat mitigation strategy on outdoor thermal stress using fixed and mobile measurements: case-study project “tertiary forest”,Scopus,,,,N,Y,N/A,N/A,진행
327,10.1016/j.scitotenv.2023.165228,"Stumpe, B.|Bechtel, B.|Heil, J.|Jörges, C.|Jostmeier, A.|Kalks, F.|Schwarz, K.|Marschner, B.",2023,Soil texture mediates the surface cooling effect of urban and peri-urban green spaces during a drought period in the city area of Hamburg (Germany),Scopus,,,,N,Y,N/A,N/A,진행
328,10.1007/s40808-023-01739-w,"Agbelade, A.D.|Akinyemi, T.C.|Ojerinde, G.E.",2023,Modeling and assessing the variation of land surface temperature as determinants to normalized difference vegetation index and land cover changes in Nigerian cities,Scopus,,,,N,Y,N/A,N/A,진행
329,10.1016/j.agrformet.2023.109632,"De Pauw, K.|Depauw, L.|Calders, K.|Caluwaerts, S.|Cousins, S.A.O.|de Lombaerde, E.|Diekmann, M.|Frey, D.|Lenoir, J.|Meeussen, C.|Orczewska, A.|Plue, J.|Spicher, F.|Zellweger, F.|Vangansbeke, P.|Verheyen, K.|de Frenne, P.",2023,Urban forest microclimates across temperate Europe are shaped by deep edge effects and forest structure,Scopus,,,,N,Y,N/A,N/A,진행
330,10.3390/rs15205025,"Wang, Y.|Zhang, Y.|Ding, N.",2023,Regulatory Effect Evaluation of Warming and Cooling Factors on Urban Land Surface Temperature Based on Multi-Source Satellite Data,Scopus,,,,N,Y,N/A,N/A,진행
331,10.3390/f14102098,"Xue, S.|Chao, X.|Wang, K.|Wang, J.|Xu, J.|Liu, M.|Ma, Y.",2023,"Impact of Canopy Coverage and Morphological Characteristics of Trees in Urban Park on Summer Thermal Comfort Based on Orthogonal Experiment Design: A Case Study of Lvyin Park in Zhengzhou, China",Scopus,,,,N,Y,N/A,N/A,진행
332,10.1016/j.envint.2023.108230,"Schinasi, L.H.|Bakhtsiyarava, M.|Sáñchez, B.N.|Kephart, J.L.|Ju, Y.|Arunachalam, S.|Gouveia, N.|Caiaffa, W.|O'Neill, M.S.|Dronova, I.|Diez-Roux, A.V.|Rodríguez, D.A.",2023,Greenness and excess deaths from heat in 323 Latin American cities: Do associations vary according to climate zone or green space configuration?,Scopus,,,,N,N,결과변수 부적합 사망지표,도시지역 대상이며 녹지 구성 변수는 다루지만 결과변수가 열관련 초과사망으로 도시 온열환경 지표가 아니어서 제외,배제
333,10.1016/j.ufug.2023.128086,"Li, Y.|Zhang, Y.|Wu, Q.|Xue, R.|Wang, X.|Si, M.|Zhang, Y.",2023,Greening the concrete jungle: Unveiling the co-mitigation of greenspace configuration on PM2.5 and land surface temperature with explanatory machine learning,Scopus,,,,N,Y,N/A,N/A,진행
334,10.1016/j.landurbplan.2023.104841,"Wang, X.|Rahman, M.A.|Mokroš, M.|Rötzer, T.|Pattnaik, N.|Pang, Y.|Zhang, Y.|Da, L.|Song, K.",2023,The influence of vertical canopy structure on the cooling and humidifying urban microclimate during hot summer days,Scopus,,,,N,Y,N/A,N/A,진행
335,10.1002/eap.2902,"Bruner, S.G.|Palmer, M.I.|Griffin, K.L.|Naeem, S.",2023,Planting design influences green infrastructure performance: Plant species identity and complementarity in rain gardens,Scopus,,,,N,Y,N/A,N/A,진행
336,10.1016/j.scs.2023.104734,"Lee, H.|Lim, H.|Park, S.",2023,"Quantitative assessment of green coverage changes under the human-biometeorological perspective: A simulation case study in Jeju, Republic of Korea",Scopus,,,,N,Y,N/A,N/A,진행
337,10.1016/j.scitotenv.2023.164422,"Zhou, W.|Yu, W.|Zhang, Z.|Cao, W.|Wu, T.",2023,How can urban green spaces be planned to mitigate urban heat island effect under different climatic backgrounds? A threshold-based perspective,Scopus,,,,N,Y,N/A,N/A,진행
338,10.3390/app131810052,"Cho, Y.-I.|Yoon, D.|Lee, M.-J.",2023,Comparative Analysis of Urban Heat Island Cooling Strategies According to Spatial and Temporal Conditions Using Unmanned Aerial Vehicles(UAV) Observation,Scopus,,,,N,N,주제가 녹지 형태/구성 변수 아님,도시지역과 LST 등 온열지표는 다루지만 연구는 다양한 HICS(그늘·고알베도 등) 비교에 초점이며 녹지의 형태·면적·형상·연결성 등 구성 변수를 분석하지 않음,배제
339,10.3390/atmos14091433,"Tian, Q.|Qiu, Q.|Wang, Z.|Cai, Z.|Hu, L.|Liu, H.|Feng, Y.|Li, X.",2023,Spatial Configuration of Urban Greenspace Affects Summer Air Temperature: Diurnal Variations and Scale Effects,Scopus,,,,N,Y,N/A,N/A,진행
340,10.3390/buildings13092329,"Lin, J.|Jiang, S.|Zhang, S.|Yang, S.|Ji, W.|Li, W.",2023,Thermal Comfort in Urban Open Green Spaces: A Parametric Optimization Study in China’s Cold Region,Scopus,,,,N,Y,N/A,N/A,진행
341,10.48044/jauf.2023.016,"Zeeshan, M.|Ali, Z.|Ranjha, Q.A.",2023,Green Infrastructure with Actual Canopy Parameterization: A Simulation Study for Heat Stress Mitigation in a Hot-Humid Urban Environment,Scopus,,,,N,Y,N/A,N/A,진행
342,10.1016/j.uclim.2023.101624,"Gangwisch, M.|Saha, S.|Matzarakis, A.",2023,"Spatial neighborhood analysis linking urban morphology and green infrastructure to atmospheric conditions in Karlsruhe, Germany",Scopus,,,,N,Y,N/A,N/A,진행
343,10.1016/j.uclim.2023.101604,"Zhong, T.|Zhang, N.|Wang, B.|Ma, X.|Wang, Y.|Chen, Y.",2023,Observed neighborhood-scale meteorology and air quality characteristics in downtown area of Nanjing,Scopus,,,,N,Y,N/A,N/A,진행
344,10.3390/land12081568,"Ornelas, A.|Cordeiro, A.|Lameiras, J.M.",2023,Thermal Comfort Assessment in Urban Green Spaces: Contribution of Thermography to the Study of Thermal Variation between Tree Canopies and Air Temperature,Scopus,,,,N,Y,N/A,N/A,진행
345,10.3390/su151511742,"Wang, X.|Chen, Z.|Ma, D.|Zhou, T.|Chen, J.|Jiang, X.",2023,"Relationship between Visual and Thermal Comfort and Electrodermal Activity in Campus Blue–Green Spaces: A Case Study of Guangzhou, China",Scopus,,,,N,Y,N/A,N/A,진행
346,10.3390/su151512085,"Battisti, L.|Aimar, F.|Giacco, G.|Devecchi, M.",2023,Urban Green Development and Resilient Cities: A First Insight into Urban Forest Planning in Italy,Scopus,,,,N,N,열환경지표없음,"""도시지역에서 녹지 형태·구성(수목 수, 수관피복, 녹지까지 거리)을 평가하지만 지표온도·열섬강도·열쾌적성 등 도시 온열환경 지표를 결과변수로 다루지 않아 제외""",배제
347,10.1016/j.ufug.2023.128039,"Fenoglio, M.S.|González, E.|Tavella, J.|Beccacece, H.|Moreno, M.L.|Fabián, D.|Salvo, A.|Estallo, E.L.|Calviño, A.",2023,Native plants on experimental urban green roofs support higher community-level insect abundance than exotics,Scopus,,,,N,N,열환경비해당-곤충풍부도,도시 그린루프와 식물구성을 다루지만 결과는 곤충 풍부도 및 군집구성으로 열환경 지표가 아님 LST는 도시화 수준 보조변수일 뿐,배제
348,10.1016/j.scs.2023.104615,"Ren, J.|Shi, K.|Kong, X.|Zhou, H.",2023,"On-site measurement and numerical simulation study on characteristic of urban heat island in a multi-block region in Beijing, China",Scopus,,,,N,Y,N/A,N/A,진행
349,10.1016/j.scs.2023.104595,"Huang, J.|Wang, Y.",2023,Identification of ventilation corridors through a simulation scenario of forest canopy density in the metropolitan area,Scopus,,,,N,Y,N/A,N/A,진행
350,10.3390/f14071501,"Cheng, Y.|Bao, Y.|Liu, S.|Liu, X.|Li, B.|Zhang, Y.|Pei, Y.|Zeng, Z.|Wang, Z.",2023,Thermal Comfort Analysis and Optimization Strategies of Green Spaces in Chinese Traditional Settlements,Scopus,,,,N,N,비도시 전통취락 대상,연구대상이 허난 신양시의 관위자 전통 취락(마을)으로 도시지역이 아니며 비록 녹지 구성요소와 PET 등 온열지표를 다루지만 도시지역 연구 기준을 충족하지 않음,배제
351,10.3390/f14071396,"Jiang, Y.|Liu, Y.|Sun, Y.|Li, X.",2023,Distribution of CO2 Concentration and Its Spatial Influencing Indices in Urban Park Green Space,Scopus,,,,N,N,결과변수 CO2로 온열환경 지표 아님,도시 공원 대상이며 녹지 형태 지표를 다루지만 주요 결과변수는 CO2 농도로 지표온도 열섬 보행자 열쾌적성 등 도시 온열환경 지표가 아니어서 제외,배제
352,10.3390/rs15143642,"Pan, Z.|Xie, Z.|Ding, N.|Liang, Q.|Li, J.|Pan, Y.|QIN, F.",2023,Evolution Patterns of Cooling Island Effect in Blue–Green Space under Different Shared Socioeconomic Pathways Scenarios,Scopus,,,,N,Y,N/A,N/A,진행
353,10.3390/f14071500,"Liu, J.|Wu, J.|Yang, Y.|Zhang, B.|Yin, L.",2023,Evaluation of the Seasonal Thermal Environmental Benefits of Urban Green Space in the Core Areas of Urban Heat Island,Scopus,,,,N,Y,N/A,N/A,진행
354,10.1007/s11355-023-00540-2,"Yujie, R.|Tang, X.|Fan, T.|Kang, D.",2023,"Does the spatial pattern of urban blue–green space at city-level affects its cooling efficiency? Evidence from Yangtze River Economic Belt, China",Scopus,,,,N,Y,N/A,N/A,진행
355,10.3390/rs15123110,"Errea, C.L.|Almeida, C.R.D.|Gonçalves, A.|Teodoro, A.C.",2023,"Remote Sensing Analysis of the Surface Urban Heat Island Effect in Vitoria-Gasteiz, 1985 to 2021",Scopus,,,,N,Y,N/A,N/A,진행
356,10.3390/f14061231,"Wu, R.|Wu, N.|Nan, X.|Yan, H.|Wang, K.|Ma, T.|She, J.|Bao, Z.",2023,Effects of the Bamboo Communities on Microclimate and Thermal Comfort in Subtropical Climates,Scopus,,,,N,Y,N/A,N/A,진행
357,10.3390/atmos14060908,"Wang, J.|Meng, F.|Lu, H.|Lv, Y.|Jing, T.",2023,"Individual and Combined Effects of 3D Buildings and Green Spaces on the Urban Thermal Environment: A Case Study in Jinan, China",Scopus,,,,N,Y,N/A,N/A,진행
358,10.1016/j.envint.2023.107970,"Badaloni, C.|De Sario, M.|Caranci, N.|de' Donato, F.|Bolignano, A.|Davoli, M.|Leccese, L.|Michelozzi, P.|Leone, M.",2023,A spatial indicator of environmental and climatic vulnerability in Rome,Scopus,,,,N,N,도시 O/녹지 주제 X/열지표 결과 X,로마 도시 대상이지만 GWPCA로 환경과 기후 복합 취약지수를 생성하는 연구로 녹지 형태와 구성에 초점이 없으며 도시 열지표는 입력변수일 뿐 결과변수가 아님,배제
359,10.1016/j.scs.2023.104549,"Dong, X.|Ye, Y.|Yang, R.|Li, X.",2023,Planning for green infrastructure based on integration of multi-driving factors: A case study in pilot site of sponge city,Scopus,,,,N,N,열지표 비주결과·계획중심,도시와 녹지(GI)를 다루지만 다기준 GI 계획·우선순위 연구로서 UHI는 통합 지표 중 하나일 뿐이며 열환경 지표를 주된 결과변수로 분석하거나 녹지-열 관계를 평가하지 않음.,배제
360,10.1016/j.buildenv.2023.110225,"Li, Y.|Ouyang, W.|Yin, S.|Tan, Z.|Ren, C.",2023,Microclimate and its influencing factors in residential public spaces during heat waves: An empirical study in Hong Kong,Scopus,,,,N,Y,N/A,N/A,진행
361,10.3390/atmos14050833,"Wang, M.|Song, H.|Zhu, W.|Wang, Y.",2023,The Cooling Effects of Landscape Configurations of Green–Blue Spaces in Urban Waterfront Community,Scopus,,,,N,Y,N/A,N/A,진행
362,10.3390/land12051076,"Delgado-Capel, M.J.|Cariñanos, P.|Escudero-Viñolo, M.",2023,Capacity of Urban Green Infrastructure Spaces to Ameliorate Heat Wave Impacts in Mediterranean Compact Cities: Case Study of Granada (South-Eastern Spain),Scopus,,,,N,Y,N/A,N/A,진행
363,10.3390/land12050963,"Hu, Y.|Wang, C.|Li, J.",2023,"Assessment of Heat Mitigation Services Provided by Blue and Green Spaces: An Application of the InVEST Urban Cooling Model with Scenario Analysis in Wuhan, China",Scopus,,,,N,Y,N/A,N/A,진행
364,10.3390/rs15092414,"Zhang, Y.|Wang, Y.|Ding, N.|Yang, X.",2023,Assessing the Contributions of Urban Green Space Indices and Spatial Structure in Mitigating Urban Thermal Environment,Scopus,,,,N,Y,N/A,N/A,진행
365,10.1016/j.uclim.2023.101540,"Ding, N.|Zhang, Y.|Wang, Y.|Chen, L.|Qin, K.|Yang, X.",2023,Effect of landscape pattern of urban surface evapotranspiration on land surface temperature,Scopus,,,,N,Y,N/A,N/A,진행
366,10.1016/j.uclim.2023.101442,"Danda, T.J.|Kusangaya, S.|Mushore, T.D.|Mujere, N.",2023,Assessing the role of evapotranspiration in reducing surface temperatures in Harare using the SEBAL algorithm,Scopus,,,,N,Y,N/A,N/A,진행
367,10.24259/fs.v7i1.24526,"Wirayuda, I.K.A.K.|Widayani, P.|Sekaranom, A.B.",2023,"Urban Green Space Analysis and its Effect on the Surface Urban Heat Island Phenomenon in Denpasar City, Bali",Scopus,,,,N,Y,N/A,N/A,진행
368,10.3390/land12040766,"Huang, B.-X.|Li, W.-Y.|Ma, W.-J.|Xiao, H.",2023,Space Accessibility and Equity of Urban Green Space,Scopus,,,,N,N,열환경지표부재,도시지역을 대상으로 녹지 접근성과 패턴을 분석하지만 결과가 접근성 및 형평성 평가에 국한되어 지표온도나 열섬강도 등 도시 온열환경 지표를 다루지 않음,배제
369,10.3390/su15086735,"Sun, M.|Zhao, X.|Wang, Y.|Ren, Z.|Fu, X.",2023,"Factors Affecting the High-Intensity Cooling Distance of Urban Green Spaces: A Case Study of Xi’an, China",Scopus,,,,N,Y,N/A,N/A,진행
370,10.1016/j.envc.2023.100715,"Maskulrath, P.|Bualert, S.|Szymanski, W.W.|Choomanee, P.|Chunkao, K.|Pattamapitoon, T.|Saiohai, J.|Phupijit, J.|Utavong, T.|Rattanapotanan, T.|Fakkaew, N.|Chueytawarit, O.|Fungkeit, Y.",2023,"Assessment of urban green areas towards changing surface energy balance fluxes in tropical study sites, Central Thailand",Scopus,,,,N,Y,N/A,N/A,진행
371,10.1016/j.ufug.2023.127886,"Palomo Amores, T.R.|Sánchez Ramos, J.|Guerrero Delgado, M.C.|Castro Medina, D.|Cerezo-Narváez, A.|Álvarez Domínguez, S.",2023,Effect of green infrastructures supported by adaptative solar shading systems on livability in open spaces,Scopus,,,,N,Y,N/A,N/A,진행
372,10.1007/s11355-023-00543-z,"Kim, Y.J.|Park, C.|Lee, D.K.|Park, T.Y.",2023,Connecting public health with urban planning: allocating walkable cooling shelters considering older people,Scopus,,,,N,Y,N/A,N/A,진행
373,10.1016/j.scitotenv.2022.160712,"Zhou, W.|Cao, W.|Wu, T.|Zhang, T.",2023,The win-win interaction between integrated blue and green space on urban cooling,Scopus,,,,N,Y,N/A,N/A,진행
374,10.3390/buildings13030574,"Gong, Y.|Li, X.|Liu, H.|Li, Y.",2023,The Spatial Pattern and Mechanism of Thermal Environment in Urban Blocks from the Perspective of Green Space Fractal,Scopus,,,,N,Y,N/A,N/A,진행
375,10.3390/ijerph20065025,"Addas, A.",2023,Understanding the Relationship between Urban Biophysical Composition and Land Surface Temperature in a Hot Desert Megacity (Saudi Arabia),Scopus,,,,N,Y,N/A,N/A,진행
376,10.15625/2525-2518/16435,"Braun, A.|Duffy, E.C.|Warth, G.|Hochschild, V.",2023,Relationship of urban heat with building density and green spaces - a remote sensing-based study across Vietnam’s metropolitan areas,Scopus,,,,N,Y,N/A,N/A,진행
377,10.24352/UB.OVGU-2023-052,"Vanky, P.|Mark, A.|Hunger, F.|Haeger-Eugensson, M.|Tarraso, J.|Adelfio, M.|Sasic Kalagasidis, A.S.|Sardina, G.",2023,Addressing wind comfort in an urban area using an immersed boundary framework,Scopus,,,,N,N,녹지변수아님;열환경지표아님,도시지역을 대상으로 하나 녹지 형태나 구성 변수를 분석하지 않으며 결과도 풍환경과 환기 성능에 집중하여 도시 온열환경 지표나 보행자 열쾌적성 등을 제시하지 않음,배제
378,10.3390/su15043705,"Gallay, I.|Olah, B.|Murtinová, V.|Gallayova, Z.",2023,Quantification of the Cooling Effect and Cooling Distance of Urban Green Spaces Based on Their Vegetation Structure and Size as a Basis for Management Tools for Mitigating Urban Climate,Scopus,,,,N,Y,N/A,N/A,진행
379,10.3390/land12020427,"Stark da Silva, P.W.|Duarte, D.|Pauleit, S.",2023,The Role of the Design of Public Squares and Vegetation Composition on Human Thermal Comfort in Different Seasons a Quantitative Assessment,Scopus,,,,N,Y,N/A,N/A,진행
380,10.3390/su15042969,"Zhang, L.|Xu, H.|Pan, J.",2023,Investigating the Relationship between Landscape Design Types and Human Thermal Comfort: Case Study of Beijing Olympic Forest Park,Scopus,,,,N,Y,N/A,N/A,진행
381,10.3390/land12020476,"Semenzato, P.|Bortolini, L.",2023,Urban Heat Island Mitigation and Urban Green Spaces: Testing a Model in the City of Padova (Italy),Scopus,,,,N,Y,N/A,N/A,진행
382,10.3390/ijerph20043155,"Zhang, K.|Yun, G.|Song, P.|Wang, K.|Li, A.|Du, C.|Jia, X.|Feng, Y.|Wu, M.|Qu, K.|Zhu, X.|Ge, S.",2023,"Discover the Desirable Landscape Structure of Urban Parks for Mitigating Urban Heat: A High Spatial Resolution Study Using a Forest City, Luoyang, China as a Lens",Scopus,,,,N,Y,N/A,N/A,진행
383,10.1029/2022AV000816,"Zhu, Y.|Myint, S.W.|Feng, X.|Li, Y.",2023,"An Innovative Scheme to Confront the Trade-Off Between Water Conservation and Heat Alleviation With Environmental Justice for Urban Sustainability: The Case of Phoenix, Arizona",Scopus,,,,N,Y,N/A,N/A,진행
384,10.3390/atmos14020404,"Wang, J.|Meng, F.|Fu, P.|Jin, F.",2023,"Investigating the Coupling of Supply and Demand for Urban Blue and Green Spaces’ Cooling Effects in Shandong, China",Scopus,,,,N,Y,N/A,N/A,진행
385,10.1016/j.ecolind.2022.109787,"Tang, L.|Zhan, Q.|Fan, Y.|Liu, H.|Fan, Z.",2023,"Exploring the impacts of greenspace spatial patterns on land surface temperature across different urban functional zones: A case study in Wuhan metropolitan area, China",Scopus,,,,N,Y,N/A,N/A,진행
386,10.1016/j.landurbplan.2022.104608,"Lachapelle, J.A.|Krayenhoff, E.|Middel, A.|Coseo, P.|Warland, J.",2023,Maximizing the pedestrian radiative cooling benefit per street tree,Scopus,,,,N,Y,N/A,N/A,진행
387,10.1007/s00468-021-02230-8,"Ribeiro, A.P.|Bollmann, H.A.|de Oliveira, A.|Rakauskas, F.|Cortese, T.T.P.|Rodrigues, M.S.C.|Quaresma, C.C.|Lamano-Ferreira, M.L.",2023,The role of tree landscape to reduce effects of urban heat islands: a study in two Brazilian cities,Scopus,,,,N,Y,N/A,N/A,진행
388,10.1016/j.scitotenv.2022.159663,"Smith, I.A.|Fabian, M.P.|Hutyra, L.R.",2023,Urban green space and albedo impacts on surface temperature across seven United States cities,Scopus,,,,N,Y,N/A,N/A,진행
389,10.1016/j.buildenv.2022.109910,"Lin, J.|Qiu, S.|Tan, X.|Zhuang, Y.",2023,Measuring the relationship between morphological spatial pattern of green space and urban heat island using machine learning methods,Scopus,,,,N,Y,N/A,N/A,진행
390,10.3389/fenvs.2023.1265332,"Yazar, M.|Daloglu Cetinkaya, I.|Iban, M.C.|Bilgilioğlu, S.S.",2023,The green divide and heat exposure: urban transformation projects in istanbul,Scopus,,,,N,Y,N/A,N/A,진행
391,10.24425/jwld.2023.147243,"Czyża, S.|Kowalczyk, A.M.",2023,GIS and geodata contribution to the cartographic modelling of blue-green infrastructure in urbanised areas,Scopus,,,,N,N,SUHI 보조입력·열환경 결과변수 아님,도시지역과 블루그린 인프라를 다루지만 SUHI를 참고 중첩하여 BGI 최적 입지를 제시하는 계획 지도화 연구로서 지표온도 또는 열섬 등 도시 온열환경 지표를 결과변수로 분석 보고하지 않음,배제
392,10.3897/jbgs.e113695,"Brahimi, M.|Benabbas, M.|Djaghrouri, D.",2023,"Setting up the ENVI-met digital tool to evaluate climatic conditions at an urban scale: a case study of Djelfa, Algeria",Scopus,,,,N,Y,N/A,N/A,진행
393,10.14710/geoplanning.10.1.37-44,"Ambarwati, N.|Wijayanti Faida, L.R.|Marhaento, H.",2023,"The Effects of Green Open Spaces on Microclimate and Thermal Comfort in Three Integrated Campus in Yogyakarta, Indonesia",Scopus,,,,N,Y,N/A,N/A,진행
394,10.3390/su15021429,"Sobrinho, O.M.|Rudke, A.P.|Morais, M.V.B.D.|Martins, L.D.",2023,Meteorological Effects of Green Infrastructure on a Developing Medium Latin American City: A Numerical Modeling Assessment,Scopus,,,,N,Y,N/A,N/A,진행
395,10.3389/fevo.2023.1261291,"Qiao, Q.|Zhen, Z.|Lin, Y.",2023,"Assessment and simulation of thermal environments in Taiyuan urban built-up area, China",Scopus,,,,N,Y,N/A,N/A,진행
396,10.3389/fevo.2023.1221730,"Zaro, G.|Blaće, A.|Baraka Perica, J.|Čelhar, M.|Jurković Pešić, F.|Gusar, K.",2023,"Fleeting fields of Zadar (Croatia): characterizing millennial-scale urban landcover change, green space, and resilience into the twenty first century",Scopus,,,,N,N,열환경지표부재,도시와 녹지 변화는 다루지만 결과변수가 도시 온열환경 지표가 아님; 자다르의 장기 토지피복 변화와 녹지 및 회복탄력성에 초점; 열섬강도 지표온도 보행자 열쾌적성 등의 측정이나 분석이 없음,배제
397,10.1080/17538947.2023.2243901,"Chenary, K.|Soltani, A.|Sharifi, A.",2023,Street network patterns for mitigating urban heat islands in arid climates,Scopus,,,,N,N,녹지형태아님(도로망패턴),도시 연구이고 결과변수는 LST와 UHI이나 연구 주제가 녹지 형태나 구성 변수가 아니라 도로망 지표 중심 분석이며 NDVI는 보조 변수 수준이어서 제외,배제
398,10.48044/jauf.2023.003,"Moore, G.M.|Chandler, A.",2023,"The Potential of Yellow Gum (Eucalyptus leucoxylon F. Muell.) as an Urban Street Tree: An Assessment of Species Performance in the City of Greater Melbourne, Australia",Scopus,,,,N,N,열환경지표미측정,도시지역의 가로수 녹지 연구이나 결과변수는 수관 구조 건강 등 수목 성능이며 지표온도 열섬강도 보행자 열쾌적성 등 도시 온열환경 지표를 다루지 않음,배제
399,10.14627/537740012,"Vallejo, A.N.|Schwarz-V.raumer, H.-G.",2023,Do Green Infrastructure Types Represent Land Surface Temperature? A Case Study of Stuttgart,Scopus,,,,N,Y,N/A,N/A,진행
400,10.15666/aeer/2102_17111729,"Wang, L.|Zhai, Y.L.|Jia, J.|Lu, Y.|Yao, M.C.|Zhang, L.X.|Ning, J.|Yao, Y.L.",2023,ECOLOGICAL COOLING DEMAND IN CHANGCHUN CITY OF CHINA: SPATIAL RESPONSE TO DIFFERENCES IN URBAN THERMAL ENVIRONMENT INTENSITY,Scopus,,,,N,Y,N/A,N/A,진행
401,10.3390/land12010155,"Cimini, A.|de Fioravante, P.|Riitano, N.|Dichicco, P.|Calò, A.|Scarascia-Mugnozza, G.|Marchetti, M.|Munafò, M.",2023,Land Consumption Dynamics and Urban–Rural Continuum Mapping in Italy for SDG 11.3.1 Indicator Assessment,Scopus,,,,N,N,도시열지표아님;녹지형태핵심주제아님,연구는 이탈리아의 도시화 정도 분류와 토지소비 및 인구 기반 SDG 11.3.1 산정과 도시 확산 지표 개발에 초점이며 결과변수는 UHI 지표온도 열쾌적성 등 도시 온열환경 지표가 아님 또한 녹지 형태와 구성은 적용 가능성으로만 언급되어 핵심 분석 주제가 아님,배제
402,10.1016/j.uclim.2022.101398,"Lai, D.|Liu, Y.|Liao, M.|Yu, B.",2023,Effects of different tree layouts on outdoor thermal comfort of green space in summer Shanghai,Scopus,,,,N,Y,N/A,N/A,진행
403,10.1016/j.scs.2022.104287,"Lyu, R.|Pang, J.|Tian, X.|Zhao, W.|Zhang, J.",2023,How to optimize the 2D/3D urban thermal environment: Insights derived from UAV LiDAR/multispectral data and multi-source remote sensing data,Scopus,,,,N,Y,N/A,N/A,진행
404,10.11628/ksppe.2022.25.6.685,"Lee, S.-B.|Kil, S.-H.|Yun, Y.-J.|Choi, Y.-E.",2022,An Analysis of Surface Temperature Changes for Urban Green Space using Unmanned Aerial Vehicles,Scopus,,,,N,Y,N/A,N/A,진행
405,10.3390/ijerph192316191,"Jiang, Y.|Li, X.|Huang, J.",2022,Zoning Optimization Method of a Riverfront Greenspace Service Function Oriented to the Cooling Effect: A Case Study in Shanghai,Scopus,,,,N,Y,N/A,N/A,진행
406,10.1016/j.ecolind.2022.109666,"Li, H.|Zhou, W.|Wang, W.|Zheng, Z.",2022,"Imbalanced supply and demand of temperature regulation service provided by urban forests: A case study in Shenzhen, China",Scopus,,,,N,Y,N/A,N/A,진행
407,10.1016/j.envc.2022.100644,"Tanjina Hasnat, G.N.",2022,Assessment of spatiotemporal distribution pattern of land surface temperature with incessant urban sprawl over Khulna and Rajshahi City Corporations,Scopus,,,,N,Y,N/A,N/A,진행
408,10.1111/gcb.16419,"Gillerot, L.|Landuyt, D.|Oh, R.|Chow, W.|Haluza, D.|Ponette, Q.|Jactel, H.|Bruelheide, H.|Jaroszewicz, B.|Scherer-Lorenzen, M.|de Frenne, P.|Muys, B.|Verheyen, K.",2022,Forest structure and composition alleviate human thermal stress,Scopus,,,,N,N,비도시-산림연구,연구 대상이 유럽의 일반 산림 플롯으로 도시지역이 아님; PET 등 온열지표를 사용하지만 맥락이 도시가 아니므로 제외.,배제
409,10.1016/j.scitotenv.2022.157662,"Zhou, Y.|Zhao, H.|Mao, S.|Zhang, G.|Jin, Y.|Luo, Y.|Huo, W.|Pan, Z.|An, P.|Lun, F.",2022,Exploring surface urban heat island (SUHI) intensity and its implications based on urban 3D neighborhood metrics: An investigation of 57 Chinese cities,Scopus,,,,N,Y,N/A,N/A,진행
410,10.3390/rs14225684,"Zhang, Y.|Wang, Y.|Ding, N.",2022,Spatial Effects of Landscape Patterns of Urban Patches with Different Vegetation Fractions on Urban Thermal Environment,Scopus,,,,N,Y,N/A,N/A,진행
411,10.3390/land11101687,"Jia, X.|Song, P.|Yun, G.|Li, A.|Wang, K.|Zhang, K.|Du, C.|Feng, Y.|Qu, K.|Wu, M.|Ge, S.",2022,"Effect of Landscape Structure on Land Surface Temperature in Different Essential Urban Land Use Categories: A Case Study in Jiaozuo, China",Scopus,,,,N,N,녹지형태변수초점부재,도시와 LST는 충족하지만 연구가 전체 토지이용과 건물 3차원 구조 등 경관 전반에 초점이며 녹지 형태 또는 구성 변수를 중심으로 한 분석이 아니다,배제
412,10.3390/su142013492,"Liu, W.|Jia, B.|Li, T.|Zhang, Q.|Ma, J.",2022,Correlation Analysis between Urban Green Space and Land Surface Temperature from the Perspective of Spatial Heterogeneity: A Case Study within the Sixth Ring Road of Beijing,Scopus,,,,N,Y,N/A,N/A,진행
413,10.3390/fi14100280,"Pirotti, F.|Piragnolo, M.|D’Agostini, M.|Cavalli, R.",2022,Information Technologies for Real-Time Mapping of Human Well-Being Indicators in an Urban Historical Garden,Scopus,,,,N,Y,N/A,N/A,진행
414,10.3390/atmos13101586,"Del Serrone, G.|Peluso, P.|Moretti, L.",2022,Evaluation of Microclimate Benefits Due to Cool Pavements and Green Infrastructures on Urban Heat Islands,Scopus,,,,N,Y,N/A,N/A,진행
415,10.3390/ijerph191911917,"Teo, Y.H.|Makani, M.A.B.H.|Wang, W.|Liu, L.|Yap, J.H.|Cheong, K.H.",2022,Urban Heat Island Mitigation: GIS-Based Analysis for a Tropical City Singapore,Scopus,,,,N,Y,N/A,N/A,진행
416,10.1016/j.landurbplan.2022.104499,"Wu, W.-B.|Yu, Z.-W.|Ma, J.|Zhao, B.",2022,Quantifying the influence of 2D and 3D urban morphology on the thermal environment across climatic zones,Scopus,,,,N,Y,N/A,N/A,진행
417,10.1016/j.scitotenv.2022.156687,"Xu, C.|Chen, G.|Huang, Q.|Su, M.|Rong, Q.|Yue, W.|Haase, D.",2022,Can improving the spatial equity of urban green space mitigate the effect of urban heat islands? An empirical study,Scopus,,,,N,Y,N/A,N/A,진행
418,10.1016/j.landurbplan.2022.104498,"Napieralski, J.|Sulich, C.|Taylor, A.|Draus, P.",2022,"Mapping the link between outdoor water footprint and social vulnerability in Metro Phoenix, AZ (USA)",Scopus,,,,N,Y,N/A,N/A,진행
419,10.1007/s11252-022-01232-9,"Molina-Gómez, N.I.|Varon-Bravo, L.M.|Sierra-Parada, R.|López Jiménez, P.A.",2022,Urban growth and heat islands: A case study in micro-territories for urban sustainability,Scopus,,,,N,Y,N/A,N/A,진행
420,10.3389/fevo.2022.1010400,"Dai, Y.|Liu, T.",2022,Spatiotemporal mechanism of urban heat island effects on human health—Evidence from Tianjin city of China,Scopus,,,,N,N,녹지변수없음 결과는건강지표 열환경보조,도시대상이지만 녹지형태나 구성변수를 다루지 않으며 결과변수가 열환경지표가 아니라 건강영향 평가가 중심이어서 제외,배제
421,10.14358/PERS.21-00034R3,"Zhang, Y.|Shao, Z.|Huang, X.|Feng, X.|Zhou, Z.|Li, Y.",2022,Impact of Spatial Configuration of Urban Green Space and Urban Impervious Surface on Land Surface Temperature: A Multi-Grid Perspective,Scopus,,,,N,Y,N/A,N/A,진행
422,10.3390/rs14184580,"An, H.|Cai, H.|Xu, X.|Qiao, Z.|Han, D.",2022,Impacts of Urban Green Space on Land Surface Temperature from Urban Block Perspectives,Scopus,,,,N,Y,N/A,N/A,진행
423,10.3390/rs14184492,"Murtinová, V.|Gallay, I.|Olah, B.",2022,"Mitigating Effect of Urban Green Spaces on Surface Urban Heat Island during Summer Period on an Example of a Medium Size Town of Zvolen, Slovakia",Scopus,,,,N,Y,N/A,N/A,진행
424,10.3390/f13091342,"Bao, Y.|Gao, M.|Luo, D.|Zhou, X.",2022,The Influence of Plant Community Characteristics in Urban Parks on the Microclimate,Scopus,,,,N,Y,N/A,N/A,진행
425,10.3390/rs14174351,"Nguyen, T.T.|Eslick, H.|Barber, P.|Harper, R.|Dell, B.",2022,Cooling Effects of Urban Vegetation: The Role of Golf Courses,Scopus,,,,N,Y,N/A,N/A,진행
426,10.1016/j.apgeog.2022.102766,"Han, S.|Li, W.|Kwan, M.-P.|Miao, C.|Sun, B.",2022,Do polycentric structures reduce surface urban heat island intensity?,Scopus,,,,N,N,주제불일치(녹지형태아님),도시지역을 대상으로 하고 결과변수도 열섬강도이나 연구의 핵심은 도시 다핵 공간구조의 효과로 녹지의 형태·구성 변수를 직접적으로 다루지 않아 포함 기준에 부합하지 않음.,배제
427,10.1016/j.ecolind.2022.109187,"Shen, Z.-J.|Zhang, B.-H.|Xin, R.-H.|Liu, J.-Y.",2022,"Examining supply and demand of cooling effect of blue and green spaces in mitigating urban heat island effects: A case study of the Fujian Delta urban agglomeration (FDUA), China",Scopus,,,,N,Y,N/A,N/A,진행
428,10.1002/eco.2431,"Chen, H.|Huang, J.J.|McBean, E.|Dash, S.S.|Li, H.|Zhang, J.|Lan, Z.|Gao, J.|Zhou, Z.",2022,Evapotranspiration partitioning based on field-stable oxygen isotope observations for an urban locust forest land,Scopus,,,,N,N,"""도시","녹지변수(LAI) 언급, 결과변수=ET/동위원소로 열환경지표 아님"",""도시 수림에서 증발산 분할(FT)과 안정동위원소(δET, δE, δT) 및 LAI·토양수분 영향·불확실성 분석이 주내용이며, 지표온도·열섬강도·보행자 열쾌적성 등 도시 온열환경 지표를 결과로 다루지 않아 제외""",배제
429,10.3389/fenvs.2022.977084,"Li, X.|Li, Y.|Di, S.|Niu, Y.|Zhang, C.",2022,Evapotranspiration and land surface temperature of typical urban green spaces in a semi-humid region: Implications for green management,Scopus,,,,N,Y,N/A,N/A,진행
430,10.3390/rs14163935,"Gourfi, A.|Taibi, A.N.|Salhi, S.|Hannani, M.E.|Boujrouf, S.",2022,"The Surface Urban Heat Island and Key Mitigation Factors in Arid Climate Cities, Case of Marrakesh, Morocco",Scopus,,,,N,Y,N/A,N/A,진행
431,10.3390/rs14164047,"Karunaratne, S.|Athukorala, D.|Murayama, Y.|Morimoto, T.",2022,"Assessing Surface Urban Heat Island Related to Land Use/Land Cover Composition and Pattern in the Temperate Mountain Valley City of Kathmandu, Nepal",Scopus,,,,N,Y,N/A,N/A,진행
432,10.1016/j.scs.2022.103992,"Shen, C.|Hou, H.|Zheng, Y.|Murayama, Y.|Wang, R.|Hu, T.",2022,Prediction of the future urban heat island intensity and distribution based on landscape composition and configuration: A case study in Hangzhou,Scopus,,,,N,Y,N/A,N/A,진행
433,10.1016/j.scs.2022.103993,"Kandelan, S.N.|Yeganeh, M.|Peyman, S.|Panchabikesan, K.|Eicker, U.",2022,Environmental study on greenery planning scenarios to improve the air quality in urban canyons,Scopus,,,,N,N,결과변수-대기질(AQI/PM2.5),도시 가로협곡과 녹지 구성은 맞지만 결과가 AQI/PM2.5 중심으로 열환경 지표(지표온도·열섬·보행자 열쾌적성 등)를 다루지 않아 제외,배제
434,10.1016/j.scs.2022.103964,"Mokhtari, Z.|Barghjelveh, S.|Sayahnia, R.|Karami, P.|Qureshi, S.|Russo, A.",2022,Spatial pattern of the green heat sink using patch- and network-based analysis: Implication for urban temperature alleviation,Scopus,,,,N,Y,N/A,N/A,진행
435,10.1016/j.scs.2022.103965,"Zhang, H.|Zhao, X.|Kang, M.-Y.|Han, J.-J.",2022,Contrasting changes in fine-scale land use structure and summertime thermal environment in downtown Shanghai,Scopus,,,,N,Y,N/A,N/A,진행
436,10.1016/j.scs.2022.103955,"Lu, Y.|Yue, W.|He, T.|Shan, Z.",2022,Urban form centrality and thermal environment: An empirical study of Chinese megacities,Scopus,,,,N,N,녹지형태변수부재,도시를 대상으로 지표면온도를 분석하지만 주제 변수가 도시형태 중심성으로 녹지 형태 또는 구성 변수를 측정하지 않아 제외,배제
437,10.1016/j.cities.2022.103740,"Lo, A.Y.|Jim, C.Y.|Cheung, P.K.|Wong, G.K.L.|Cheung, L.T.O.",2022,Space poverty driving heat stress vulnerability and the adaptive strategy of visiting urban parks,Scopus,,,,N,N,녹지형태변수·열환경지표 없음,도시(홍콩) 대상이나 공원 이용행동·취약성/건강을 중심으로 하며 녹지의 형태/구성 변수나 도시 온열환경 지표(LST·PET 등)를 측정·분석하지 않아 결과변수가 열환경이 아님,배제
438,10.1016/j.cities.2022.103737,"Shi, Y.|Zhao, S.",2022,Discover the desirable landscape structure for mitigating urban heat: The urban-rural gradient approach for an ancient Chinese city,Scopus,,,,N,Y,N/A,N/A,진행
439,10.3390/f13071086,"Zhang, X.|Lei, Y.|Li, R.|Ackerman, A.|Guo, N.|Li, Y.|Yang, Q.|Liu, Y.",2022,Research on Thermal Comfort of Underside of Street Tree Based on LiDAR Point Cloud Model,Scopus,,,,N,Y,N/A,N/A,진행
440,10.3390/f13071101,"Yosef, R.|Rakholia, S.|Mehta, A.|Bhatt, A.|Kumbhojkar, S.",2022,"Land Surface Temperature Regulation Ecosystem Service: A Case Study of Jaipur, India, and the Urban Island of Jhalana Reserve Forest",Scopus,,,,N,Y,N/A,N/A,진행
441,10.1016/j.scitotenv.2022.154006,"Chen, D.|Zhang, F.|Zhang, M.|Meng, Q.|Jim, C.Y.|Shi, J.|Tan, M.L.|Ma, X.",2022,Landscape and vegetation traits of urban green space can predict local surface temperature,Scopus,,,,N,Y,N/A,N/A,진행
442,10.1016/j.scitotenv.2022.153728,"Dos Santos, T.C.|Dominutti, P.|Pedrosa, G.S.|Coelho, M.S.|Nogueira, T.|Borbon, A.|Souza, S.R.|Fornaro, A.",2022,"Isoprene in urban Atlantic forests: Variability, origin, and implications on the air quality of a subtropical megacity",Scopus,,,,N,N,"""열환경 지표 부재; BVOC 중심""","""도시지역을 다루지만 주제는 이소프렌(BVOC) 농도와 기원 및 대기질 영향으로, 녹지 형태/구성 변수가 핵심 노출이 아니며 결과변수도 오존·SOA 등으로 열환경 지표(지표온도, 열섬강도, 열쾌적성)를 포함하지 않아 제외함""",배제
443,10.3390/s22114168,"Zaitunah, A.|Samsuri, S.|Silitonga, A.F.|Syaufina, L.",2022,Urban Greening Effect on Land Surface Temperature,Scopus,,,,N,Y,N/A,N/A,진행
444,10.3390/su14116861,"Beier, M.|Gerstendörfer, J.|Mendzigall, K.|Pavlik, D.|Trute, P.|von Tils, R.",2022,Climate Impact and Model Approaches of Blue-Green Infrastructure Measures for Neighborhood Planning,Scopus,,,,N,Y,N/A,N/A,진행
445,10.1016/j.landusepol.2022.106111,"Eggimann, S.",2022,Expanding urban green space with superblocks,Scopus,,,,N,N,온열지표없음,도시지역과 녹지 공간을 분석하지만 도시 온열환경 지표는 다루지 않아 포함 기준에 부합하지 않음,배제
446,10.1007/s11356-022-18838-3,"Ma, X.|Peng, S.",2022,Research on the spatiotemporal coupling relationships between land use/land cover compositions or patterns and the surface urban heat island effect,Scopus,,,,N,Y,N/A,N/A,진행
447,10.1016/j.scitotenv.2022.153648,"Reyhani, M.|Santolini, E.|Torreggiani, D.|Tassinari, P.",2022,Assessing the environmental performance of plastic-based and felt-based green wall systems in a life-cycle perspective,Scopus,,,,N,N,도시온열지표없음·LCA중심,그린월 시스템의 전과정평가로 내재에너지·온실가스 등 환경발자국을 비교함; 도시 열섬강도·지표온도·보행자 열쾌적성 등 도시 온열환경 지표를 측정·모델링하지 않음; 특정 도시 현장 기반 연구도 아님; 포함 기준 불충족,배제
448,10.3390/buildings12050537,"Kolokotsa, D.|Lilli, K.|Gobakis, K.|Mavrigiannaki, A.|Haddad, S.|Garshasbi, S.|Mohajer, H.R.H.|Paolini, R.|Vasilakopoulou, K.|Bartesaghi Koc, C.|Prasad, D.|Santamouris, M.",2022,Analyzing the Impact of Urban Planning and Building Typologies in Urban Heat Island Mitigation,Scopus,,,,N,N,녹지 변수 아님,"도시 지역을 대상으로 온열지표(기온·지표온도 등)를 분석하지만 연구 주제가 건물·가로 형태(건물높이, 도로폭, 종횡비, 건폐/용적 관련 지표 등) 중심이며 녹지 형태·구성 변수를 직접 다루지 않아 제외합니다.",배제
449,10.1016/j.scs.2022.103795,"Zhou, L.|Hu, F.|Wang, B.|Wei, C.|Sun, D.|Wang, S.",2022,Relationship between urban landscape structure and land surface temperature: Spatial hierarchy and interaction effects,Scopus,,,,N,Y,N/A,N/A,진행
450,10.1016/j.scs.2022.103798,"Li, X.|Stringer, L.C.|Dallimer, M.",2022,The role of blue green infrastructure in the urban thermal environment across seasons and local climate zones in East Africa,Scopus,,,,N,Y,N/A,N/A,진행
451,10.1016/j.enbuild.2022.111962,"Rouhollahi, M.|Whaley, D.|Byrne, J.|Boland, J.",2022,Potential residential tree arrangement to optimise dwelling energy efficiency,Scopus,,,,N,N,결과변수-건물에너지/도시온열지표부재,도시 맥락에서 녹지 구성 변수(수종·수량·거리)는 다루지만 결과가 냉난방 에너지 절감 등 건물 에너지 효율에 집중되어 있으며 LST·UHI·보행자 열쾌적성 등 도시 온열환경 지표를 직접 평가·보고하지 않아 제외,배제
452,10.1016/j.watres.2022.118109,"Moravej, M.|Renouf, M.A.|Kenway, S.|Urich, C.",2022,What roles do architectural design and on-site water servicing technologies play in the water performance of residential infill?,Scopus,,,,N,N,녹지변수·온열지표부재,도시지역 연구이나 주제가 건축설계·현장 물서비스 기술의 수문성능(유출·수입수·증발산·침투) 평가에 국한되며 녹지 형태/구성 변수를 다루지 않고 도시 온열환경 지표를 결과로 보고하지 않음,배제
453,10.3390/su14073906,"Duan, Y.|Li, S.",2022,Study of Different Vegetation Types in Green Space Landscape Preference: Comparison of Environmental Perception in Winter and Summer,Scopus,,,,N,N,결과변수-선호도·지각 및 열환경지표 부재·도시여부 불명,경관 및 활동 선호를 계절별로 비교한 인지 연구로 열환경 지표(PET UTCI LST UHI 등)나 보행자 열쾌적성의 정량적 결과를 다루지 않음 또한 도시 지역 대상인지 명확하지 않음 따라서 포함 기준에 부합하지 않음,배제
454,10.1016/j.scs.2022.103725,"Huang, J.|Wang, Y.",2022,Cooling intensity of hybrid landscapes in a metropolitan area: Relative contribution and marginal effect,Scopus,,,,N,Y,N/A,N/A,진행
455,10.1016/j.agrformet.2022.108850,"Cai, Y.|Li, C.|Ye, L.|Xiao, L.|Gao, X.|Mo, L.|Du, H.|Zhou, Y.|Zhou, G.",2022,Effect of the roadside tree canopy structure and the surrounding on the daytime urban air temperature in summer,Scopus,,,,N,Y,N/A,N/A,진행
456,10.1016/j.scs.2022.103715,"Chen, H.|Deng, Q.|Zhou, Z.|Ren, Z.|Shan, X.",2022,Influence of land cover change on spatio-temporal distribution of urban heat island —a case in Wuhan main urban area,Scopus,,,,N,Y,N/A,N/A,진행
457,10.1016/j.scs.2022.103681,"Ruiz, M.A.|Colli, M.F.|Martínez, C.F.|Correa, E.N.",2022,"Park cool island and built environment. A ten-year evaluation in Parque Central, Mendoza-Argentina",Scopus,,,,N,Y,N/A,N/A,진행
458,10.1007/s10708-020-10312-2,"Siddique, G.|Roy, A.|Mandal, M.H.|Ghosh, S.|Basak, A.|Singh, M.|Mukherjee, N.",2022,"An assessment on the changing status of urban green space in Asansol city, West Bengal",Scopus,,,,N,Y,N/A,N/A,진행
459,10.31548/forest.13(1).2022.58-71,"Strashok, O.|Kolesnichenko, O.|Kalbarczyk, R.|Ziemiańska, M.|Bidolakh, D.|Strashok, V.",2022,Assessment of Model Grass Plots of the City of Kyiv in Eco-Conditions of Anthropogenic Load,Scopus,,,,N,Y,N/A,N/A,진행
460,10.3390/land11030317,"Gulshad, K.|Wang, Y.|Li, N.|Wang, J.|Yu, Q.",2022,"Likelihood of Transformation to Green Infrastructure Using Ensemble Machine Learning Techniques in Jinan, China",Scopus,,,,N,N,결과변수-열환경아님,도시지역과 녹지 주제이지만 결과변수는 녹지 전환 가능성으로 LST 등은 설명변수일 뿐이며 도시 온열환경 지표를 결과로 다루지 않아 제외,배제
461,10.3390/ijerph19052949,"Wang, T.|Tu, H.|Min, B.|Li, Z.|Li, X.|You, Q.",2022,The Mitigation Effect of Park Landscape on Thermal Environment in Shanghai City Based on Remote Sensing Retrieval Method,Scopus,,,,N,Y,N/A,N/A,진행
462,10.1016/j.jag.2021.102674,"Liu, K.|Li, X.|Wang, S.|Gao, X.",2022,"Assessing the effects of urban green landscape on urban thermal environment dynamic in a semiarid city by integrated use of airborne data, satellite imagery and land surface model",Scopus,,,,N,Y,N/A,N/A,진행
463,10.3390/rs14030561,"Cotlier, G.I.|Jiménez, J.C.",2022,The Extreme Heat Wave over Western North America in 2021: An Assessment by Means of Land Surface Temperature,Scopus,,,,N,N,녹지변수비중부족,도시에서 LST와 SUHI를 평가하는 연구로 결과변수는 적합하나 녹지 형태와 구성 변수를 주된 독립변수로 정량 분석하지 않았으며 열파 시 LST와 SUHI 평가와 클러스터 분석이 중심이고 녹지 관련 내용은 정성적 언급 수준임,배제
464,10.1016/j.landusepol.2021.105874,"Arshad, S.|Ahmad, S.R.|Abbas, S.|Asharf, A.|Siddiqui, N.A.|Islam, Z.U.",2022,Quantifying the contribution of diminishing green spaces and urban sprawl to urban heat island effect in a rapidly urbanizing metropolitan city of Pakistan,Scopus,,,,N,Y,N/A,N/A,진행
465,10.1016/j.scitotenv.2021.149735,"Shen, Z.|Xu, X.|Xu, S.|Sun, D.",2022,A comparative study of land development patterns and regional thermal environments (RTEs) in typical urban agglomerations of China and America: A case study of Beijing-Tianjin-Hebei (BTH) and Boswash,Scopus,,,,N,N,녹지변수 부재,도시권과 LST 등 온열지표를 다루지만 노출변수가 불투수면 구성·개발강도 중심으로 녹지 형태/구성 변수를 분석하지 않아 포함 기준에 부합하지 않음.,배제
466,10.1504/ijesd.2022.126078,"Sedláček, J.|Hais, M.|Pouchová, K.",2022,Green and blue infrastructure: means of reducing surface temperatures in the urban environment,Scopus,,,,N,Y,N/A,N/A,진행
467,10.15201/hungeobull.71.3.3,"Kolcsár, R.A.|Csete, Á.K.|Kovacs-Györi, A.|Szilassi, P.",2022,"Age-group-based evaluation of residents’ urban green space provision: Szeged, Hungary. A case study",Scopus,,,,N,N,열환경 지표 없음,도시지역과 녹지를 다루지만 결과가 UGS 접근성/공급·연령 분포 평가에 국한되며 지표온도·열섬강도·보행자 열쾌적성 등 열환경 지표를 측정하지 않음,배제
468,10.5751/ES-13303-270320,"Treglia, M.L.|McPhearson, T.|Sanderson, E.W.|Yetman, G.|Maxwell, E.N.",2022,"Examining the distribution of green roofs in New York City through a lens of social, ecological, and technological filters",Scopus,,,,N,N,도시O;녹지형태O;열환경지표없음,도시지역에서 그린루프 분포를 다루지만 도시 열환경 지표를 결과변수로 분석하지 않아 제외,배제
469,10.24057/2071-9388-2021-005,"Jabbar, М.|Yusoff, M.M.",2022,ASSESSING THE SPATIOTEMPORAL URBAN GREEN COVER CHANGES AND THEIR IMPACT ON LAND SURFACE TEMPERATURE AND URBAN HEAT ISLAND IN LAHORE (PAKISTAN) RESEARCH PAPER,Scopus,,,,N,Y,N/A,N/A,진행
470,10.7780/kjrs.2022.38.1.10,"Hanif, A.|Nasar-U-Minallah, M.|Zia, S.|Ashraf, I.",2022,"Mapping and Analyzing the Park Cooling Intensity in Mitigation of Urban Heat Island Effect in Lahore, Pakistan",Scopus,,,,N,Y,N/A,N/A,진행
471,10.1016/j.crsust.2022.100146,"Bekele, N.K.|Hailu, B.T.|Suryabhagavan, K.V.",2022,"Spatial patterns of urban blue-green landscapes on land surface temperature: A case of Addis Ababa, Ethiopia",Scopus,,,,N,Y,N/A,N/A,진행
472,10.1016/j.ufug.2021.127440,"von Dohren, P.|Haase, D.",2022,"Geospatial assessment of urban ecosystem disservices: An example of poisonous urban trees in Berlin, Germany",Scopus,,,,N,N,열환경지표미포함,도시 대상이며 주제는 도시 수목이지만 결과는 독성 수목의 공간분포와 취약집단 노출위험 평가로서 지표온도 열섬강도 보행자 열쾌적성 등 도시 온열환경 지표를 다루지 않음,배제
473,10.1080/13549839.2021.2005007,"Burbidge, M.|Smith Larsen, T.|Feder, S.|Yan, S.",2022,"Don’t blame it on the sunshine! An exploration of the spatial distribution of heat injustice across districts in Antwerp, Belgium",Scopus,,,,N,Y,N/A,N/A,진행
474,10.1016/j.enbuild.2021.111564,"Bartesaghi Koc, C.|Osmond, P.|PETERS, A.",2022,Innovative use of spatial regression models to predict the effects of green infrastructure on land surface temperatures,Scopus,,,,N,Y,N/A,N/A,진행
475,10.1016/j.scs.2021.103376,"McConnell, K.|Braneon, C.V.|Glenn, E.|Stamler, N.|Mallen, E.|Johnson, D.P.|Pandya, R.|Abramowitz, J.|Fernandez, G.|Rosenzweig, C.",2022,"A quasi-experimental approach for evaluating the heat mitigation effects of green roofs in Chicago, Illinois",Scopus,,,,N,Y,N/A,N/A,진행
476,10.1016/j.jag.2021.102610,"Wang, X.|Meng, Q.|Zhang, L.|Hu, D.",2021,Evaluation of urban green space in terms of thermal environmental benefits using geographical detector analysis,Scopus,,,,N,Y,N/A,N/A,진행
477,10.1134/S0001433821120197,"Shinkarenko, S.S.|Kosheleva, O.Y.|Gordienko, O.A.|Dubacheva, A.A.|Omarov, R.S.",2021,The Relationship between the Seasonal Dynamics of Surface Temperature and NDVI in Urbanized Areas of an Arid Zone. The Case of the Volgograd Agglomeration,Scopus,,,,N,Y,N/A,N/A,진행
478,10.3390/rs13245114,"Yang, L.|Yu, K.|Ai, J.|Liu, Y.|Lin, L.|Lin, L.|Liu, J.",2021,"The influence of green space patterns on land surface temperature in different seasons: A case study of fuzhou city, china",Scopus,,,,N,Y,N/A,N/A,진행
479,10.3390/ijerph182413088,"You, M.|Lai, R.|Lin, J.|Zhu, Z.",2021,"Quantitative analysis of a spatial distribution and driving factors of the urban heat island effect: A case study of Fuzhou Central Area, China",Scopus,,,,N,Y,N/A,N/A,진행
480,10.1016/j.ufug.2021.127403,"Moody, R.|Geron, N.|Healy, M.|Rogan, J.|Martin, D.",2021,"Modeling the spatial distribution of the current and future ecosystem services of urban tree planting in Chicopee and Fall River, Massachusetts",Scopus,,,,N,N,결과변수_온열지표_아님,도시지역과 녹지(도시 가로수) 식재를 다루지만 결과는 에너지 절감·생태계서비스 가치 평가로 한정되어 지표온도·열섬강도·보행자 열쾌적 등 도시 온열환경 지표를 직접 분석하지 않아 제외,배제
481,10.1016/j.ufug.2021.127393,"Qin, H.|Cheng, X.|Han, G.|Wang, Y.|Deng, J.|Yang, Y.",2021,"How thermal conditions affect the spatial-temporal distribution of visitors in urban parks: A case study in Chongqing, China",Scopus,,,,N,N,녹지구성변수부재;결과변수행동,도시공원에서 PET와 방문객 분포의 상관을 분석했으나 녹지 형태/구성 변수(수목피복·배치 등)를 다루지 않고 주된 결과변수도 방문객 분포(행동지표)이며 PET는 설명변수로 사용됨.,배제
482,10.1016/j.uclim.2021.101002,"Chakraborty, S.|Pramanik, S.|Follmann, A.|Giri, B.|Mondal, B.|Patel, P.P.|Maity, I.|Das, J.|Punia, M.|Sahana, M.",2021,Dominant urban form and its relation to nighttime land surface temperature in the rapidly urbanizing National Capital Region of India,Scopus,,,,N,Y,N/A,N/A,진행
483,10.1016/j.scitotenv.2021.149313,"Rafael, S.|Correia, L.P.|Ascenso, A.|Augusto, B.|Lopes, D.|Isabel Miranda, A.I.",2021,Are green roofs the path to clean air and low carbon cities?,Scopus,,,,N,Y,N/A,N/A,진행
484,10.1016/j.retrec.2021.101106,"Le Pira, M.|Marcucci, E.|Gatta, V.",2021,Roman holiday: Tourist heterogeneous preferences for walking path elements,Scopus,,,,N,N,녹지구성 비주제; 열지표 아님; 보행선호 연구,도시(로마) 대상이지만 초점은 관광객의 보행경로 선호·만족도이며 녹지·열쾌적성은 일부 속성일 뿐; 녹지 형태/구성 변수를 체계적으로 다루지 않고 결과도 도시 온열환경 지표가 아니다.,배제
485,10.3390/rs13224703,"Amani-Beni, M.|Zhang, B.|Xie, G.-D.|Odgaard, A.J.",2021,Impacts of the microclimate of a large urban park on its surrounding built environment in the summertime,Scopus,,,,N,Y,N/A,N/A,진행
486,10.3390/rs13224601,"Yan, L.|Jia, W.|Zhao, S.",2021,"The cooling effect of urban green spaces in metacities: A case study of Beijing, China’s capital",Scopus,,,,N,Y,N/A,N/A,진행
487,10.3390/ijerph182211917,"Jiang, Y.|Huang, J.|Shi, T.|Li, X.",2021,Cooling island effect of blue-green corridors: Quantitative comparison of morphological impacts,Scopus,,,,N,Y,N/A,N/A,진행
488,10.3390/ijerph182111404,"Jiang, Y.|Huang, J.|Shi, T.|Wang, H.",2021,Interaction of urban rivers and green space morphology to mitigate the urban heat island effect: Case-based comparative analysis,Scopus,,,,N,Y,N/A,N/A,진행
489,10.1016/j.atmosenv.2021.118702,"Zhong, T.|Zhang, N.|Lv, M.",2021,A numerical study of the urban green roof and cool roof strategies’ effects on boundary layer meteorology and ozone air quality in a megacity,Scopus,,,,N,Y,N/A,N/A,진행
490,10.1016/j.ecolind.2021.108046,"Liu, Q.|Xie, M.|Wu, R.|Xue, Q.|Chen, B.|Li, Z.|Li, X.",2021,"From expanding areas to stable areas: Identification, classification and determinants of multiple frequency urban heat islands",Scopus,,,,N,Y,N/A,N/A,진행
491,10.1016/j.scs.2021.103184,"Cruz, J.A.|Blanco, A.C.|Garcia, J.J.|Santos, J.A.|Moscoso, A.D.",2021,"Evaluation of the cooling effect of green and blue spaces on urban microclimate through numerical simulation: A case study of Iloilo River Esplanade, Philippines",Scopus,,,,N,Y,N/A,N/A,진행
492,10.3390/rs13194008,"Zhang, Q.|Wu, Z.|Singh, V.P.|Liu, C.",2021,"Impacts of spatial configuration of land surface features on land surface temperature across urban agglomerations, China",Scopus,,,,N,Y,N/A,N/A,진행
493,10.1016/j.jclepro.2021.128458,"Abuseif, M.|Dupre, K.|Michael, R.",2021,The effect of green roof configurations including trees in a subtropical climate: A co-simulation parametric study,Scopus,,,,N,Y,N/A,N/A,진행
494,10.5152/forestist.2020.202046,"Gülçin, D.",2021,Spatial Distribution of Urban Vegetation: A Case Study of a Canadian University Campus Using LiDAR-Based Metrics,Scopus,,,,N,N,열환경지표없음,도시 캠퍼스의 녹지 분포·지수 비교 연구로서 온열환경 지표(지표온도·열섬강도·열쾌적성 등)를 결과변수로 측정·분석하지 않음,배제
495,10.3390/rs13173415,"Ye, H.|Li, Z.|Zhang, N.|Leng, X.|Meng, D.|Zheng, J.|Li, Y.",2021,Variations in the effects of landscape patterns on the urban thermal environment during rapid urbanization (1990–2020) in megacities,Scopus,,,,N,Y,N/A,N/A,진행
496,10.1016/j.uclim.2021.100969,"Zhou, Y.|Gao, W.|Yang, C.|Shen, Y.",2021,"Exploratory analysis of the influence of landscape patterns on lake cooling effect in Wuhan, China",Scopus,,,,N,Y,N/A,N/A,진행
497,10.1016/j.buildenv.2021.108051,"Liu, S.|Zhang, J.|Li, J.|Li, Y.|Zhang, J.|Wu, X.",2021,Simulating and mitigating extreme urban heat island effects in a factory area based on machine learning,Scopus,,,,N,Y,N/A,N/A,진행
498,10.1016/j.scs.2021.103005,"Chen, T.-L.|Lin, Z.-H.",2021,Impact of land use types on the spatial heterogeneity of extreme heat environments in a metropolitan area,Scopus,,,,N,Y,N/A,N/A,진행
499,10.1016/j.scitotenv.2021.146455,"Park, C.Y.|Thorne, J.H.|Hashimoto, S.|Lee, D.K.|Takahashi, K.",2021,Differing spatial patterns of the urban heat exposure of elderly populations in two megacities identifies alternate adaptation strategies,Scopus,,,,N,N,녹지형태주제아님,도시와 온열지표는 해당하지만 연구 초점이 노인 열노출 및 기후/UHI 통합에 있으며 녹지의 형태·구성 변수를 체계적으로 독립변수로 분석하지 않아 선정 기준(녹지 형태/구성 주제)을 충족하지 않음.,배제
500,10.1016/j.envc.2021.100187,"Kafy, A.-A.|Al Rakib, A.|Akter, K.S.|Rahaman, Z.A.|Faisal, A.-A.|Mallik, S.|Nasher, N.M.R.|Hossain, M.I.|Ali, M.Y.",2021,"Monitoring the effects of vegetation cover losses on land surface temperature dynamics using geospatial approach in Rajshahi City, Bangladesh",Scopus,,,,N,Y,N/A,N/A,진행
501,10.1088/1748-9326/ac12f2,"Alonzo, M.|Baker, M.E.|Gao, Y.|Shandas, V.",2021,Spatial configuration and time of day impact the magnitude of urban tree canopy cooling,Scopus,,,,N,Y,N/A,N/A,진행
502,10.1016/j.enbuild.2021.111027,"Liao, W.|Hong, T.|Heo, Y.",2021,The effect of spatial heterogeneity in urban morphology on surface urban heat islands,Scopus,,,,N,Y,N/A,N/A,진행
503,10.1007/s11356-021-13693-0,"Amindin, A.|Pouyan, S.|Pourghasemi, H.R.|Yousefi, S.|Tiefenbacher, J.P.",2021,Spatial and temporal analysis of urban heat island using Landsat satellite images,Scopus,,,,N,Y,N/A,N/A,진행
504,10.1007/s11252-020-01073-4,"Li, Y.|Fan, S.|Li, K.|Zhang, Y.|Dong, L.",2021,"Microclimate in an urban park and its influencing factors: a case study of Tiantan Park in Beijing, China",Scopus,,,,N,Y,N/A,N/A,진행
505,10.7717/peerj.11854,"Ma, X.|Peng, S.",2021,Assessing the quantitative relationships between the impervious surface area and surface heat island effect during urban expansion,Scopus,,,,N,N,녹지구성변수부재,도시지역과 열환경(LST/SUHI)을 다루지만 주된 노출은 불투수면적(ISA)으로 녹지·수체의 형태/구성 변수를 정량적으로 분석하지 않아 ‘녹지 형태·구성 변수’ 주제 기준에 부합하지 않음.,배제
506,10.1016/j.ufug.2021.127168,"Lin, W.|Zeng, C.|Lam, N.S.-N.|Liu, Z.|Tao, J.|Zhang, X.|Lyu, B.|Li, N.|Li, D.|Chen, Q.",2021,Study of the relationship between the spatial structure and thermal comfort of a pure forest with four distinct seasons at the microscale level,Scopus,,,,N,Y,N/A,N/A,진행
507,10.1016/j.ufug.2021.127154,"Huang, H.|Yang, H.|Chen, Y.|Chen, T.|Bai, L.|Peng, Z.-R.",2021,"Urban green space optimization based on a climate health risk appraisal – A case study of Beijing city, China",Scopus,,,,N,Y,N/A,N/A,진행
508,10.1016/j.ufug.2021.127159,"Ke, X.|Men, H.|Zhou, T.|Li, Z.|Zhu, F.",2021,Variance of the impact of urban green space on the urban heat island effect among different urban functional zones: A case study in Wuhan,Scopus,,,,N,Y,N/A,N/A,진행
509,10.1007/s11356-020-12086-z,"Hu, Y.|Dai, Z.|Guldmann, J.-M.",2021,Greenspace configuration impact on the urban heat island in the Olympic Area of Beijing,Scopus,,,,N,Y,N/A,N/A,진행
510,10.1007/s10668-020-01087-0,"Luo, H.|Wu, J.",2021,"Effects of urban growth on the land surface temperature: a case study in Taiyuan, China",Scopus,,,,N,Y,N/A,N/A,진행
511,10.1007/s10668-020-01046-9,"Ekwe, M.C.|Adamu, F.|Gana, J.|Nwafor, G.C.|Usman, R.|Nom, J.|Onu, O.D.|Adedeji, O.I.|Halilu, S.A.|Aderoju, O.M.",2021,"The effect of green spaces on the urban thermal environment during a hot-dry season: a case study of Port Harcourt, Nigeria",Scopus,,,,N,Y,N/A,N/A,진행
512,10.1007/s10980-020-00982-1,"Yu, Z.|Fryd, O.|Sun, R.|Jorgensen, G.|Yang, G.|Özdil, N.C.|Vejre, H.",2021,Where and how to cool? An idealized urban thermal security pattern model,Scopus,,,,N,Y,N/A,N/A,진행
513,10.3846/jeelm.2021.15573,"Wang, Y.|Huang, J.|Chen, C.|Shen, J.|Sheng, S.",2021,The cooling intensity dependent on landscape complexity of green infrastructure in the metropolitan area,Scopus,,,,N,Y,N/A,N/A,진행
514,10.3390/su13116457,"Addas, A.|Maghrabi, A.",2021,Role of urban greening strategies for environmental sustainability-a review and assessment in the context of Saudi Arabian megacities,Scopus,,,,N,Y,N/A,N/A,진행
515,10.1016/j.envres.2021.111000,"Wang, P.|Goggins, W.B.|Shi, Y.|Zhang, X.|Ren, C.|Lau, K.",2021,Long-term association between urban air ventilation and mortality in Hong Kong,Scopus,,,,N,N,도시열지표아님/녹지변수아님/사망결과,홍콩 도시자료이지만 노출은 공기환기 FAD로 녹지 형태나 구성 변수가 아니며 결과변수는 사망률로 도시 온열환경 지표가 아님,배제
516,10.1016/j.envint.2021.106441,"Pascal, M.|Goria, S.|Wagner, V.|Sabastia, M.|Guillet, A.|Cordeau, E.|Mauclair, C.|Host, S.",2021,Greening is a promising but likely insufficient adaptation strategy to limit the health impacts of extreme heat,Scopus,,,,N,N,건강결과 사망 중심-열환경 지표 부재,도시지역과 녹지 및 불투수도를 다루지만 주결과가 온열환경 지표가 아니고 온도 사망 관계 즉 사망 위험을 평가하여 기준의 결과변수 지표온도 열섬강도 열쾌적성 등에 부합하지 않음,배제
517,10.3389/fenvs.2021.657969,"Wu, C.|Li, J.|Wang, C.|Song, C.|Haase, D.|Breuste, J.|Finka, M.",2021,"Estimating the Cooling Effect of Pocket Green Space in High Density Urban Areas in Shanghai, China",Scopus,,,,N,Y,N/A,N/A,진행
518,10.1016/j.jclepro.2021.126897,"Wu, W.|Li, L.|Li, C.",2021,Seasonal variation in the effects of urban environmental factors on land surface temperature in a winter city,Scopus,,,,N,Y,N/A,N/A,진행
519,10.3389/fbuil.2021.622382,"Setiawati, M.D.|Jarzebski, M.P.|Gómez García, M.|Fukushi, K.",2021,Accelerating Urban Heating Under Land-Cover and Climate Change Scenarios in Indonesia: Application of the Universal Thermal Climate Index,Scopus,,,,N,Y,N/A,N/A,진행
520,10.1016/j.ufug.2021.127069,"Chinchilla, J.|Carbonnel, A.|Galleguillos, M.",2021,Effect of urban tree diversity and condition on surface temperature at the city block scale,Scopus,,,,N,Y,N/A,N/A,진행
521,10.1007/s11368-020-02682-4,"Sobocká, J.|Saksa, M.|Feranec, J.|Szatmári, D.|Holec, J.|Bobál’ová, H.|Rášová, A.",2021,Mapping of urban environmentally sensitive areas in Bratislava city,Scopus,,,,N,Y,N/A,N/A,진행
522,10.3390/rs13071396,"Athukorala, D.|Murayama, Y.",2021,Urban heat island formation in greater cairo: Spatio-temporal analysis of daytime and nighttime land surface temperatures along the urban-rural gradient,Scopus,,,,N,Y,N/A,N/A,진행
523,10.1016/j.scs.2021.102734,"Aretouyap, Z.|Domra Kana, J.|Kemgang Ghomsi, F.E.",2021,Appraisal of environment quality in the capital district of Cameroon using Landsat-8 images,Scopus,,,,N,Y,N/A,N/A,진행
524,10.1016/j.scitotenv.2020.144605,"Wang, C.|Turner, V.K.|Wentz, E.A.|Zhao, Q.|Myint, S.W.",2021,"Optimization of residential green space for environmental sustainability and property appreciation in metropolitan Phoenix, Arizona",Scopus,,,,N,Y,N/A,N/A,진행
525,N/A,"Benbrahim, A.|Abdou, S.",2021,Blue and green infrastructures as a resilient climate strategies in river urban redevelopment project,Scopus,,,,N,Y,N/A,N/A,진행
526,10.3390/su13052736,"Cui, L.|Rupprecht, C.D.D.|Shibata, S.",2021,Climate-responsive green-space design inspired by traditional gardens: Microclimate and human thermal comfort of Japanese gardens,Scopus,,,,N,Y,N/A,N/A,진행
527,10.1016/j.scs.2020.102698,"Liu, J.|Zhang, L.|Zhang, Q.|Zhang, G.|Teng, J.",2021,Predicting the surface urban heat island intensity of future urban green space development using a multi-scenario simulation,Scopus,,,,N,Y,N/A,N/A,진행
528,10.1016/j.jenvman.2020.111882,"Bollman, M.A.|DeSantis, G.E.|Waschmann, R.S.|Mayer, P.M.",2021,Effects of shading and composition on green roof media temperature and moisture,Scopus,,,,N,Y,N/A,N/A,진행
529,10.1016/j.ufug.2020.126877,"Shukla, A.|Jain, K.",2021,"Analyzing the impact of changing landscape pattern and dynamics on land surface temperature in Lucknow city, India",Scopus,,,,N,Y,N/A,N/A,진행
530,10.3390/su13031511,"Saverino, K.C.|Routman, E.|Lookingbill, T.R.|Eanes, A.M.|Hoffman, J.S.|Bao, R.",2021,"Thermal inequity in richmond, va: The effect of an unjust evolution of the urban landscape on urban heat islands",Scopus,,,,N,Y,N/A,N/A,진행
531,10.3390/f12020111,"Wei, J.|Li, H.|Wang, Y.|Xu, X.",2021,The cooling and humidifying effects and the thresholds of plant community structure parameters in urban aggregated green infrastructure,Scopus,,,,N,Y,N/A,N/A,진행
532,10.3390/rs13020323,"Chen, L.|Wang, X.|Cai, X.|Yang, C.|Lu, X.",2021,"Seasonal variations of daytime land surface temperature and their underlying drivers over Wuhan, China",Scopus,,,,N,Y,N/A,N/A,진행
533,10.3390/su13020960,"Chao, C.-C.|Hung, K.-A.|Chen, S.-Y.|Lin, F.-Y.|Lin, T.-P.",2021,Application of a high-density temperature measurement system for the management of the kaohsiung house project,Scopus,,,,N,N,녹지 변수 미분석,도시 지역 대상과 열섬 및 온도 분포를 관측했으나 녹지 형태나 구성 변수의 효과를 다루는 정량 분석이 없음 정책 권고와 PV 패널 재배치 제안 중심으로 노출 변수가 녹지라고 보기 어려움,배제
534,10.3897/oneeco.6.e65706,"Schmidt, K.|Walz, A.",2021,"Ecosystem-based adaptation to climate change through residential urban green structures: co-benefits to thermal comfort, biodiversity, carbon storage and social interaction",Scopus,,,,N,Y,N/A,N/A,진행
535,10.1155/2021/2793474,"Sun, L.|Wang, J.|Xie, Z.|Li, R.|Wu, X.|Wu, Y.",2021,Evaluating the Street Greening with the Multiview Data Fusion,Scopus,,,,N,N,열지표부재,도시지역과 녹지 변수는 다루지만 결과변수가 녹지 지수(SFVC·GVI·CSGEI)이며 도시 온열환경 지표(지표온도·열섬강도·열쾌적성 등)를 측정·분석하지 않음,배제
536,10.1109/JSTARS.2021.3098667,"Jiao, Z.|Sun, G.|Zhang, A.|Jia, X.|Huang, H.|Yao, Y.",2021,Water Benefit-Based Ecological Index for Urban Ecological Environment Quality Assessments,Scopus,,,,N,N,열환경결과변수아님;녹지형태주제아님,도시 대상이나 물 혜택 기반 생태지수 WBEI 개발 연구로서 LST 등 지표를 입력요소로만 활용하며 결과변수는 종합 생태지수 UEEQ임; 녹지 형태 구성의 효과를 분석하지 않고 도시 온열환경 지표를 종속변수로 다루지 않음,배제
537,10.1016/j.ufug.2020.126938,"Sebastiani, A.|Marando, F.|Manes, F.",2021,Mismatch of regulating ecosystem services for sustainable urban planning: PM10 removal and urban heat island effect mitigation in the municipality of Rome (Italy),Scopus,,,,N,Y,N/A,N/A,진행
538,10.1016/j.uclim.2020.100746,"Barbosa Teixeira, C.F.B.",2021,Green space configuration and its impact on human behavior and URBAN environments,Scopus,,,,N,Y,N/A,N/A,진행
539,10.1016/j.uclim.2020.100744,"Sugawara, H.|Narita, K.-I.|Mikami, T.",2021,Vertical structure of the cool island in a large urban park,Scopus,,,,N,Y,N/A,N/A,진행
540,10.1016/j.uclim.2020.100743,"Masoudi, M.|Tan, P.Y.|Fadaei, M.",2021,The effects of land use on spatial pattern of urban green spaces and their cooling ability,Scopus,,,,N,Y,N/A,N/A,진행
541,10.1016/j.buildenv.2020.107390,"Tepanosyan, G.|Muradyan, V.|Hovsepyan, A.|Pinigin, G.|Medvedev, A.|Asmaryan, S.",2021,"Studying spatial-temporal changes and relationship of land cover and surface Urban Heat Island derived through remote sensing in Yerevan, Armenia",Scopus,,,,N,Y,N/A,N/A,진행
542,10.1016/j.catena.2020.104910,"Halecki, W.|Stachura, T.",2021,Evaluation of soil hydrophysical parameters along a semiurban small river: Soil ecosystem services for enhancing water retention in urban and suburban green areas,Scopus,,,,N,N,열환경 지표 없음 수문·토양 수분보유 연구,도시 및 준도시 지역을 다루지만 주제는 토양 수문 특성과 수분보유 능력에 초점이며 결과변수에 지표온도 열섬강도 열쾌적성 등 도시 온열환경 지표가 없음,배제
543,10.1080/00038628.2020.1812501,"Gunawardena, K.|Steemers, K.",2021,Living wall influence on the microclimates of sheltered urban conditions: results from monitoring studies,Scopus,,,,N,Y,N/A,N/A,진행
544,10.1016/j.measurement.2020.108212,"Widiastuti, R.|Zaini, J.|Caesarendra, W.",2020,Field measurement on the model of green facade systems and its effect to building indoor thermal comfort,Scopus,,,,N,N,실내열쾌적·건물모형·도시야외지표아님,연구는 그린팩사드를 건물 모형에 적용해 실내 온도와 습도 및 유효온도를 평가한 것으로 도시 야외 열환경 지표를 다루지 않아 제외,배제
545,10.1108/SASBE-03-2019-0028,"Eslamirad, N.|Malekpour Kolbadinejad, S.|Mahdavinejad, M.|Mehranrad, M.",2020,Thermal comfort prediction by applying supervised machine learning in green sidewalks of Tehran,Scopus,,,,N,Y,N/A,N/A,진행
546,10.22059/JES.2021.317736.1008123,"Ardestani, M.M.|Pardakhti, A.",2020,Cancer and Non- Cancer Risk Assessment of Heavy Metals in Ground Gater Resources of Varamin Plain,Scopus,,,,N,Y,N/A,N/A,진행
547,N/A,"Stojanovic, N.|Tešić, M.|Petrović, J.|Ćorović, D.|Vukmirovic, M.|Lisica, A.|Petrovič, U.",2020,The effect of roadside green spaces on wind speed reduction in the urban environment,Scopus,,,,N,N,열지표아님-풍속,도시지역과 녹지를 다루지만 결과변수가 풍속 감소로만 평가되어 도시 온열환경 지표에 부합하지 않음,배제
548,10.3390/su122310089,"Eanes, A.M.|Lookingbill, T.R.|Hoffman, J.S.|Fong, S.S.|Saverino, K.C.",2020,"Assessing inequitable urban heat islands and air pollution disparities with low-cost sensors in richmond, virginia",Scopus,,,,N,N,녹지변수 부재,도시 대상에서 PM2.5와 기온/UHI 불평등을 센서로 분석했으나 녹지 형태·구성 지표를 독립변수로 다루는 정량적 분석이 없어 포함 기준(녹지 변수) 미충족,배제
549,10.1016/j.scs.2020.102432,"Wang, R.|Murayama, Y.",2020,"Geo-simulation of land use/cover scenarios and impacts on land surface temperature in Sapporo, Japan",Scopus,,,,N,Y,N/A,N/A,진행
550,10.1111/geb.13168,"Magura, T.|Ferrante, M.|Lövei, G.L.",2020,Only habitat specialists become smaller with advancing urbanization,Scopus,,,,N,N,열지표아님·UHI미측정·생물지표,도시와 농촌 숲의 딱정벌레 체장 변화가 결과변수이며 녹지 형태나 구성 변수를 다루지 않고 UHI 등 도시 열환경 지표를 직접 측정하거나 분석하지 않아 포함 기준에 부합하지 않음,배제
551,10.1016/j.landurbplan.2020.103907,"Dong, J.|Peng, J.|He, X.|Corcoran, J.|Qiu, S.|Wang, X.",2020,Heatwave-induced human health risk assessment in megacities based on heat stress-social vulnerability-human exposure framework,Scopus,,,,N,Y,N/A,N/A,진행
552,10.1016/j.landurbplan.2020.103893,"Bartesaghi Koc, C.|Osmond, P.|PETERS, A.",2020,"Quantifying the seasonal cooling capacity of ‘green infrastructure types’ (GITs): An approach to assess and mitigate surface urban heat island in Sydney, Australia",Scopus,,,,N,Y,N/A,N/A,진행
553,10.1016/j.scs.2020.102381,"Wang, L.|Hou, H.|Weng, J.",2020,Ordinary least squares modelling of urban heat island intensity based on landscape composition and configuration: A comparative study among three megacities along the Yangtze River,Scopus,,,,N,Y,N/A,N/A,진행
554,10.1007/s10661-020-08601-x,"Govind, N.R.|Ramesh, H.",2020,Exploring the relationship between LST and land cover of Bengaluru by concentric ring approach,Scopus,,,,N,Y,N/A,N/A,진행
555,10.3390/atmos11090974,"Bochenek, A.D.|Klemm, K.",2020,The impact of passive green technologies on the microclimate of historic urban structures: The case study of lodz,Scopus,,,,N,Y,N/A,N/A,진행
556,10.3390/RS12182876,"Terfa, B.K.|Chen, N.|Zhang, X.|Niyogi, D.",2020,"Spatial configuration and extent explains the urban heat mitigation potential due to green spaces: Analysis over Addis Ababa, Ethiopia",Scopus,,,,N,Y,N/A,N/A,진행
557,10.3390/SU12176850,"Song, Y.|Song, X.|Shao, G.",2020,Effects of green space patterns on urban thermal environment at multiple spatial-temp,Scopus,,,,N,Y,N/A,N/A,진행
558,10.3390/RS12172713,"Lu, L.|Weng, Q.|Xiao, D.|Guo, H.|Li, Q.|Hui, W.",2020,"Spatiotemporal variation of surface urban heat islands in relation to land cover composition and configuration: A multi-scale case study of Xi'an, China",Scopus,,,,N,Y,N/A,N/A,진행
559,10.1111/sjtg.12328,"Borthakur, M.|Saikia, A.|Sharma, K.",2020,"Swelter in the city: Urban greenery and its effects on temperature in Guwahati, India",Scopus,,,,N,Y,N/A,N/A,진행
560,10.1080/03736245.2019.1685405,"Ngulani, T.|Shackleton, C.M.",2020,"The degree, extent and value of air temperature amelioration by urban green spaces in Bulawayo, Zimbabwe",Scopus,,,,N,Y,N/A,N/A,진행
561,10.22059/JES.2021.308065.1008059,"Aminzadeh, B.|Gheshlaghpour, S.",2020,The Effects of Spatial Patterns of Urban Green Structure on the Thermal Changes of Urban Heat Islands: The Case Study of Tehran,Scopus,,,,N,Y,N/A,N/A,진행
562,10.3390/f11080825,"Zhao, D.|Lei, Q.|Shi, Y.|Wang, M.|Chen, S.|Shah, K.|Ji, W.",2020,Role of species and planting configuration on transpiration and microclimate for urban trees,Scopus,,,,N,Y,N/A,N/A,진행
563,10.1016/j.ufug.2020.126719,"Hou, H.|Estoque, R.C.",2020,Detecting Cooling Effect of Landscape from Composition and Configuration: An Urban Heat Island Study on Hangzhou,Scopus,,,,N,Y,N/A,N/A,진행
564,10.3390/en13112755,"Bandurski, K.|Bandurska, H.|Kazimierczak-Grygiel, E.|Koczyk, H.",2020,"The green structure for outdoor places in dry, hot regions and seasons-providing human thermal comfort in sustainable cities",Scopus,,,,N,Y,N/A,N/A,진행
565,10.1007/s41748-020-00155-9,"Mukherjee, F.|Singh, D.",2020,Assessing Land Use–Land Cover Change and Its Impact on Land Surface Temperature Using LANDSAT Data: A Comparison of Two Urban Areas in India,Scopus,,,,N,Y,N/A,N/A,진행
566,10.1016/j.landusepol.2020.104564,"Yücekaya, M.|Uslu, C.",2020,An analytical model proposal to design urban open spaces in balance with climate: A case study of Gaziantep,Scopus,,,,N,Y,N/A,N/A,진행
567,10.1080/09640568.2019.1613966,"Kourdounouli, C.|Jönsson, A.M.",2020,Urban ecosystem conditions and ecosystem services–a comparison between large urban zones and city cores in the EU,Scopus,,,,N,Y,N/A,N/A,진행
568,10.3390/rs12071191,"Rahman, M.M.|Avtar, R.|Ali, A.P.|Dou, J.|Misra, P.|Takeuchi, W.|Sahu, N.|Kumar, P.|Johnson, B.A.|Dasgupta, R.|Kharrazi, A.|Chakraborty, S.|KURNIAWAN, T.A.",2020,Monitoring effect of spatial growth on land surface temperature in Dhaka,Scopus,,,,N,N,녹지변수부재,도시지역 대상이며 결과변수는 LST이나 연구 주제는 수평·수직 도시성장과 건물높이 및 건축밀도 분석으로 녹지 형태 또는 구성 변수를 다루지 않음,배제
569,10.1007/s10661-020-8184-7,"Jana, C.|Mandal, D.|Shrimali, S.S.|Alam, N.M.|Kumar, R.|Sena, D.R.|Kaushal, R.",2020,"Assessment of urban growth effects on green space and surface temperature in Doon Valley, Uttarakhand, India",Scopus,,,,N,Y,N/A,N/A,진행
570,10.1016/j.ufug.2020.126650,"Elliot, T.|Babí Almenar, J.|Rugani, B.",2020,Modelling the relationships between urban land cover change and local climate regulation to estimate urban heat island effect,Scopus,,,,N,Y,N/A,N/A,진행
571,10.1038/s41559-020-1131-8,"Campbell-Staton, S.C.|Winchell, K.M.|Rochette, N.C.|Fredette, J.|Maayan, I.|Schweizer, R.M.|Catchen, J.",2020,Parallel selection on thermal physiology facilitates repeated adaptation of city lizards to urban heat islands,Scopus,,,,N,N,생리유전 적응 연구 및 녹지변수 부재와 열환경 지표 아님,도시와 산림의 도마뱀을 비교하나 초점은 열내성 등 생리유전 적응으로 녹지 형태나 구성 변수를 다루지 않으며 결과변수도 지표온도 열섬강도 보행자 열쾌적성 등 도시 온열환경 지표가 아니므로 제외,배제
572,10.1016/j.scs.2020.102024,"Huanchun, H.|Yang, H.|Xin, D.|Cui, H.|Liu, L.|Wei, L.|Zeng, Z.",2020,Analyzing the Influencing Factors of Urban Thermal Field Intensity Using Big-Data-Based GIS,Scopus,,,,N,Y,N/A,N/A,진행
573,10.1007/s11252-019-00916-z,"Cârlan, I.|Haase, D.|Große-Stoltenberg, A.|Şandric, I.",2020,"Mapping heat and traffic stress of urban park vegetation based on satellite imagery - A comparison of Bucharest, Romania and Leipzig, Germany",Scopus,,,,N,N,결과변수-식생건강 LST-설명변수,도시공원 연구이지만 결과변수가 식생스트레스 건강지표이며 도시 온열지표를 결과로 분석하지 않음 LST는 독립변수로 사용됨,배제
574,10.1016/j.uclim.2019.100574,"Davtalab, J.|Deyhimi, S.P.|Dessì, V.|Hafezi, M.R.|Adib, M.",2020,The impact of green space structure on physiological equivalent temperature index in open space,Scopus,,,,N,Y,N/A,N/A,진행
575,10.3390/f11020228,"Gatto, E.|Buccolieri, R.|Aarrevaara, E.|Ippolito, F.|Emmanuel, R.|Perronace, L.|Santiago, J.L.",2020,"Impact of Urban vegetation on outdoor thermal comfort: Comparison between a Mediterranean city (Lecce, Italy) and a northern European city (Lahti, Finland)",Scopus,,,,N,Y,N/A,N/A,진행
576,10.1016/j.buildenv.2019.106552,"Peng, L.L.H.|Jiang, Z.|Yang, X.|He, Y.|Xu, T.|Chen, S.S.",2020,Cooling effects of block-scale facade greening and their relationship with urban form,Scopus,,,,N,Y,N/A,N/A,진행
577,10.1016/j.ecolind.2019.105778,"Zhou, W.|Cao, F.",2020,Effects of changing spatial extent on the relationship between urban forest patterns and land surface temperature,Scopus,,,,N,Y,N/A,N/A,진행
578,10.21660/2020.75.23161,"Sumunar, D.R.|Arif, N.|Hadi, B.S.|Sariyono, K.E.",2020,URBAN ENERGY MODELING USING REMOTE SENSING APPROACHES,Scopus,,,,N,Y,N/A,N/A,진행
579,10.1093/jme/tjz145,"Mogi, M.|Armbruster, P.A.|Tuno, N.|Wilkerson, R.",2020,"Differences in Responses to Urbanization between Invasive Mosquitoes, Aedes japonicus japonicus (Diptera: Culicidae) and Aedes albopictus, in Their Native Range, Japan",Scopus,,,,N,N,열환경 지표 부재; 생태분포 중심,도시 후쿠오카에서 침입모기 서식 비교 연구로 녹지 형태 또는 구성을 주제로 정량 분석하지 않았고 지표온도 열섬강도 열쾌적성 등 온열환경 지표를 측정하지 않아 기준에 부합하지 않음,배제
580,10.1016/j.envint.2019.105132,"Mueller, N.|Rojas-Rueda, D.|Khreis, H.|Cirach, M.|Andrés, D.|Ballester, J.|Bartoll-Roca, X.|Daher, C.|Deluca, A.|Echave, C.|Milà, C.|Márquez, S.|Palou, J.|Pérez, K.|Tonne, C.|Stevenson, M.|Rueda-Palenzuela, S.|Nieuwenhuijsen, M.",2020,Changing the urban design of cities for health: The superblock model,Scopus,,,,N,N,열환경지표아님 및 녹지구성초점아님,도시대상이지만 슈퍼블록 정책의 건강영향 평가로 결과는 조기사망 기대수명 경제효과 등 건강지표임. 녹지 확대와 UHI 완화는 중간노출로만 다루어져 녹지 형태 또는 구성 변수나 도시 온열환경 지표를 주된 결과로 분석하지 않음,배제
581,10.1016/j.atmosenv.2019.116886,"van Ryswyk, K.|Prince, N.|Ahmed, M.|Brisson, E.|Miller, J.D.|Villeneuve, P.J.",2019,"Does urban vegetation reduce temperature and air pollution concentrations? Findings from an environmental monitoring study of the Central Experimental Farm in Ottawa, Canada",Scopus,,,,N,Y,N/A,N/A,진행
582,10.1016/j.scitotenv.2019.133742,"Wu, C.|Li, J.|Wang, C.|Song, C.|Chen, Y.|Finka, M.|La Rosa, D.",2019,Understanding the relationship between urban blue infrastructure and land surface temperature,Scopus,,,,N,N,블루인프라(수체) 연구로 녹지 아님,도시와 LST를 다루지만 연구주제가 녹지 형태/구성 변수가 아니라 청색인프라 수체 특성 크기·형상·NDWI 에 초점이라 포함 기준 녹지 불충족,배제
583,10.1007/s13762-019-02329-z,"Tayebi, S.|Mohammadi, H.|Shamsipoor, A.|Tayebi, S.|Alavi, S.A.|Hoseinioun, S.",2019,Analysis of land surface temperature trend and climate resilience challenges in Tehran,Scopus,,,,N,N,녹지형태변수없음,도시 LST/UHI를 분석하지만 녹지의 형태·구성 지표를 독립변수로 정량적으로 다루지 않아(녹지 배치/면적/NDVI·패치지표 등 부재) 토지이용·개발밀도 중심의 추세 분석에 그침.,배제
584,10.3390/ijgi8120522,"Liu, X.|Xiao, Z.|Liu, R.",2019,A spatio-temporal Bayesian model for estimating the effects of land use change on urban heat island,Scopus,,,,N,Y,N/A,N/A,진행
585,10.1016/j.jag.2019.101903,"Bartesaghi Koc, C.|Osmond, P.|PETERS, A.",2019,Spatio-temporal patterns in green infrastructure as driver of land surface temperature variability: The case of Sydney,Scopus,,,,N,Y,N/A,N/A,진행
586,10.3390/rs11192244,"Mullerova, D.|Williams, M.",2019,Satellite monitoring of thermal performance in smart urban designs,Scopus,,,,N,N,녹지변수없음,도시지역과 LST는 다루지만 녹지의 형태·구성 변수를 측정·분석하지 않고 핫스팟 모니터링 위주로 진행되어 스코프에 부합하지 않음,배제
587,10.3390/rs11192322,"Wesley, E.J.|Brunsell, N.A.",2019,Greenspace pattern and the surface urban heat island: A biophysically-based approach to investigating the effects of urban landscape configuration,Scopus,,,,N,Y,N/A,N/A,진행
588,10.1007/s40808-019-00573-3,"Pramanik, S.|Punia, M.",2019,"Assessment of green space cooling effects in dense urban landscape: a case study of Delhi, India",Scopus,,,,N,Y,N/A,N/A,진행
589,10.1080/10225706.2019.1623054,"Chakraborti, S.|Banerjee, A.|Sannigrahi, S.|Pramanik, S.|Maiti, A.|Jha, S.",2019,Assessing the dynamic relationship among land use pattern and land surface temperature: A spatial regression approach,Scopus,,,,N,Y,N/A,N/A,진행
590,10.3390/rs11131553,"Li, F.|Sun, W.|Yang, G.|Weng, Q.",2019,"Investigating spatiotemporal patterns of surface Urban heat islands in the Hangzhou Metropolitan area, China, 2000-2015",Scopus,,,,N,Y,N/A,N/A,진행
591,10.1016/j.jobe.2019.100735,"Tien, P.W.|Kaiser Calautit, J.K.",2019,Numerical analysis of the wind and thermal comfort in courtyards “skycourts” in high rise buildings,Scopus,,,,N,N,녹지변수아님/건물내반옥외,고층 건물 스카이코트의 기하와 설계에 따른 풍열쾌적성 CFD 분석으로 도시 녹지 형태 또는 구성 변수 연구가 아님이며 식생 미고려로 녹지효과 분석 부재 및 대상이 건물 내부 반옥외 공간이어서 도시 야외 열환경 지표 중심 연구와 거리가 있음,배제
592,10.1016/j.ufug.2019.05.014,"Fung, C.K.W.|Jim, C.Y.",2019,Microclimatic resilience of subtropical woodlands and urban-forest benefits,Scopus,,,,N,Y,N/A,N/A,진행
593,10.1007/s00704-018-2534-1,"Targino, A.C.|Coraiola, G.C.|Krecl, P.",2019,Green or blue spaces? Assessment of the effectiveness and costs to mitigate the urban heat island in a Latin American city,Scopus,,,,N,Y,N/A,N/A,진행
594,10.3390/rs11080924,"Sun, Y.|Gao, C.|Li, J.|Wang, R.|Liu, J.",2019,Quantifying the effects of urban form on land surface temperature in subtropical high-density urban areas using machine learning,Scopus,,,,N,Y,N/A,N/A,진행
595,10.1007/s12273-018-0498-9,"Rui, L.|Buccolieri, R.|Gao, Z.|Gatto, E.|Ding, W.",2019,Study of the effect of green quantity and structure on thermal comfort and air quality in an urban-like residential district by ENVI-met modelling,Scopus,,,,N,Y,N/A,N/A,진행
596,10.1016/j.enbuild.2019.02.003,"Xu, X.|Liu, S.|Sun, S.|Zhang, W.|Liu, Y.|Lao, Z.|Guo, G.|Smith, K.|Cui, Y.|Liu, W.|Higueras García, E.|Zhu, J.",2019,Evaluation of energy saving potential of an urban green space and its water bodies,Scopus,,,,N,Y,N/A,N/A,진행
597,10.1016/j.landurbplan.2018.10.023,"Masoudi, M.|Tan, P.Y.",2019,Multi-year comparison of the effects of spatial pattern of urban green spaces on urban land surface temperature,Scopus,,,,N,Y,N/A,N/A,진행
598,10.1016/j.scitotenv.2018.12.293,"Long, L.C.|D'Amico, V.|Frank, S.D.",2019,Urban forest fragments buffer trees from warming and pests,Scopus,,,,N,Y,N/A,N/A,진행
599,10.1016/j.ecolind.2018.09.058,"Masoudi, M.|Tan, P.Y.|Liew, S.C.",2019,Multi-city comparison of the relationships between spatial pattern and cooling effect of urban green spaces in four major Asian cities,Scopus,,,,N,Y,N/A,N/A,진행
600,10.1007/s10661-019-7213-x,"Chen, Y.|Cai, Y.|Tong, C.",2019,"Quantitative analysis of urban cold island effects on the evolution of green spaces in a coastal city: a case study of Fuzhou, China",Scopus,,,,N,Y,N/A,N/A,진행
601,10.3390/su11020513,"Amani-Beni, M.|Zhang, B.|Xie, G.-D.|Shi, Y.",2019,"Impacts of urban green landscape patterns on land surface temperature: Evidence from the adjacent area of Olympic Forest Park of Beijing, China",Scopus,,,,N,Y,N/A,N/A,진행
602,10.18848/2325-1662/CGP/v13i02/1-16,"Leblanc, T.|Candau, N.|Leblanc, M.",2019,Water as a social catalyst: The impact of water features on urban life,Scopus,,,,N,N,비녹지(수공간)·열환경지표부재,"도시지역을 다루지만 주제가 녹지 형태가 아닌 수경시설/물요소의 사회적·공간적 영향과 디자인에 초점이며, 표면온도·열섬강도·보행자 열쾌적성 등 도시 온열환경 지표를 결과로 측정/분석하지 않음.",배제
603,10.3390/rs11141645,"Simwanda, M.|Ranagalage, M.|Estoque, R.C.|Murayama, Y.",2019,Spatial analysis of surface urban heat Islands in four rapidly growing african cities,Scopus,,,,N,Y,N/A,N/A,진행
604,10.15666/aeer/1704_91219129,"Wang, X.H.|Wu, Y.|Gong, J.|Li, B.|Zhao, J.J.",2019,Urban planning design and sustainable development of forest based on heat island effect,Scopus,,,,N,Y,N/A,N/A,진행
605,10.2480/agrmet.D-18-00047,"Masutomi, Y.|Sato, Y.|Higuchi, A.|Takami, A.|Nakajima, T.",2019,The effects of citizen-driven urban forestry on summer high air temperatures over the tokyo metropolitan area,Scopus,,,,N,Y,N/A,N/A,진행
606,10.3390/en12122320,"Kwon, Y.J.|Lee, D.K.|Lee, K.",2019,Determining favourable and unfavourable thermal areas in Seoul using in-situ measurements: A preliminary step towards developing a smart city,Scopus,,,,N,Y,N/A,N/A,진행
607,10.3390/f10030282,"Zhou, W.|Cao, F.|Wang, G.",2019,Effects of spatial pattern of forest vegetation on urban cooling in a compact megacity,Scopus,,,,N,Y,N/A,N/A,진행
608,10.1155/2019/3985715,"Cao, W.|Pang, L.|Liu, L.|Zhai, J.|Wu, D.",2019,Overestimating Impacts of Urbanization on Regional Temperatures in Developing Megacity: Beijing as an Example,Scopus,,,,N,Y,N/A,N/A,진행
609,10.1016/j.scs.2018.10.016,"Huang, Q.|Huang, J.|Yang, X.|Fang, C.|Liang, Y.",2019,"Quantifying the seasonal contribution of coupling urban land use types on Urban Heat Island using Land Contribution Index: A case study in Wuhan, China",Scopus,,,,N,Y,N/A,N/A,진행
610,10.1016/j.ufug.2018.01.008,"Nastran, M.|Kobal, M.|Eler, K.",2019,Urban heat islands in relation to green land use in European cities,Scopus,,,,N,Y,N/A,N/A,진행
611,10.1002/ecs2.2534,"Wallace, K.J.|Laughlin, D.C.|Clarkson, B.D.|Schipper, L.A.",2018,Forest canopy restoration has indirect effects on litter decomposition and no effect on denitrification,Scopus,,,,N,N,열환경 지표 아님,도시 숲에서 녹지 구조(수관 개방도 등)를 분석하지만 결과변수는 낙엽 분해와 탈질로서 지표온도·열섬강도·보행자 열쾌적성 등 도시 온열환경 지표를 다루지 않아 제외합니다.,배제
612,10.1007/s12273-018-0463-7,"Fahmy, M.|Ibrahim, Y.|Hanafi, E.|Barakat, M.",2018,"Would LEED-UHI greenery and high albedo strategies mitigate climate change at neighborhood scale in Cairo, Egypt?",Scopus,,,,N,Y,N/A,N/A,진행
613,10.3390/rs10111814,"Zuo, S.|Dai, S.|Song, X.|Xu, C.|Liao, Y.|Chang, W.|Chen, Q.|Li, Y.|Tang, J.|Wang, W.|Ren, Y.",2018,"Determining the mechanisms that influence the surface temperature of urban forest canopies by combining remote sensing methods, ground observations, and spatial statistical models",Scopus,,,,N,Y,N/A,N/A,진행
614,10.1007/s11252-018-0776-4,"Ren, Z.|He, X.|Pu, R.|Zheng, H.",2018,The impact of urban forest structure and its spatial location on urban cool island intensity,Scopus,,,,N,Y,N/A,N/A,진행
615,10.1016/j.landurbplan.2018.05.015,"Sun, R.|Xie, W.|Chen, L.",2018,A landscape connectivity model to quantify contributions of heat sources and sinks in urban regions,Scopus,,,,N,Y,N/A,N/A,진행
616,10.1016/j.rse.2018.06.010,"Peng, J.|Jia, J.|Liu, Y.|Li, H.|Wu, J.",2018,Seasonal contrast of the dominant factors for spatial distribution of land surface temperature in urban areas,Scopus,,,,N,Y,N/A,N/A,진행
617,10.3390/su10093189,"Jiang, Y.|Song, D.|Shi, T.|Han, X.",2018,Adaptive analysis of green space network planning for the cooling effect of residential blocks in summer: A case study in Shanghai,Scopus,,,,N,Y,N/A,N/A,진행
618,10.3390/cli6030070,"Gonçalves, A.|Ornellas, G.|Ribeiro, A.C.|Maia, F.|Rocha, A.|Feliciano, M.",2018,Urban cold and Heat Island in the City of Bragança (Portugal),Scopus,,,,N,Y,N/A,N/A,진행
619,10.1016/j.scs.2018.06.034,"Azhdari, A.|Soltani, A.|Alidadi, M.",2018,"Urban morphology and landscape structure effect on land surface temperature: Evidence from Shiraz, a semi-arid city",Scopus,,,,N,Y,N/A,N/A,진행
620,10.1016/j.ufug.2018.06.002,"Sodoudi, S.|Zhang, H.|Chi, X.|Müller, F.|Li, H.",2018,The influence of spatial configuration of green areas on microclimate and thermal comfort,Scopus,,,,N,Y,N/A,N/A,진행
621,10.1016/j.rsase.2018.04.006,"Chibuike, E.M.|Adedeji, O.I.|Abbas, A.|Kunda, J.J.",2018,Assessment of green parks cooling effect on Abuja urban microclimate using geospatial techniques,Scopus,,,,N,Y,N/A,N/A,진행
622,10.1109/JSTARS.2018.2815004,"Bartesaghi Koc, C.|Osmond, P.|PETERS, A.|Irger, M.",2018,Understanding Land Surface Temperature Differences of Local Climate Zones Based on Airborne Remote Sensing Data,Scopus,,,,N,N,녹지 변수 비해당,도시와 지표온도는 맞으나 연구 주제가 LCZ 분류와 클래스 간 LST 차이에 초점이며 녹지 형태 또는 구성 변수는 다루지 않아 제외,배제
623,10.3390/su10082637,"Li, B.|Liu, L.|Nan, Y.|Li, S.|Yang, Y.",2018,"Comparative analysis of urban heat island intensities in Chinese, Russian, and DPRK regions across the transnational urban agglomeration of the Tumen River in Northeast Asia",Scopus,,,,N,Y,N/A,N/A,진행
624,10.3390/su10072366,"Ranagalage, M.|Estoque, R.C.|Handayani, H.H.|Zhang, X.|Morimoto, T.|Tadono, T.|Murayama, Y.",2018,Relation between urban volume and land surface temperature: A comparative study of planned and traditional cities in Japan,Scopus,,,,N,Y,N/A,N/A,진행
625,10.3390/su10072249,"Wu, Z.|Zhang, Y.",2018,Spatial variation of urban thermal environment and its relation to green space patterns: Implication to sustainable landscape planning,Scopus,,,,N,Y,N/A,N/A,진행
626,N/A,"Stojanovic, N.|Vasiljević, N.|Mešicek, M.|Lisica, A.",2018,The influence of roadside green spaces on thermal conditions in the urban environment,Scopus,,,,N,Y,N/A,N/A,진행
627,10.1007/s40808-018-0456-7,"Ghosh, S.|Das, A.",2018,Modelling urban cooling island impact of green space and water bodies on surface urban heat island in a continuously developing urban area,Scopus,,,,N,Y,N/A,N/A,진행
628,10.1016/j.uclim.2018.02.001,"Saaroni, H.|Amorim, J.H.|Hiemstra, J.A.|Pearlmutter, D.",2018,Urban Green Infrastructure as a tool for urban heat mitigation: Survey of research methodologies and findings across different climatic regions,Scopus,,,,N,Y,N/A,N/A,진행
629,10.1016/j.buildenv.2018.03.041,"Silva, J.S.|da Silva, R.M.D.|Santos, C.A.G.",2018,"Spatiotemporal impact of land use/land cover changes on urban heat islands: A case study of Paço do Lumiar, Brazil",Scopus,,,,N,Y,N/A,N/A,진행
630,10.1016/j.ufug.2018.04.005,"Wang, Y.|Ni, Z.|Peng, Y.|Xia, B.",2018,"Local variation of outdoor thermal comfort in different urban green spaces in Guangzhou, a subtropical city in South China",Scopus,,,,N,Y,N/A,N/A,진행
631,10.3390/f9040224,"Rui, L.|Buccolieri, R.|Gao, Z.|Ding, W.|Shen, J.",2018,"The impact of green space layouts on microclimate and air quality in residential districts of Nanjing, China",Scopus,,,,N,Y,N/A,N/A,진행
632,10.1007/s10661-018-6618-2,"Bozorgi, M.|Nejadkoorki, F.|Mousavi, M.B.",2018,Land surface temperature estimating in urbanized landscapes using artificial neural networks,Scopus,,,,N,Y,N/A,N/A,진행
633,10.3166/ISI.23.5.105-119,"Zheng, B.|Zhong, Y.",2018,Study on the impacts of urban network evolution on urban wind and heat environment based on improved genetic algorithm,Scopus,,,,N,Y,N/A,N/A,진행
634,N/A,"Dumitricǎ, C.|Ciupitu, D.|Grigorescu, I.",2018,Spatial characteristics of the land surface temperature in bucharest metropolitan area,Scopus,,,,N,N,녹지형태변수부재,LST 기반 도시 열환경은 다루지만 녹지의 형태·구성(면적·배치·패치 지표 등)에 대한 정량적·구조적 분석이 없어 연구 주제가 녹지 형태/구성 변수에 초점을 두지 않음,배제
635,10.3923/jeasci.2018.350.352,"Mohamed Rajab, P.M.",2018,Urban mapping Local Climate Zones based on morphology categorization,Scopus,,,,N,N,열지표없음;LCZ분류만;GI미분석,도시지역 연구이나 LCZ 기반 도시형태 분류 방법론이 주이며 녹지 형태를 직접 분석하지 않고 지표온도나 열섬강도 등 온열환경 지표 결과가 없어 제외,배제
636,10.1016/j.envres.2017.10.006,"Vieira, J.|Matos, P.|Mexia, T.|Silva, P.|Lopes, N.|Freitas, C.|Correia, O.|Santos-Reis, M.|Branquinho, C.|Pinho, P.",2018,Green spaces are not all the same for the provision of air purification and climate regulation services: The case of urban parks,Scopus,,,,N,N,"""열환경지표아님; 생물지표(지의류); 대기정화 중심""","""도시 공원에서 녹지 구조·관리를 비교하나, 결과변수는 지표온도/열섬/열쾌적성 등 도시 열환경 지표가 아니라 지의류 다양성·오염물 축적 및 기능형질을 통한 대기정화·기후조절의 간접 지표이므로 제외함.""",배제
637,10.1016/j.scitotenv.2017.05.275,"Santos, A.R.|de Oliveira, F.S.|Silva, A.G.|Gleriani, J.M.|Gonçalves, W.|Moreira, G.L.|Silva, F.G.|Branco, E.R.F.|Moura, M.M.|da Silva, R.G.|Juvanhol, R.S.|de Souza, K.B.|Ribeiro, C.A.A.S.|de Queiroz, V.T.|Costa, A.V.|Lorenzon, A.S.|Domingues, G.F.|Marcatti, G.E.|de Castro, N.L.M.|Resende, R.T.|Gonzales, D.E.|de Almeida Telles, L.A.|Teixeira, T.R.|Dos Santos, G.M.A.D.A.|Santos Mota, P.H.S.",2017,Spatial and temporal distribution of urban heat islands,Scopus,,,,N,Y,N/A,N/A,진행
638,10.1016/j.ufug.2017.10.003,"Gage, E.A.|Cooper, D.J.",2017,Urban forest structure and land cover composition effects on land surface temperature in a semi-arid suburban area,Scopus,,,,N,Y,N/A,N/A,진행
639,10.1177/0143624417734526,"Pochee, H.|Johnston, I.",2017,Understanding design scales for a range of potential green infrastructure benefits in a London Garden City,Scopus,,,,N,N,정량적 온열지표 부재·다주제 개념검토,도시(런던)와 녹지 인프라를 다루지만 UHI 등 도시 온열환경 지표를 정량적으로 평가하거나 주요 결과로 제시하지 않고 다수 혜택을 개념적으로 검토하는 수준이어서 결과변수 기준(도시 온열지표) 미충족,배제
640,10.1016/j.isprsjprs.2017.09.008,"Estoque, R.C.|Murayama, Y.",2017,Monitoring surface urban heat island formation in a tropical mountain city using Landsat data (1987–2015),Scopus,,,,N,Y,N/A,N/A,진행
641,10.1016/j.landurbplan.2017.07.015,"Wu, Z.|Chen, L.",2017,Optimizing the spatial arrangement of trees in residential neighborhoods for better cooling effects: Integrating modeling with in-situ measurements,Scopus,,,,N,Y,N/A,N/A,진행
642,10.1057/s41289-017-0049-5,"Xue, F.|Gou, Z.|Lau, S.",2017,The green open space development model and associated use behaviors in dense urban settings: Lessons from Hong Kong and Singapore,Scopus,,,,N,N,열환경 지표 부재 행동결과 중심,도시 대상이고 녹지 형태 비교 연구이나 결과변수가 이용행태와 의도 및 감각 등으로 도시 온열환경 지표를 측정하지 않음 따라서 제외,배제
643,10.1016/j.jclepro.2015.10.120,"Zhou, H.|Li, Y.|Xu, K.|Zhang, H.|Hu, D.|Wang, X.|Han, F.|Wang, X.",2017,"A continuous dynamic feature of the distribution of soil temperature and horizontal heat flux next to external walls in different orientations of construction sites in the autumn of Beijing, China",Scopus,,,,N,N,녹지 변수 부재 및 건축 영향 연구,도시 지역에서 인접 녹지 토양의 온도와 열유속을 측정하였으나 노출은 건축물 외벽 방향과 거리 등으로서 녹지 형태나 구성 변수를 다루지 않아 스코프에 부합하지 않음,배제
644,10.1016/j.buildenv.2017.07.010,"Sun, S.|Xu, X.|Lao, Z.|Liu, W.|Li, Z.|Higueras García, E.|He, L.|Zhu, J.",2017,Evaluating the impact of urban green space and landscape design parameters on thermal comfort in hot summer by numerical simulation,Scopus,,,,N,Y,N/A,N/A,진행
645,10.1016/j.enbuild.2017.06.020,"Alvizuri, J.|Cataldo, J.|Smalls-Mantey, L.A.|Montalto, F.A.",2017,Green roof thermal buffering: Insights derived from fixed and portable monitoring equipment,Scopus,,,,N,Y,N/A,N/A,진행
646,10.1016/j.buildenv.2017.06.033,"Mushore, T.D.|Odindi, J.|Dube, T.|Mutanga, O.",2017,"Prediction of future urban surface temperatures using medium resolution satellite data in Harare metropolitan city, Zimbabwe",Scopus,,,,N,Y,N/A,N/A,진행
647,10.1016/j.landurbplan.2017.04.009,"Zhang, Y.|Murray, A.T.|Turner, B.L.",2017,"Optimizing green space locations to reduce daytime and nighttime urban heat island effects in Phoenix, Arizona",Scopus,,,,N,Y,N/A,N/A,진행
648,10.3390/rs9080777,"Liu, Y.|Yang, Y.|Jing, W.|Yao, L.|Yue, X.|Zhao, X.",2017,A new urban index for expressing inner-city patterns based on MODIS LST and EVI regulated DMSP/OLS NTL,Scopus,,,,N,N,열환경 결과변수 아님; 녹지 형태 주제 아님,도시지역을 대상으로 하나 LST/EVI는 NTL 보정을 위한 입력으로 사용될 뿐이며 녹지의 형태·구성 변수를 주요 주제로 다루지 않고 결과변수도 지표온도 등 도시 온열환경 지표가 아닌 NTL 기반 도시지수 제안임.,배제
649,10.3390/ijerph14080840,"Zhang, X.|Wang, D.|Hao, H.|Zhang, F.|Hu, Y.",2017,"Effects of land use/cover changes and urban forest configuration on urban heat islands in a loess hilly region: Case study based on yan’an city, China",Scopus,,,,N,Y,N/A,N/A,진행
650,10.1016/j.apgeog.2017.06.005,"Smith, J.P.|Li, X.|Turner, B.L.",2017,"Lots for greening: Identification of metropolitan vacant land and its potential use for cooling and agriculture in Phoenix, AZ, USA",Scopus,,,,N,N,도시열지표없음,도시(피닉스) 유휴토지의 식별 및 녹지화 잠재력만 제시하며 지표온도·열섬강도 등 도시 온열환경 지표를 측정·분석한 결과가 없음,배제
651,10.3390/su9071199,"Li, J.|Fang, W.|Wang, T.|Qureshi, S.|Alatalo, J.M.|Bai, Y.",2017,"Correlations between socioeconomic drivers and indicators of urban expansion: Evidence from the heavily urbanised Shanghai metropolitan area, China",Scopus,,,,N,N,녹지·열환경 결과변수 아님,도시지역(상하이)을 다루지만 결과변수는 도시확장 지표(면적·강도·패턴·방향)로서 녹지 형태/구성 변수나 도시 온열환경 지표(LST·UHI·열쾌적성)를 측정·분석하지 않음.,배제
652,10.1016/j.scs.2017.05.005,"Zhang, X.|Estoque, R.C.|Murayama, Y.",2017,"An urban heat island study in Nanchang City, China based on land surface temperature and social-ecological variables",Scopus,,,,N,Y,N/A,N/A,진행
653,10.1016/j.scs.2017.04.017,"Lu, J.|Li, Q.|Zeng, L.|Chen, J.|Liu, G.|Li, Y.|Li, W.|Huang, K.",2017,A micro-climatic study on cooling effect of an urban park in a hot and humid climate,Scopus,,,,N,Y,N/A,N/A,진행
654,10.1016/j.compenvurbsys.2017.04.003,"Saito, K.|Said, I.|Shinozaki, M.",2017,"Evidence-based neighborhood greening and concomitant improvement of urban heat environment in the context of a world heritage site - Malacca, Malaysia",Scopus,,,,N,Y,N/A,N/A,진행
655,10.1007/s40808-017-0324-x,"Sannigrahi, S.|Rahmat, S.|Chakraborti, S.|Bhatt, S.|Jha, S.",2017,"Changing dynamics of urban biophysical composition and its impact on urban heat island intensity and thermal characteristics: the case of Hyderabad City, India",Scopus,,,,N,Y,N/A,N/A,진행
656,10.22034/gjesm.2017.03.03.001,"Ali, S.B.|Patnaik, S.|Madguni, O.",2017,Microclimate land surface temperatures across urban land use/ land cover forms,Scopus,,,,N,Y,N/A,N/A,진행
657,10.1007/s11430-016-9032-9,"Kuang, W.H.|Yang, T.R.|Liu, A.L.|Zhang, C.|Lu, D.S.|Chi, W.F.",2017,An EcoCity model for regulating urban land cover structure and thermal environment: Taking Beijing as an example,Scopus,,,,N,Y,N/A,N/A,진행
658,10.1016/j.uclim.2017.04.004,"Honjo, T.|Tsunematsu, N.|Yokoyama, H.|Yamasaki, Y.|Umeki, K.",2017,Analysis of urban surface temperature change using structure-from-motion thermal mosaicing,Scopus,,,,N,N,방법론 중심·녹지변수 부재,도시와 지표온도는 다루지만 주제가 SfM 열영상 모자이킹 방법 개발 및 시기별 LST 비교에 집중되어 있으며 녹지 형태/구성 변수의 정량적 분석이나 효과 평가가 핵심이 아님.,배제
659,10.3390/f8050153,"Yang, C.|He, X.|Wang, R.|Yan, F.|Yu, L.|Bu, K.|Yang, J.|Chang, L.|Zhang, S.",2017,The effect of urban green spaces on the urban thermal environment and its seasonal variations,Scopus,,,,N,Y,N/A,N/A,진행
660,10.1016/j.rse.2017.02.020,"Berger, C.|Rosentreter, J.|Voltersen, M.|Baumgart, C.|Schmullius, C.|Hese, S.",2017,Spatio-temporal analysis of the relationship between 2D/3D urban site characteristics and land surface temperature,Scopus,,,,N,Y,N/A,N/A,진행
661,10.11916/j.issn.1005-9113.15293,"Liu, L.|Lin, Y.|Wang, D.|Liu, J.",2017,"Quantitative Analysis of the Outdoor Thermal Comfort in the Hot and Humid Summertime of Shenzhen, China",Scopus,,,,N,Y,N/A,N/A,진행
662,10.4018/IJAEIS.2017040104,"Stanganelli, M.|Gerundo, C.",2017,Understanding the role of urban morphology and green areas configuration during heat waves,Scopus,,,,N,Y,N/A,N/A,진행
663,10.1007/s11252-016-0600-y,"Nielsen, A.B.|Hedblom, M.|Olafsson, A.S.|Wiström, B.",2017,Spatial configurations of urban forest in different landscape and socio-political contexts: identifying patterns for green infrastructure planning,Scopus,,,,N,N,열지표 미포함,도시와 도시숲 공간구성을 분석하지만 결과변수가 도시 온열환경 지표가 아니며 열섬 지표온도 열쾌적성 등을 측정하지 않음,배제
664,10.1016/j.ufug.2017.01.002,"Yang, J.|Sun, J.|Ge, Q.|Li, X.",2017,"Assessing the impacts of urbanization-associated green space on urban land surface temperature: A case study of Dalian, China",Scopus,,,,N,Y,N/A,N/A,진행
665,10.1016/j.scitotenv.2016.10.195,"Estoque, R.C.|Murayama, Y.|Myint, S.W.",2017,Effects of landscape composition and pattern on land surface temperature: An urban heat island study in the megacities of Southeast Asia,Scopus,,,,N,Y,N/A,N/A,진행
666,10.20937/ATM.2017.30.04.06,"Irmak, M.A.|Yilmaz, S.|Dursun, D.",2017,Effect of different pavements on human thermal comfort conditions,Scopus,,,,N,Y,N/A,N/A,진행
667,10.1093/jue/juw010,"Meineke, E.K.|Holmquist, A.J.|Wimp, G.M.|Frank, S.D.",2017,"Changes in spider community composition are associated with urban temperature, not herbivore abundance",Scopus,,,,N,N,결과변수 비해당(거미 군집) 녹지구성 아님,도시지역 연구이지만 결과변수는 도시 온열환경 지표가 아니라 거미 풍부도와 군집 구조임 또한 연구 주제가 녹지 형태 또는 구성 변수가 아니어서 제외,배제
668,10.1016/j.ufug.2016.12.005,"Park, J.|Kim, J.-H.|Lee, D.K.|Park, C.Y.|Jeong, S.G.",2017,The influence of small green space type and structure at the street level on urban heat island mitigation,Scopus,,,,N,Y,N/A,N/A,진행
669,10.1016/j.landurbplan.2016.08.016,"Bodnaruk, E.W.|Kroll, C.N.|Yang, Y.|Hirabayashi, S.|Nowak, D.J.|Endreny, T.A.",2017,Where to plant urban trees? A spatially explicit methodology to explore ecosystem service tradeoffs,Scopus,,,,N,Y,N/A,N/A,진행
670,10.1016/j.landurbplan.2016.06.014,"Chen, Y.-C.|Chiu, H.-W.|Su, Y.-F.|Wu, Y.-C.|Cheng, K.-S.",2017,Does urbanization increase diurnal land surface temperature variation? Evidence and implications,Scopus,,,,N,N,녹지 변수 부재,도시지역과 지표온도(열환경) 결과는 포함되지만 독립변수가 도시화 지수·토지피복 변화 중심이며 녹지의 형태·구성 변수(녹지율·공간패턴 등)를 정량적으로 다루지 않아 스코프(도시 녹지-열환경 연계)와 불일치,배제
671,10.1007/s11676-016-0300-8,"Zheng, W.|Zhou, Y.|Gu, H.|Tian, Z.",2017,"Seasonal dynamics and impact factors of urban forest CO2 concentration in Harbin, China",Scopus,,,,N,N,결과변수 CO2(열환경 아님),도시 녹지와 식생구성은 다루지만 결과변수가 도시 열환경 지표가 아닌 CO2 농도이므로 제외합니다.,배제
672,10.1016/j.scitotenv.2016.08.102,"Wong, G.K.L.|Jim, C.Y.",2016,Do vegetated rooftops attract more mosquitoes? Monitoring disease vector abundance on urban green roofs,Scopus,,,,N,N,결과변수-열환경지표아님;모기풍부도,도시지역과 그린루프 등 녹지 형태를 다루지만 결과변수는 도시 온열환경 지표가 아니라 모기 벡터 풍부도와 인간-벡터 접촉 위험 평가로 본 스코프와 불일치하여 제외,배제
673,10.1016/j.apenergy.2016.09.070,"Kong, F.|Sun, C.|Liu, F.|Yin, H.|Jiang, F.|Pu, Y.|Cavan, G.|Skelhorn, C.|Middel, A.|Dronova, I.",2016,Energy saving potential of fragmented green spaces due to their temperature regulating ecosystem services in the summer,Scopus,,,,N,Y,N/A,N/A,진행
674,10.5194/se-7-1551-2016,"Zareie, S.|Khosravi, H.|Nasiri, A.|Dastorani, M.",2016,"Using Landsat Thematic Mapper (TM) sensor to detect change in land surface temperature in relation to land use change in Yazd, Iran",Scopus,,,,N,Y,N/A,N/A,진행
675,10.3390/ijerph13090880,"Kim, J.-H.|Gu, D.|Sohn, W.|Kil, S.-H.|Kim, H.|Lee, D.K.",2016,"Neighborhood landscape spatial patterns and land surface temperature: An empirical study on single-family residential areas in Austin, Texas",Scopus,,,,N,Y,N/A,N/A,진행
676,10.1016/j.envpol.2016.06.004,"Ren, Y.|Deng, L.-Y.|Zuo, S.|Song, X.|Liao, Y.|Xu, C.|Chen, Q.|Hua, L.-Z.|Li, Z.-W.",2016,Quantifying the influences of various ecological factors on land surface temperature of urban forests,Scopus,,,,N,Y,N/A,N/A,진행
677,10.1016/j.landurbplan.2015.12.002,"Lanza, K.|Stone, B.",2016,Climate adaptation in cities: What trees are suitable for urban heat management?,Scopus,,,,N,N,열지표 부재; 종적합성·내한구역 연구,도시 MSA와 수목종 구성은 다루지만 결과변수는 종 적합성과 손실에 초점으로 도시 온열환경 지표를 직접 측정 또는 산출하지 않음; UHI 언급은 지역 선정 배경일 뿐,배제
678,10.3390/su8080788,"Lin, B.B.|Meyers, J.|Beaty, R.M.|Barnett, G.B.",2016,"Urban green infrastructure impacts on climate regulation services in Sydney, Australia",Scopus,,,,N,Y,N/A,N/A,진행
679,10.1016/j.rse.2016.03.043,"Hu, L.|Monaghan, A.|Voogt, J.A.|Barlage, M.",2016,A first satellite-based observational assessment of urban thermal anisotropy,Scopus,,,,N,N,녹지 변수 아님,도시 지역과 LST/SUHI를 다루지만 연구 초점이 위성 관측의 열 이방성 평가에 있으며 녹지 형태·구성 변수의 영향 분석은 포함되지 않음,배제
680,10.1007/s11769-016-0815-0,"Zhu, J.|Tian, S.|Tan, K.|Du, P.",2016,"Human settlement analysis based on multi-temporal remote sensing data: A case study of Xuzhou City, China",Scopus,,,,N,N,결과변수 비열환경; 주제 비녹지구성,도시 대상이지만 연구의 주된 결과는 HSEDI 거주적합도 지수이며 녹지 형태나 구성이 핵심 주제가 아님; LST 등 열환경 지표는 입력요인으로만 사용되어 최종 결과변수가 열환경이 아니라서 제외,배제
681,10.1016/j.scs.2016.03.009,"Bokaie, M.|Zarkesh, M.K.|Daneshkar Arasteh, P.D.|Hosseini, A.",2016,Assessment of Urban Heat Island based on the relationship between land surface temperature and Land Use/ Land Cover in Tehran,Scopus,,,,N,Y,N/A,N/A,진행
682,10.1890/14-2063/suppinfo,"Johnson, L.R.|Handel, S.N.",2016,Restoration treatments in urban park forests drive long-term changes in vegetation trajectories,Scopus,,,,N,N,열환경지표 미포함,도시 공원 숲 복원 연구로 녹지 구성·식생 변화를 다루지만 결과변수에 UHI/지표온도/열쾌적성 등 열환경 지표가 포함되지 않음,배제
683,10.3390/ijgi5020012,"Bao, T.|Li, X.|Zhang, J.|Zhang, Y.|Tian, S.",2016,"Assessing the Distribution of Urban Green Spaces and its Anisotropic Cooling Distance on Urban Heat Island Pattern in Baotou, China",Scopus,,,,N,Y,N/A,N/A,진행
684,10.5937/GeoPan1601019O,"Ongoma, V.|Muange, P.K.|Shilenje, Z.W.",2016,"Potential effects of urbanization on urban thermal comfort, a case study of Nairobi city, Kenya: A review",Scopus,,,,N,N,녹지형태주제아님,도시지역과 열쾌적성 및 UHI를 다루지만 주제가 도시화 전반에 대한 리뷰로 녹지 형태 또는 구성 변수에 대한 분석이 없어 포함 기준에 부합하지 않음,배제
685,10.1186/s40201-015-0195-x,"Yan, H.|Dong, L.",2015,"The impacts of land cover types on urban outdoor thermal environment: the case of Beijing, China",Scopus,,,,N,Y,N/A,N/A,진행
686,10.1007/s10661-015-4943-2,"Wang, Y.|Bakker, F.|De Groot, R.|Wörtche, H.|Leemans, R.",2015,Effects of urban green infrastructure (UGI) on local outdoor microclimate during the growing season,Scopus,,,,N,Y,N/A,N/A,진행
687,10.1016/j.uclim.2015.05.005,"Ruiz, M.A.|Sosa, M.B.|Correa, E.N.|Cantón, M.A.",2015,"Suitable configurations for forested urban canyons to mitigate the UHI in the city of Mendoza, Argentina",Scopus,,,,N,Y,N/A,N/A,진행
688,10.5379/urbani-izziv-en-2015-26-supplement-010,"Deilmann, C.|Lehmann, I.|Behnisch, M.|Hennersdorf, J.|Schumacher, U.",2015,A multifactorial GIS-based analytical method to determine the quality of urban green space and water bodies,Scopus,,,,N,Y,N/A,N/A,진행
689,10.1144/qjegh2015-077,"Busby, J.",2015,UK shallow ground temperatures for ground coupled heat exchangers,Scopus,,,,N,N,비도시 중심·녹지변수 없음·도시열지표 비주요,"전국 규모의 지중 토양온도 분석으로 열교환기 설계가 목적이며 도시지역을 주 대상으로 하지 않음. 녹지 형태/구성 변수를 분석하지 않고, UHI는 부수적 언급에 그쳐 도시 열환경 지표가 주요 결과가 아니므로 제외.",배제
690,10.1061/(ASCE)UP.1943-5444.0000266,"Xie, M.|Gao, Y.|Cao, Y.|Breuste, J.|Fu, M.|Tong, D.",2015,Dynamics and temperature regulation function of urban green connectivity,Scopus,,,,N,Y,N/A,N/A,진행
691,10.1890/EHS14-0028.1,"Myint, S.W.|Zheng, B.|Talen, E.|Fan, C.|Kaplan, S.|Middel, A.|Smith, M.|Huang, H.-P.|Brazel, A.",2015,Does the spatial arrangement of urban landscape matter? examples of urban warming and cooling in phoenix and las vegas,Scopus,,,,N,Y,N/A,N/A,진행
692,10.1007/s10980-014-0128-6,"Kuang, W.H.|Liu, Y.|Dou, Y.|Chi, W.F.|Chen, G.|Gao, C.|Yang, T.R.|Liu, J.|Zhang, R.",2015,"What are hot and what are not in an urban landscape: quantifying and explaining the land surface temperature pattern in Beijing, China",Scopus,,,,N,Y,N/A,N/A,진행
693,N/A,"Wang, L.|Zhang, S.",2015,"Analysis on the relationship between the pattern of green spaces and Land Surface Temperature based on Normalized Difference Vegetation index: A case study in Changchun city, China",Scopus,,,,N,Y,N/A,N/A,진행
694,10.3390/buildings5030933,"Trihamdani, A.R.|Lee, H.S.|Kubota, T.|Phuong, T.T.T.",2015,Configuration of green spaces for urban heat island mitigation and future building energy conservation in Hanoi Master Plan 2030,Scopus,,,,N,Y,N/A,N/A,진행
695,10.3390/su7044689,"Alavipanah, S.|Wegmann, M.|Qureshi, S.|Weng, Q.|Koellner, T.",2015,"The role of vegetation in mitigating urban land surface temperatures: A case study of Munich, Germany during the warm season",Scopus,,,,N,Y,N/A,N/A,진행
696,10.3390/su7033129,"Gusso, A.|Cafruni, C.|Bordin, F.|Veronez, M.R.|Lenz, L.|Crija, S.",2015,Multi-temporal patterns of urban heat Island as response to economic growth management,Scopus,,,,N,Y,N/A,N/A,진행
697,10.3934/environsci.2015.3.803,"Coronel, A.S.|Feldman, S.R.|Jozami, E.|Facundo, K.|Piacentini, R.D.|Dubbeling, M.|Escobedo, F.J.",2015,Effects of urban green areas on air temperature in a medium-sized Argentinian city,Scopus,,,,N,Y,N/A,N/A,진행
698,10.1890/13-1961.1,"Dale, A.G.|Frank, S.D.",2014,Urban warming trumps natural enemy regulation of herbivorous pests,Scopus,,,,N,N,결과변수_열환경_아님_해충풍부도,도시대상이며 녹지구성 변수(불투수면적·식생복잡도)를 다루지만 결과변수가 해충 개체수이며 온열환경 지표가 아님,배제
699,10.1371/journal.pone.0102996,"Dale, A.G.|Frank, S.D.",2014,The effects of urban warming on herbivore abundance and street tree condition,Scopus,,,,N,N,도시연구이나 결과변수 비열환경 및 녹지형태 미분석,도시 거리수목에서 온도와 해충·수목건전성의 관계를 다루며 결과변수는 온열지표가 아니고 녹지 형태·구성 변수도 주제가 아님,배제
700,10.1016/j.buildenv.2014.03.003,"Zhang, B.|Xie, G.-D.|Gao, J.-X.|Yang, Y.",2014,"The cooling effect of urban green spaces as a contribution to energy-saving and emission-reduction: A case study in Beijing, China",Scopus,,,,N,Y,N/A,N/A,진행
701,10.1016/j.ufug.2014.07.006,"Chen, A.|Yao, X.A.|Sun, R.|Chen, L.",2014,Effect of urban green patterns on surface urban cool islands and its seasonal variations,Scopus,,,,N,Y,N/A,N/A,진행
702,10.1016/j.ufug.2014.09.009,"Kong, F.|Yin, H.|Wang, C.|Cavan, G.|James, P.",2014,A satellite image-based analysis of factors contributing to the green-space cool island intensity on a city scale,Scopus,,,,N,Y,N/A,N/A,진행
703,10.1127/0941-2948/2014/0571,"Wiesner, S.|Eschenbach, A.|Ament, F.",2014,Urban air temperature anomalies and their relation to soil moisture observed in the city of Hamburg,Scopus,,,,N,Y,N/A,N/A,진행
704,10.5751/ES-06598-190321,"Ramos-González, O.M.",2014,"The green areas of San Juan, Puerto Rico",Scopus,,,,N,N,열환경지표 부재,산후안 도시에서 녹지 분포와 패턴을 고해상도로 분석했으나 LST UHI 보행자 열쾌적 등 온열환경 지표를 결과로 분석하지 않아 제외,배제
705,10.5846/stxb201310302625,"Yan, W.|Kong, F.|Yin, H.|Sun, C.|Xu, F.|Li, W.|Zhang, X.",2014,Analysis of factors contributing to the cooling effects of purple mountain forest park,Scopus,,,,N,Y,N/A,N/A,진행
706,10.5846/stxb201306101641,"Feng, Y.|Hu, T.|Zhang, L.",2014,Impacts of structure characteristics on the thermal environment effect of city parks,Scopus,,,,N,Y,N/A,N/A,진행
707,10.3112/erdkunde.2014.02.01,"Buttstädt, M.|Schneider, C.",2014,"Thermal load in a medium-sized European city using the example of Aachen, Germany",Scopus,,,,N,Y,N/A,N/A,진행
708,10.1016/j.ecolind.2014.01.025,"Cavan, G.|Lindley, S.|Jalayer, F.|Yeshitela, K.|Pauleit, S.|Renner, F.|Gill, S.|Capuano, P.|Nebebe, A.|Woldegerima, T.|Kibassa, D.|Shemdoe, R.",2014,Urban morphological determinants of temperature regulating ecosystem services in two African cities,Scopus,,,,N,Y,N/A,N/A,진행
709,10.1007/s12273-014-0167-6,"Hong, B.|Lin, B.",2014,Numerical study of the influences of different patterns of the building and green space on micro-scale outdoor thermal comfort and indoor natural ventilation,Scopus,,,,N,Y,N/A,N/A,진행
710,10.18848/2325-1077/CGP/v09i01/55081,"Shishegar, N.",2014,The impact of green areas on mitigating urban heat island effect: A review,Scopus,,,,N,Y,N/A,N/A,진행
711,10.1016/j.isprsjprs.2013.12.010,"Maimaitiyiming, M.|Ghulam, A.|Tiyip, T.|Pla, F.|Latorre-Carmona, P.|Halik, T.|Sawut, M.|Caetano, M.",2014,Effects of green space spatial pattern on land surface temperature: Implications for sustainable urban planning and climate change adaptation,Scopus,,,,N,Y,N/A,N/A,진행
712,10.5846/stxb201305020908,"Guo, Z.|Hu, D.|Li, Y.|Qin, W.C.",2014,Spatial features of road network in beijing built up area and its relations with LST and NDVI,Scopus,,,,N,N,도시연구지만 노출=도로망(녹지형태 아님),도시지역에서 LST/NDVI와 도로망 지표의 상관을 분석한 연구로 결과변수는 적절하나 노출이 녹지 형태/구성 변수가 아니며 NDVI는 종속변수로만 사용되어 포함 기준에 부합하지 않음.,배제
713,10.1016/j.landurbplan.2013.11.003,"Ketterer, C.|Matzarakis, A.",2014,"Human-biometeorological assessment of heat stress reduction by replanning measures in Stuttgart, Germany",Scopus,,,,N,Y,N/A,N/A,진행
714,10.1007/s00704-013-0886-0,"de Abreu-Harbich, L.V.|Labaki, L.C.|Matzarakis, A.",2014,"Thermal bioclimate in idealized urban street canyons in Campinas, Brazil",Scopus,,,,N,N,녹지변수없음,도시 가로협곡의 H/W 비·방향 등 형상만을 모의했고 녹지의 형태·구성을 독립 변수로 다루지 않으며 PET로 열쾌적성만 평가하여 녹지 영향 분석 목적에는 부합하지 않음,배제
715,10.1016/j.ecolind.2013.10.015,"Bergeron, A.|Pellerin, S.",2014,Pteridophytes as indicators of urban forest integrity,Scopus,,,,N,N,결과변수-생물다양성(도시열지표아님),도시림을 대상으로 녹지 면적·연결성 등 구성 변수를 사용했지만 결과변수는 양치식물 종풍부도 등 생물지표이며 UHI는 설명변수로만 사용되어 도시 온열환경 지표를 결과로 다루지 않음.,배제
716,10.3390/f4040868,"Ren, Z.|He, X.|Zheng, H.|Zhang, D.|Yu, X.|Shen, G.|Guo, R.",2013,Estimation of the relationship between urban park characteristics and park cool island intensity by remote sensing data and field measurement,Scopus,,,,N,Y,N/A,N/A,진행
717,10.5846/stxb201204100501,"Chen, A.|Sun, R.|Chen, L.",2013,Effects of urban green pattern on urban surface thermal environment,Scopus,,,,N,Y,N/A,N/A,진행
718,10.5846/stxb201112141915,"Yue, W.|Xu, L.",2013,Thermal environment effect of urban water landscape,Scopus,,,,N,N,녹지아님 수체 중심 블루스페이스,도시지역과 열환경 지표는 맞지만 연구 주제는 물 패치와 하천 등 수체 영향 분석으로 녹지 형태 또는 구성 변수를 직접적으로 다루지 않음,배제
719,10.1016/S1001-0742(11)60805-X,"Chen, L.|Peng, S.|Liu, J.|Hou, Q.",2012,"Dry deposition velocity of total suspended particles and meteorological influence in four locations in Guangzhou, China",Scopus,,,,N,N,TSP 건식침적 연구; 녹지변수 아님; 온열지표 아님,광저우의 도시 및 교외 경관에서 총부유입자 건식침적속도와 기상요인을 분석한 공기질 연구로 녹지 형태나 구성 변수를 주제로 다루지 않고 결과변수도 표면온도 열섬강도 열쾌적성 등 도시 온열환경 지표가 아니므로 제외,배제
720,10.5846/stxb201203150345,"Zhang, B.|Gao, J.-X.|Xie, G.-D.|Wang, Y.",2012,Preliminary evaluation of air temperature reduction of urban green spaces in beijing,Scopus,,,,N,Y,N/A,N/A,진행
721,N/A,"Cai, J.|Tan, W.|Yan, B.",2011,The structure of Urban green space system to tackle heat-island effect,Scopus,,,,N,Y,N/A,N/A,진행
722,N/A,"Su, Y.|Huang, G.|Chen, X.|Chen, S.|Li, Z.",2011,Research progress in the eco-environmental effects of urban green spaces,Scopus,,,,N,Y,N/A,N/A,진행
723,N/A,"Liu, J.|Deng, X.",2011,"Influence of different land use on urban microenvironment in Beijing City, China",Scopus,,,,N,Y,N/A,N/A,진행
724,N/A,"Zhu, Y.|Wang, C.|Jia, B.|Su, J.",2011,"Landscape pattern gradient on tree canopy in the central city of Guangzhou, China",Scopus,,,,N,N,온열지표 없음,도시 지역에서 수관피복의 공간패턴을 FRAGSTATS와 이동창으로 분석했으나 결과변수로 도시 온열환경 지표를 측정하거나 모델링하지 않음,배제
725,10.1016/j.ufug.2009.12.005,"Nagendra, H.|Gopal, D.",2010,"Street trees in Bangalore: Density, diversity, composition and distribution",Scopus,,,,N,N,"""도시연구·녹지변수이나 열환경 지표 부재""","""도시(방갈로르) 가로수의 밀도·다양성·구성·분포를 분석하나, 지표온도·열섬강도·열쾌적성 등 도시 온열환경 지표를 직접 측정/보고하지 않음(열완화는 서술적 언급만).""",배제
726,10.2478/mgrsd-2010-0011,"Mucha, B.|Wawer, J.",2010,"The role of terrain relief, buildings, and green spaces in the diversification of Lviv's local climate",Scopus,,,,N,Y,N/A,N/A,진행
727,10.15666/aeer/0703_241251,"Gábor, P.|Jombach, S.",2010,The relation between the biological activity and the land surface temperature in Budapest,Scopus,,,,N,Y,N/A,N/A,진행
728,10.1016/j.buildenv.2022.109181,"Zhu, SJ|Yang, Y|Yan, Y|Causone, F|Jin, X|Zhou, X|Shi, X",2022,An evidence-based framework for designing urban green infrastructure morphology to reduce urban building energy use in a hot-humid climate,N/A,,,,N,Y,N/A,N/A,진행
729,10.1007/s10980-020-00982-1,"Yu, ZW|Fryd, O|Sun, RH|Jorgensen, G|Yang, GY|Ozdil, NC|Vejre, H",2021,Where and how to cool? An idealized urban thermal security pattern model,N/A,,,,Y,N,N/A,N/A,배제
730,10.3390/su16166886,"Guan, ZR|Zhang, H",2024,A Quantitative Analysis of the Complex Response Relationship between Urban Green Infrastructure (UGI) Structure/Spatial Pattern and Urban Thermal Environment in Shanghai,N/A,,,,Y,N,N/A,N/A,배제
731,10.3390/su141912365,"Lian, ZX|Feng, XH",2022,Urban Green Space Pattern in Core Cities of the Greater Bay Area Based on Morphological Spatial Pattern Analysis,N/A,,,,N,N,열환경 지표 부재; MSPA로 녹지 형태만 분석,도시지역에서 녹지의 형태와 구성 변수를 MSPA로 평가했으나 지표온도나 열섬강도 또는 보행자 열쾌적성 등 도시 온열환경 지표를 결과변수로 다루지 않아 포함 기준에 부합하지 않음,배제
732,10.24259/fs.v7i1.24526,"Wirayuda, IKAK|Widayani, P|Sekaranom, AB",2023,"Urban Green Space Analysis and its Effect on the Surface Urban Heat Island Phenomenon in Denpasar City, Bali",N/A,,,,Y,N,N/A,N/A,배제
733,10.1016/j.ecolind.2025.113390,"Zhang, JY|Hong, S|Chen, B|Wu, SB",2025,"Multiscale synergistic effects of urban green space morphology on heat-pollution: A case study of Guangdong-Hong Kong-Macao Greater Bay Area, China",N/A,,,,Y,N,N/A,N/A,배제
734,10.1016/j.jclepro.2025.145580,"Bi, SB|Tian, Z|Zhang, Y|Dai, F",2025,"The role of urban green space morphology and threshold in cooling efficiency: Evidence from five cities, China",N/A,,,,Y,N,N/A,N/A,배제
735,10.1016/j.ufug.2021.127159,"Ke, XL|Men, HL|Zhou, T|Li, ZY|Zhu, FK",2021,Variance of the impact of urban green space on the urban heat island effect among different urban functional zones: A case study in Wuhan,N/A,,,,Y,N,N/A,N/A,배제
736,10.1016/j.uclim.2023.101631,"Liu, AW|Ma, XY|Du, M|Su, MF|Hong, B",2023,The cooling intensity of green infrastructure in local climate zones: A comparative study in China's cold region,N/A,,,,N,Y,N/A,N/A,진행
737,10.1016/j.scs.2023.104549,"Dong, XY|Ye, YM|Yang, RJ|Li, XY",2023,Planning for green infrastructure based on integration of multi-driving factors: A case study in pilot site of sponge city,N/A,,,,Y,N,N/A,N/A,배제
738,10.1007/s10980-014-0128-6,"Kuang, WH|Liu, Y|Dou, YY|Chi, WF|Chen, GS|Gao, CF|Yang, TR|Liu, JY|Zhang, RH",2015,"What are hot and what are not in an urban landscape: quantifying and explaining the land surface temperature pattern in Beijing, China",N/A,,,,Y,N,N/A,N/A,배제
739,10.1098/rsos.202174,"Bosch, M|Locatelli, M|Hamel, P|Remme, RP|Jaligot, R|Chenal, JM|Joost, S",2021,Evaluating urban greening scenarios for urban heat mitigation: a spatially explicit approach,N/A,,,,N,Y,N/A,N/A,진행
740,10.5751/ES-06598-190321,"Ramos-González, OM",2014,"The green areas of San Juan, Puerto Rico",N/A,,,,Y,N,N/A,N/A,배제
741,10.1016/j.ufug.2025.128983,"Li, LS|Kross, A|Ziter, CD|Eicker, U",2025,Analyzing spatial patterns of urban green infrastructure for urban cooling and social equity,N/A,,,,Y,N,N/A,N/A,배제
742,10.1016/j.uclim.2020.100743,"Masoudi, M|Tan, PY|Fadaei, M",2021,The effects of land use on spatial pattern of urban green spaces and their cooling ability,N/A,,,,Y,N,N/A,N/A,배제
743,10.1016/j.ecolind.2018.09.058,"Masoudi, M|Tan, PY|Liew, SC",2019,Multi-city comparison of the relationships between spatial pattern and cooling effect of urban green spaces in four major Asian cities,N/A,,,,Y,N,N/A,N/A,배제
744,10.1016/j.jag.2025.104482,"Mekhloufi, N|Aquilino, M|Baziz, A|Richiardi, C|Adamo, M",2025,Free satellite data and open-source tools for urban green spaces and temperature pattern analysis in Algiers,N/A,,,,Y,N,N/A,N/A,배제
745,10.1007/s11355-023-00540-2,"Yujie, R|Tang, XL|Fan, TH|Kang, DX",2023,"Does the spatial pattern of urban blue-green space at city-level affects its cooling efficiency? Evidence from Yangtze River Economic Belt, China",N/A,,,,Y,N,N/A,N/A,배제
746,10.3390/buildings13030574,"Gong, YL|Li, XM|Liu, H|Li, Y",2023,The Spatial Pattern and Mechanism of Thermal Environment in Urban Blocks from the Perspective of Green Space Fractal,N/A,,,,Y,N,N/A,N/A,배제
747,10.1016/j.ufug.2025.128813,"Wang, L|Xu, YZ|Zhai, YL|Xu, DW|Fang, JY|Yao, YL|Ren, ZB|Ye, ZW",2025,The ideal characteristics of landscape pattern and morphological spatial pattern for seasonal cool island regulation in urban park green space,N/A,,,,N,Y,N/A,N/A,진행
748,10.1016/j.buildenv.2025.113087,"Lin, BS|Tsai, YH|Chang, HC|Yu, CC|Hsieh, C",2025,Building with nature: Morphological spatial pattern of green infrastructure in urban heat mitigation,N/A,,,,Y,N,N/A,N/A,배제
749,10.1016/j.scs.2024.105819,"Liu, YJ|Chen, HX|Wu, JL|Wang, YF|Ni, ZB|Chen, SQ",2024,Impact of urban spatial dynamics and blue-green infrastructure on urban heat islands: A case study of Guangzhou using Local Climate Zones and predictive modeling,N/A,,,,Y,N,N/A,N/A,배제
750,10.1016/j.heliyon.2024.e31363,"Chen, M|Sun, YB|Yang, B|Jiang, JY",2024,MSPA-based green space morphological pattern and its spatiotemporal influence on land surface temperature,N/A,,,,N,Y,N/A,N/A,진행
751,10.1016/j.landurbplan.2018.10.023,"Masoudi, M|Tan, PY",2019,Multi-year comparison of the effects of spatial pattern of urban green spaces on urban land surface temperature,N/A,,,,Y,N,N/A,N/A,배제
752,10.1016/j.ufug.2024.128623,"Zhou, L|Li, XJ|Huang, ZH|Tan, C|Huang, HG|Du, HQ",2025,Enhanced interpretation of green space surface for land surface temperature through a novel voxel-based landscape index from UAV LiDAR,N/A,,,,Y,N,N/A,N/A,배제
753,10.3390/f15101778,"Xu, J|Yu, YQ|Zhou, W|Yu, WD|Wu, T",2024,Effects of the Spatial Pattern of Forest Vegetation on Urban Cooling in Large Metropolitan Areas of China: A Multi-Scale Perspective,N/A,,,,Y,N,N/A,N/A,배제
754,10.3390/atmos15010125,"Gangwisch, M|Ludwig, S|Matzarakis, A",2024,Modeling the Normalized Urban Heat Island for the City of Karlsruhe by Linking Urban Morphology and Green Infrastructure,N/A,,,,Y,N,N/A,N/A,배제
755,10.1049/cit2.12272,"Hong, TT|Huang, XH|Chen, GJ|Yang, YW|Chen, LJ",2023,Exploring the spatiotemporal relationship between green infrastructure and urban heat island under multi-source remote sensing imagery: A case study of Fuzhou City,N/A,,,,Y,N,N/A,N/A,배제
756,10.1016/j.cities.2025.106332,"Eliades, NGH|Kefalas, G|Lorilla, RS",2025,An integrated approach for enhancing the planning perspective of peri-urban and urban green spaces: The case of the Limassol Metropolitan Area in Cyprus,N/A,,,,Y,N,N/A,N/A,배제
757,10.1016/j.scs.2025.106278,"Dai, YX|Zhang, JJ|Fu, S|Chen, W|Zhang, YP|Yi, KX",2025,Improving resilience to extreme heat events through green space morphology: A threshold-based perspective,N/A,,,,N,N,결과변수 HR(탄력성)·직접 열지표 아님,도시지역과 녹지 형태는 맞지만 종속변수가 복합적 열 회복탄력성(HR) 지수로서 지표온도·열섬강도·보행자 열쾌적성 등 직접적인 도시 온열환경 지표 사용이 명확하지 않아 제외,배제
758,10.1016/j.scs.2022.103964,"Mokhtari, Z|Barghjelveh, S|Sayahnia, R|Karami, P|Qureshi, S|Russo, A",2022,Spatial pattern of the green heat sink using patch- and network-based analysis: Implication for urban temperature alleviation,N/A,,,,Y,N,N/A,N/A,배제
759,10.3390/su8080788,"Lin, BB|Meyers, J|Beaty, RM|Barnett, GB",2016,"Urban Green Infrastructure Impacts on Climate Regulation Services in Sydney, Australia",N/A,,,,Y,N,N/A,N/A,배제
760,10.1080/03736245.2019.1685405,"Ngulani, T|Shackleton, CM",2020,"The degree, extent and value of air temperature amelioration by urban green spaces in Bulawayo, Zimbabwe",N/A,,,,Y,N,N/A,N/A,배제
761,10.1016/j.scs.2024.105309,"Cao, W|Zhou, W|Yu, WD|Wu, T",2024,Combined effects of urban forests on land surface temperature and PM2.5 pollution in the winter and summer,N/A,,,,N,Y,N/A,N/A,진행
762,10.1016/j.ecolind.2024.113059,"Luo, JL|Zhu, L|Fu, H",2025,A new framework for mitigating urban heat island effect from the perspective of network,N/A,,,,Y,N,N/A,N/A,배제
763,10.1007/s10980-023-01763-2,"Wang, Q|Peng, J|Yu, SY|Dan, YZ|Dong, JQ|Zhao, X|Wu, JS",2023,Key attributes of greenspace pattern for heat mitigation vary with urban functional zones,N/A,,,,Y,N,N/A,N/A,배제
764,10.1016/j.ecolind.2019.105778,"Zhou, W|Cao, FL",2020,Effects of changing spatial extent on the relationship between urban forest patterns and land surface temperature,N/A,,,,Y,N,N/A,N/A,배제
765,10.1016/j.ufug.2024.128511,"Sun, LW|Xie, CK|Qin, YF|Zhou, R|Wu, H|Che, SQ",2024,Study on temperature regulation function of green spaces at community scale in high-density urban areas and planning design strategies,N/A,,,,Y,N,N/A,N/A,배제
766,10.1016/j.buildenv.2023.110859,"Moreno, R|Zamora, R|Moreno-García, N|Galán, C",2023,"Effects of composition and structure variables of urban trees in the reduction of heat islands; case study, Temuco city, Chile",N/A,,,,Y,N,N/A,N/A,배제
767,10.1016/j.ufug.2018.01.008,"Nastran, M|Kobal, M|Eler, K",2019,Urban heat islands in relation to green land use in European cities,N/A,,,,Y,N,N/A,N/A,배제
768,10.3390/rs14174351,"Nguyen, TT|Eslick, H|Barber, P|Harper, R|Dell, B",2022,Cooling Effects of Urban Vegetation: The Role of Golf Courses,N/A,,,,Y,N,N/A,N/A,배제
769,10.1016/j.buildenv.2022.109910,"Lin, JY|Qiu, SX|Tan, XJ|Zhuang, YY",2023,Measuring the relationship between morphological spatial pattern of green space and urban heat island using machine learning methods,N/A,,,,Y,N,N/A,N/A,배제
770,10.15666/aeer/1704_91219129,"Wang, XH|Wu, Y|Gong, J|Li, B|Zhao, JJ",2019,URBAN PLANNING DESIGN AND SUSTAINABLE DEVELOPMENT OF FOREST BASED ON HEAT ISLAND EFFECT,N/A,,,,Y,N,N/A,N/A,배제
771,10.3390/f15050812,"Huang, JD|Lu, XH|Wang, YC",2024,Spatio-Temporal Changes and Key Driving Factors of Urban Green Space Configuration on Land Surface Temperature,N/A,,,,Y,N,N/A,N/A,배제
772,10.1016/j.ecolind.2024.112254,"Liu, JC|Wu, JT|Yang, Y|Zhang, BL|Yin, L",2024,Exploring the spatiotemporal impacts of urban green space patterns on the core area of urban heat island,N/A,,,,Y,N,N/A,N/A,배제
773,10.1016/j.isprsjprs.2013.12.010,"Maimaitiyiming, M|Ghulam, A|Tiyip, T|Pla, F|Latorre-Carmona, P|Halik, Ü|Sawut, M|Caetano, M",2014,Effects of green space spatial pattern on land surface temperature: Implications for sustainable urban planning and climate change adaptation,N/A,,,,Y,N,N/A,N/A,배제
774,10.3390/ijerph14080840,"Zhang, XP|Wang, DX|Hao, HK|Zhang, FF|Hu, YN",2017,"Effects of Land Use/Cover Changes and Urban Forest Configuration on Urban Heat Islands in a Loess Hilly Region: Case Study Based on Yan'an City, China",N/A,,,,Y,N,N/A,N/A,배제
775,10.14358/PERS.21-00034R3,"Zhang, Y|Shao, ZF|Huang, X|Feng, XX|Zhou, ZF|Li, Y",2022,Impact of Spatial Configuration of Urban Green Space and Urban Impervious Surface on Land Surface Temperature: A Multi-Grid Perspective,N/A,,,,Y,N,N/A,N/A,배제
776,10.3390/rs14184580,"An, HM|Cai, HY|Xu, XL|Qiao, Z|Han, DR",2022,Impacts of Urban Green Space on Land Surface Temperature from Urban Block Perspectives,N/A,,,,Y,N,N/A,N/A,배제
777,10.3390/su142013492,"Liu, WR|Jia, BQ|Li, T|Zhang, QM|Ma, J",2022,Correlation Analysis between Urban Green Space and Land Surface Temperature from the Perspective of Spatial Heterogeneity: A Case Study within the Sixth Ring Road of Beijing,N/A,,,,Y,N,N/A,N/A,배제
778,10.1016/j.landusepol.2022.106111,"Eggimann, S",2022,Expanding urban green space with superblocks,N/A,,,,Y,N,N/A,N/A,배제
779,10.1016/j.ufug.2020.126704,"Yao, L|Li, T|Xu, MX|Xu, Y",2020,"How the landscape features of urban green space impact seasonal land surface temperatures at a city-block-scale: An urban heat island study in Beijing, China",N/A,,,,N,Y,N/A,N/A,진행
780,10.1016/j.tsep.2024.103154,"Li, JX|Aziz, FBA|Shahidan, MF",2025,Thermal energy environment cycle based on virtual image technology application in urban green environment space planning and design,N/A,,,,N,Y,N/A,N/A,진행
781,10.3390/su17114874,"Liu, HT|Qian, Y",2025,"Multi-Scale Analysis of Green Space Patterns in Thermal Regulation Using Boosted Regression Tree Model: A Case Study in Central Urban Area of Shijiazhuang, China",N/A,,,,Y,N,N/A,N/A,배제
782,10.1007/s10668-018-0103-5,"Soltanifard, H|Jafari, E",2019,"A conceptual framework to assess ecological quality of urban green space: a case study in Mashhad city, Iran",N/A,,,,N,N,열환경지표아님,도시 지역의 녹지 구성·형상은 다루지만 결과변수가 생태적 품질로서 지표온도·열섬강도·보행자 열쾌적성 등 도시 온열환경 지표를 다루지 않아 제외.,배제
783,10.1016/j.ecolind.2023.111244,"He, JJ|Shi, YJ|Xu, LH|Lu, ZW|Feng, M",2024,An investigation on the impact of blue and green spatial pattern alterations on the urban thermal environment: A case study of Shanghai,N/A,,,,Y,N,N/A,N/A,배제
784,10.3846/jeelm.2021.15573,"Wang, YC|Huang, JD|Chen, CD|Shen, JK|Sheng, S",2021,THE COOLING INTENSITY DEPENDENT ON LANDSCAPE COMPLEXITY OF GREEN INFRASTRUCTURE IN THE METROPOLITAN AREA,N/A,,,,Y,N,N/A,N/A,배제
785,10.1016/j.scs.2025.106173,"Zhong, QK|Li, Z|Zhu, JW|Yuan, C",2025,Revealing multiscale and nonlinear effects of urban green spaces on heat islands in high-density cities: Insights from MSPA and machine learning,N/A,,,,Y,N,N/A,N/A,배제
786,10.3390/ijgi7020038,"Naeem, S|Cao, CX|Qazi, WA|Zamani, M|Wei, C|Acharya, BK|Rehman, AU",2018,Studying the Association between Green Space Characteristics and Land Surface Temperature for Sustainable Urban Environments: An Analysis of Beijing and Islamabad,N/A,,,,N,Y,N/A,N/A,진행
787,10.1016/j.scs.2025.106352,"Xu, JL|Jin, YY|Ling, Y|Sun, YY|Wang, Y",2025,Exploring the seasonal impacts of morphological spatial pattern of green spaces on the urban heat island,N/A,,,,Y,N,N/A,N/A,배제
788,10.3390/ijgi5020012,"Bao, TLG|Li, XM|Zhang, J|Zhang, YJ|Tian, SZ",2016,"Assessing the Distribution of Urban Green Spaces and its Anisotropic Cooling Distance on Urban Heat Island Pattern in Baotou, China",N/A,,,,Y,N,N/A,N/A,배제
789,N/A,"Cai, J|Tan, WY|Yan, B",2011,The Structure of Urban Green Space System to tackle Heat-island Effect,N/A,,,,N,Y,N/A,N/A,진행
790,10.1016/j.infrared.2017.08.008,"Zhang, YZ|Zhan, YL|Yu, T|Ren, XY",2017,Urban green effects on land surface temperature caused by surface characteristics: A case study of summer Beijing metropolitan region,N/A,,,,N,Y,N/A,N/A,진행
791,10.1016/j.scs.2024.105589,"Silveira, C|Amaral, FG|Dias, ATC|de Gois, G|Pistón, N",2024,The importance of private gardens and their spatial composition and configuration to urban heat island mitigation,N/A,,,,Y,N,N/A,N/A,배제
792,10.1016/j.ufug.2023.128086,"Li, Y|Zhang, YC|Wu, QL|Xue, R|Wang, XR|Si, ML|Zhang, YY",2023,Greening the concrete jungle: Unveiling the co-mitigation of greenspace configuration on PM2.5 and land surface temperature with explanatory machine learning,N/A,,,,Y,N,N/A,N/A,배제
793,10.1016/j.indic.2024.100475,"Mobarhan, M|Yeganeh, M|Motie, MB|Ahmadi, S",2024,Assessing the efficacy of green walls versus street green lanes in mitigating air pollution: A critical evaluation,N/A,,,,N,N,열환경지표아님(PM),도시지역에서 녹지 구성(그린월·가로수 등)을 비교했으나 결과변수가 PM 농도(대기오염)로서 도시 열환경 지표(지표온도·열섬·열쾌적 등)가 아니므로 제외,배제
794,10.1061/(ASCE)UP.1943-5444.0000266,"Xie, MM|Gao, Y|Cao, YK|Breuste, J|Fu, MC|Tong, D",2015,Dynamics and Temperature Regulation Function of Urban Green Connectivity,N/A,,,,Y,N,N/A,N/A,배제
795,10.3390/rs13194008,"Zhang, Q|Wu, ZX|Singh, VP|Liu, CL",2021,"Impacts of Spatial Configuration of Land Surface Features on Land Surface Temperature across Urban Agglomerations, China",N/A,,,,Y,N,N/A,N/A,배제
796,10.3390/rs12182876,"Terfa, BK|Chen, NC|Zhang, X|Niyogi, D",2020,"Spatial Configuration and Extent Explains the Urban Heat Mitigation Potential due to Green Spaces: Analysis over Addis Ababa, Ethiopia",N/A,,,,N,Y,N/A,N/A,진행
797,10.3390/rs11192322,"Wesley, EJ|Brunsell, NA",2019,Greenspace Pattern and the Surface Urban Heat Island: A Biophysically-Based Approach to Investigating the Effects of Urban Landscape Configuration,N/A,,,,Y,N,N/A,N/A,배제
798,10.1016/j.scs.2024.105605,"Zhang, H|Kang, MY|Guan, ZR|Zhou, R|Zhao, AL|Wu, WJ|Yang, HR",2024,"Assessing the role of urban green infrastructure in mitigating summertime Urban Heat Island (UHI) effect in metropolitan Shanghai, China",N/A,,,,N,Y,N/A,N/A,진행
799,10.1016/j.uclim.2023.101748,"Jiang, L|Xie, MM|Chen, B|Su, WX|Zhao, XM|Wu, RR",2024,"Key areas and measures to mitigate heat exposure risk in highly urbanized city: A case study of Beijing, China",N/A,,,,Y,N,N/A,N/A,배제
800,10.1016/j.uclim.2024.101820,"Chen, P",2024,Inequality in heat: The role of spatial patterns of urban green infrastructure,N/A,,,,Y,N,N/A,N/A,배제
801,10.1016/j.scitotenv.2016.10.195,"Estoque, RC|Murayama, Y|Myint, SW",2017,Effects of landscape composition and pattern on land surface temperature: An urban heat island study in the megacities of Southeast Asia,N/A,,,,Y,N,N/A,N/A,배제
802,10.3390/f15050878,"Zhang, MR|Wang, JG|Zhang, F",2024,The Influence of Spatial Heterogeneity of Urban Green Space on Surface Temperature,N/A,,,,Y,N,N/A,N/A,배제
803,10.1016/j.scs.2024.105945,"Yan, YX|Jian, WC|Wang, BY|Liu, ZC",2024,Multi-scale effects of LCZ and urban green infrastructure on diurnal land surface temperature dynamics,N/A,,,,N,Y,N/A,N/A,진행
804,10.3390/land13071043,"Zhang, JX|Zhao, JY|Pang, B|Liu, SS",2024,"Calculation of the Optimal Scale of Urban Green Space for Alleviating Surface Urban Heat Islands: A Case Study of Xi'an, China",N/A,,,,N,Y,N/A,N/A,진행
805,N/A,"Ersoy, E",2019,LANDSCAPE PATTERN AND URBAN COOLING ISLANDS,N/A,,,,N,Y,N/A,N/A,진행
806,10.3390/f15010197,"Jiang, MY|Shao, H|Zhu, XY|Li, Y",2024,Green Space Reverse Pixel Shuffle Network: Urban Green Space Segmentation Using Reverse Pixel Shuffle for Down-Sampling from High-Resolution Remote Sensing Images,N/A,,,,Y,N,N/A,N/A,배제
807,10.1016/j.scitotenv.2023.165563,"Xu, ZY|Zhao, SQ",2023,Scale dependence of urban green space cooling efficiency: A case study in Beijing metropolitan area,N/A,,,,Y,N,N/A,N/A,배제
808,10.1016/j.ufug.2025.129019,"Seo, J|Park, J",2025,"Spatiotemporal analysis of interactions between building configuration and urban green space on outdoor air temperature during heat waves: IoT sensor-based insights from Seoul, South Korea",N/A,,,,Y,N,N/A,N/A,배제
809,10.1016/j.scs.2022.104373,"Basu, T|Das, A",2023,Urbanization induced degradation of urban green space and its association to the land surface temperature in a medium-class city in India,N/A,,,,N,Y,N/A,N/A,진행
810,10.1016/j.landurbplan.2024.105121,"Beele, E|Aerts, R|Reyniers, M|Somers, B",2024,Spatial configuration of green space matters: Associations between urban land cover and air temperature,N/A,,,,N,Y,N/A,N/A,진행
811,10.1016/j.uclim.2025.102367,"Sun, XT|Fang, PF|Huang, SD|Liang, YY|Zhang, J|Wang, J",2025,Impact of urban green space morphology and vegetation composition on seasonal land surface temperature: a case study of Beijing's urban core,N/A,,,,Y,N,N/A,N/A,배제
812,10.3390/land12051076,"Delgado-Capel, MJ|Cariñanos, P|Escudero-Viñolo, M",2023,Capacity of Urban Green Infrastructure Spaces to Ameliorate Heat Wave Impacts in Mediterranean Compact Cities: Case Study of Granada (South-Eastern Spain),N/A,,,,Y,N,N/A,N/A,배제
813,10.1016/j.ufug.2025.128785,"Li, RH|Bai, ZC|Ye, C|Ablameyko, S|Ye, SP",2025,Urban green space vegetation height modeling and intelligent classification based on UAV multi-spectral and oblique high-resolution images,N/A,,,,Y,N,N/A,N/A,배제
814,10.1016/j.jag.2025.104888,"Yang, CB|Wang, HQ|Ren, ZB|Zhou, WQ",2025,Strengthening or weakening? Multi-year quantification and comparison of urban green space cooling effects and their key 2D/3D drivers,N/A,,,,Y,N,N/A,N/A,배제
815,10.1016/j.rse.2024.114119,"Lu, LL|Guo, HD|Weng, QH|Bartesaghi-Koc, C|Osmond, P|Li, QT",2024,A transferable approach to assessing green infrastructure types (GITs) and their effects on surface urban heat islands with multi-source geospatial data,N/A,,,,Y,N,N/A,N/A,배제
816,10.3390/f14071500,"Liu, JC|Wu, JT|Yang, Y|Zhang, BL|Yin, L",2023,Evaluation of the Seasonal Thermal Environmental Benefits of Urban Green Space in the Core Areas of Urban Heat Island,N/A,,,,Y,N,N/A,N/A,배제
817,10.1016/j.jag.2021.102610,"Wang, XM|Meng, QY|Zhang, LL|Hu, D",2021,Evaluation of urban green space in terms of thermal environmental benefits using geographical detector analysis,N/A,,,,Y,N,N/A,N/A,배제
818,10.1016/j.ufug.2025.128953,"Shen, N|Feng, F|Xu, CY|Li, XW|Chiriaco, MV|Lafortezza, R",2025,Drone-based assessment of urban green space structure and cooling capacity,N/A,,,,Y,N,N/A,N/A,배제
819,10.1038/s41598-025-07904-8,"Huang, ZT|Duan, L|Xu, YM|Yang, SY|Lin, ZY|Yue, H|Yang, JX",2025,Exploring the influence of urban green space and urban morphology on urban heat Islands using street view and satellite imagery,N/A,,,,N,Y,N/A,N/A,진행
820,10.1016/j.uclim.2025.102539,"Li, Q|Li, Q|Wu, HT|Chen, SS|Ishida, Y|Mochida, A|Liu, ZX",2025,Investigating the impact of evapotranspiration from urban green space vertical structures on microclimate through energy and water vapor transfer dynamics,N/A,,,,N,Y,N/A,N/A,진행
821,10.1016/j.ufug.2022.127635,"Wang, CC|Ren, ZB|Dong, YL|Zhang, P|Guo, YJ|Wang, WJ|Bao, GD",2022,Efficient cooling of cities at global scale using urban green space to mitigate urban heat island effects in different climatic regions,N/A,,,,N,Y,N/A,N/A,진행
822,10.1016/j.scitotenv.2022.156687,"Xu, C|Chen, GD|Huang, QY|Su, MR|Rong, QQ|Yue, WC|Haase, D",2022,Can improving the spatial equity of urban green space mitigate the effect of urban heat islands? An empirical study,N/A,,,,Y,N,N/A,N/A,배제
823,10.1016/j.scs.2022.104062,"Das, M|Das, A|Momin, S",2022,Quantifying the cooling effect of urban green space: A case from urban parks in a tropical mega metropolitan area (India),N/A,,,,N,Y,N/A,N/A,진행
824,10.3390/agronomy12092129,"Halder, B|Bandyopadhyay, J|Al-Hilali, AA|Ahmed, AM|Falah, MW|Abed, SA|Falih, KT|Khedher, KM|Scholz, M|Yaseen, ZM",2022,Assessment of Urban Green Space Dynamics Influencing the Surface Urban Heat Stress Using Advanced Geospatial Techniques,N/A,,,,N,Y,N/A,N/A,진행
825,10.15201/hungeobull.71.3.3,"Kolcsár, RA|Csete, AK|Kovacs-Gyori, A|Szilassi, P",2022,"Age-group-based evaluation of residents' urban green space provision: Szeged, Hungary. A case study",N/A,,,,Y,N,N/A,N/A,배제
826,10.1155/2022/5324854,"Wang, L",2022,RETRACTED: Energy Conservation Optimization and Numerical Simulation of Urban Green Space Landscape Pattern (Retracted Article),N/A,,,,N,N,철회논문/온열지표불명확,제목에 RETRACTED로 표시된 철회 논문으로 신뢰성에 문제가 있음 그리고 초록에서 정량적 온열환경 지표가 명확히 보고되지 않아 선정 기준에 부합하지 않음,배제
827,10.2166/wst.2024.014,"Gupta, A|De, BS",2024,"A systematic review on urban blue-green infrastructure in the south Asian region: recent advancements, applications, and challenges",N/A,,,,N,N,리뷰논문/열지표비특이,도시와 녹색인프라를 다루지만 체계적 문헌고찰로서 원자료 분석이 없고 결과변수가 도시 열환경 지표에 집중되지 않아 UHI 등은 단순 언급에 그쳐 포함기준에 부합하지 않음.,배제
828,10.1016/j.foar.2021.12.005,"Fu, JW|Dupre, K|Tavares, S|King, D|Banhalmi-Zakar, Z",2022,Optimized greenery configuration to mitigate urban heat: A decade systematic review,N/A,,,,N,Y,N/A,N/A,진행
829,10.3390/f15030463,"Delgado-Capel, MJ|Egea-Cariñanos, P|Cariñanos, P",2024,Assessing the Relationship between Land Surface Temperature and Composition Elements of Urban Green Spaces during Heat Waves Episodes in Mediterranean Cities,N/A,,,,Y,N,N/A,N/A,배제
830,10.1016/j.scs.2020.102698,"Liu, J|Zhang, L|Zhang, QP|Zhang, GL|Teng, JY",2021,Predicting the surface urban heat island intensity of future urban green space development using a multi-scenario simulation,N/A,,,,Y,N,N/A,N/A,배제
831,10.1016/j.ufug.2021.127154,"Huang, HC|Yang, HL|Chen, YL|Chen, TN|Bai, L|Peng, ZR",2021,"Urban green space optimization based on a climate health risk appraisal-A case study of Beijing city, China",N/A,,,,Y,N,N/A,N/A,배제
832,10.1016/j.heliyon.2024.e24912,"Khan, MS|Li, YL",2024,Comparative study and effects of urban green scape on the land surface temperature of a large metropolis and green city,N/A,,,,N,Y,N/A,N/A,진행
833,10.1016/j.ufug.2024.128462,"Li, X|Li, XM|Guldmann, JM|Cai, ZW|Liao, W|Yang, C|Qiu, QD",2024,"A novel approach to identify the microclimatic edge effect width of urban green spaces at the landscape level: A case study of Changsha, China",N/A,,,,N,Y,N/A,N/A,진행
834,10.1016/j.scs.2024.106087,"Zhang, Y|Ge, JT|Wang, SY|Dong, C",2025,Optimizing urban green space configurations for enhanced heat island mitigation: A geographically weighted machine learning approach,N/A,,,,Y,N,N/A,N/A,배제
835,10.1016/j.buildenv.2024.112190,"Guan, SY|Hu, HH",2025,Exploring the potential relationship between cooling green space and built-up area: Analysis of community green space characteristics based on GWPCA,N/A,,,,Y,N,N/A,N/A,배제
836,10.3390/f12070813,"Dang, H|Li, J|Zhang, YM|Zhou, ZX",2021,Evaluation of the Equity and Regional Management of Some Urban Green Space Ecosystem Services: A Case Study of Main Urban Area of Xi'an City,N/A,,,,N,Y,N/A,N/A,진행
837,10.1016/j.ufug.2024.128207,"Cui, LH|Shibata, S",2024,Exploring climate-adaptive green-space designs for hot and humid climates: Lessons from Japanese dry gardens,N/A,,,,Y,N,N/A,N/A,배제
838,10.1109/JSTARS.2024.3491219,"Wang, SH|Sun, CY|Huang, L|Shi, HD|Xu, XL|Han, DR|Gu, QB|Liu, HB",2024,The Diurnal Cooling Effect of Green Space Structure on the Summer Urban Thermal Environment From a High-Resolution Perspective,N/A,,,,Y,N,N/A,N/A,배제
839,10.3390/land13081297,"Zhang, GH|Du, CY|Ge, SD",2024,Key Factors Affecting Carbon-Saving Intensity and Efficiency Based on the Structure of Green Space,N/A,,,,Y,N,N/A,N/A,배제
840,10.3390/rs15092414,"Zhang, Y|Wang, YC|Ding, N|Yang, XY",2023,Assessing the Contributions of Urban Green Space Indices and Spatial Structure in Mitigating Urban Thermal Environment,N/A,,,,Y,N,N/A,N/A,배제
841,10.3390/su15043705,"Gallay, I|Olah, B|Murtinová, V|Gallayová, Z",2023,Quantification of the Cooling Effect and Cooling Distance of Urban Green Spaces Based on Their Vegetation Structure and Size as a Basis for Management Tools for Mitigating Urban Climate,N/A,,,,Y,N,N/A,N/A,배제
842,10.1007/s10708-020-10312-2,"Siddique, G|Roy, A|Mandal, MH|Ghosh, S|Basak, A|Singh, M|Mukherjee, N",2022,"An assessment on the changing status of urban green space in Asansol city, West Bengal",N/A,,,,Y,N,N/A,N/A,배제
843,10.1016/j.landurbplan.2025.105344,"Li, M|Liu, HM",2025,Enhancing the cooling effect of urban green infrastructure: An empirical analysis of interactive impacts and optimizing pathways over 310 Chinese cities,N/A,,,,Y,N,N/A,N/A,배제
844,10.1016/j.uclim.2018.02.001,"Saaroni, H|Amorim, JH|Hiemstra, JA|Pearlmutter, D",2018,Urban Green Infrastructure as a tool for urban heat mitigation: Survey of research methodologies and findings across different climatic regions,N/A,,,,Y,N,N/A,N/A,배제
845,10.1016/j.ufug.2023.128111,"Best, L|Schwarz, N|Obergh, D|Teuling, AJ|Van Kanten, R|Willemen, L",2023,Urban green spaces and variation in cooling in the humid tropics: The case of Paramaribo,N/A,,,,Y,N,N/A,N/A,배제
846,10.3390/f14122351,"Cordeiro, A|Ornelas, A|Lameiras, JM",2023,The Thermal Regulator Role of Urban Green Spaces: The Case of Coimbra (Portugal),N/A,,,,Y,N,N/A,N/A,배제
847,10.1016/j.enbuild.2019.02.003,"Xu, XY|Liu, SM|Sun, SB|Zhang, WW|Liu, Y|Lao, ZM|Guo, GC|Smith, K|Cui, Y|Liu, W|Garcia, EH|Zhu, JN",2019,Evaluation of energy saving potential of an urban green space and its water bodies,N/A,,,,Y,N,N/A,N/A,배제
848,10.3390/buildings15071032,"Zhu, TT|Wang, XY|Luo, YF|Qiu, H",2025,Systematic Exploration of the Effect of Urban Green Space on Land Surface Temperature: A Scientometric Analysis,N/A,,,,N,Y,N/A,N/A,진행
849,10.1016/j.scs.2025.106410,"Lu, YT|Wu, JY|Liu, MY",2025,Decoding the cooling potential of urban green spaces: A cross-city investigation of driving factors in 311 Chinese cities under varying climate zones,N/A,,,,Y,N,N/A,N/A,배제
850,10.1080/12265934.2023.2253200,"Sumaryana, H|Buchori, I|Sejati, AW",2024,Green infrastructure modelling for UHI control to urban thermal comfort: a case study of Temanggung urban area,N/A,,,,Y,N,N/A,N/A,배제
851,10.18494/SAM4189,"Cao, SY|Yin, WD|Su, JY|Feng, CW|Du, YC|Zhu, JY|Ye, N|Ding, JY|Li, YZ",2023,Spatial and Temporal Evolution of Multi-scale Green Space Environments and Urban Heat Islands: A Case Study of Beijing Sub-center,N/A,,,,N,Y,N/A,N/A,진행
852,10.1016/j.scs.2025.106597,"Jang, S|Jung, J",2025,Urban form and green space structure as drivers of urban heat mitigation,N/A,,,,Y,N,N/A,N/A,배제
853,10.3390/atmos10030151,"Maheng, D|Ducton, I|Lauwaet, D|Zevenbergen, C|Pathirana, A",2019,"The Sensitivity of Urban Heat Island to Urban Green Space-A Model-Based Study of City of Colombo, Sri Lanka",N/A,,,,N,Y,N/A,N/A,진행
854,10.1016/j.scs.2025.106843,"Bai, YJ|Xing, YG",2025,Harnessing green infrastructure for urban heat island mitigation: Evidence-based strategies for sustainable and climate-resilient cities,N/A,,,,N,Y,N/A,N/A,진행
855,10.1016/j.jenvman.2021.113116,"Yuan, B|Zhou, L|Dang, XW|Sun, DQ|Hu, FN|Mu, HW",2021,Separate and combined effects of 3D building features and urban green space on land surface temperature,N/A,,,,N,Y,N/A,N/A,진행
856,10.3390/land14081681,"Proutsos, ND|Solomou, AD|Stefanidis, SP",2025,From Bare Soil to Green Infrastructure: Micrometeorological Benefits from the Restoration of a Small Urban Park in a Mediterranean City,N/A,,,,Y,N,N/A,N/A,배제
857,10.1016/j.buildenv.2017.07.010,"Sun, SB|Xu, XY|Lao, ZM|Liu, W|Li, ZD|García, EH|He, L|Zhu, JN",2017,Evaluating the impact of urban green space and landscape design parameters on thermal comfort in hot summer by numerical simulation,N/A,,,,Y,N,N/A,N/A,배제
858,10.1016/j.jclepro.2020.124995,"Wang, YF|Ni, ZB|Hu, MM|Chen, SQ|Xia, BC",2021,A practical approach of urban green infrastructure planning to mitigate urban overheating: A case study of Guangzhou,N/A,,,,N,Y,N/A,N/A,진행
859,10.1016/j.jag.2021.102674,"Liu, K|Li, XK|Wang, SD|Gao, XJ",2022,"Assessing the effects of urban green landscape on urban thermal environment dynamic in a semiarid city by integrated use of airborne data, satellite imagery and land surface model",N/A,,,,Y,N,N/A,N/A,배제
860,10.1016/j.scitotenv.2023.164422,"Zhou, W|Yu, WD|Zhang, ZY|Cao, W|Wu, T",2023,How can urban green spaces be planned to mitigate urban heat island effect under different climatic backgrounds? A threshold-based perspective,N/A,,,,Y,N,N/A,N/A,배제
861,10.3389/fenvs.2022.977084,"Li, XH|Li, YR|Di, SC|Niu, Y|Zhang, CJ",2022,Evapotranspiration and land surface temperature of typical urban green spaces in a semi-humid region: Implications for green management,N/A,,,,Y,N,N/A,N/A,배제
862,10.1007/s10661-015-4943-2,"Wang, Y|Bakker, F|de Groot, R|Wörtche, H|Leemans, R",2015,Effects of urban green infrastructure (UGI) on local outdoor microclimate during the growing season,N/A,,,,Y,N,N/A,N/A,배제
863,10.3390/rs13245114,"Yang, LQ|Yu, KY|Ai, JW|Liu, YF|Lin, LL|Lin, LC|Liu, J",2021,"The Influence of Green Space Patterns on Land Surface Temperature in Different Seasons: A Case Study of Fuzhou City, China",N/A,,,,Y,N,N/A,N/A,배제
864,10.3390/su13052736,"Cui, LH|Rupprecht, CDD|Shibata, S",2021,Climate-Responsive Green-Space Design Inspired by Traditional Gardens: Microclimate and Human Thermal Comfort of Japanese Gardens,N/A,,,,Y,N,N/A,N/A,배제
865,10.3390/su15086735,"Sun, MJ|Zhao, XY|Wang, Y|Ren, ZQ|Fu, X",2023,"Factors Affecting the High-Intensity Cooling Distance of Urban Green Spaces: A Case Study of Xi'an, China",N/A,,,,Y,N,N/A,N/A,배제
866,10.1016/j.scs.2018.04.002,"Xiao, XD|Dong, L|Yan, HN|Yang, N|Xiong, YM",2018,The influence of the spatial characteristics of urban green space on the urban heat island effect in Suzhou Industrial Park,N/A,,,,N,Y,N/A,N/A,진행
867,10.1016/j.scs.2020.102261,"Verma, P|Singh, R|Bryant, C|Raghubanshi, AS",2020,"Green space indicators in a social-ecological system: A case study of Varanasi, India",N/A,,,,N,N,열환경지표없음,도시(바라나시)에서 녹지 분포·접근성 및 임계값을 분석했으나 결과변수에 도시 온열환경 지표(LST·UHI·열쾌적성 등)가 포함되지 않음,배제
868,10.3390/su11020513,"Amani-Beni, M|Zhang, B|Xie, GD|Shi, YT",2019,"Impacts of Urban Green Landscape Patterns on Land Surface Temperature: Evidence from the Adjacent Area of Olympic Forest Park of Beijing, China",N/A,,,,Y,N,N/A,N/A,배제
869,10.1007/s11252-016-0586-5,"Greene, CS|Millward, AA",2017,Getting closure: The role of urban forest canopy density in moderating summer surface temperatures in a large city,N/A,,,,N,Y,N/A,N/A,진행
870,N/A,"Yang, Y|Wang, JM|Liu, J|Zhang, CY",2019,"ASSESSING THE EFFECTIVENESS OF PLANT COMMUNITY STRUCTURE IN COOLING, HUMIDIFYING, AND BIOCLIMATIC COMFORT IN SEMI-ARID URBAN GREEN SPACES",N/A,,,,N,Y,N/A,N/A,진행
871,10.1016/j.jenvman.2025.124446,"Lopes, HS|Vidal, DG|Cherif, N|Silva, L|Remoaldo, PC",2025,"Green infrastructure and its influence on urban heat island, heat risk, and air pollution: A case study of Porto (Portugal)",N/A,,,,Y,N,N/A,N/A,배제
872,10.1016/j.uclim.2023.101624,"Gangwisch, M|Saha, S|Matzarakis, A",2023,"Spatial neighborhood analysis linking urban morphology and green infrastructure to atmospheric conditions in Karlsruhe, Germany",N/A,,,,Y,N,N/A,N/A,배제
873,10.1016/j.ufug.2014.09.009,"Kong, FH|Yin, HW|Wang, CZ|Cavan, G|James, P",2014,A satellite image-based analysis of factors contributing to the green-space cool island intensity on a city scale,N/A,,,,Y,N,N/A,N/A,배제
874,10.3390/su17136132,"Lin, HQ|Li, X",2025,The Role of Urban Green Spaces in Mitigating the Urban Heat Island Effect: A Systematic Review from the Perspective of Types and Mechanisms,N/A,,,,N,Y,N/A,N/A,진행
875,10.1016/j.scs.2024.105414,"Ouyang, LM|Yang, YK|Wu, ZQ|Jiang, QR|Qiao, RL",2024,Towards inclusive urbanism: An examination of urban environment strategies for enhancing social equity in Chengdu's housing zones,N/A,,,,N,Y,N/A,N/A,진행
876,10.1016/j.ufug.2024.128343,"Leppänen, PK|Kinnunen, A|Hautamäki, R|Järvi, L|Havu, M|Junnila, S|Tahvonen, O",2024,"Impact of changing urban typologies on residential vegetation and its climate-effects - A case study from Helsinki, Finland",N/A,,,,Y,N,N/A,N/A,배제
877,10.1016/j.buildenv.2025.112768,"Dong, X|Feng, XT|He, BJ",2025,Dual potential of Garden Rooftop Farms for heat island mitigation and spatial productivity,N/A,,,,Y,N,N/A,N/A,배제
878,10.3390/su10041101,"Huang, M|Cui, P|He, X",2018,Study of the Cooling Effects of Urban Green Space in Harbin in Terms of Reducing the Heat Island Effect,N/A,,,,N,Y,N/A,N/A,진행
879,10.1080/17538947.2024.2358867,"Na, N|Lou, D|Xu, DD|Ni, XH|Liu, YQ|Wang, HB",2024,Measuring the cooling effects of green cover on urban heat island effects using Landsat satellite imagery,N/A,,,,Y,N,N/A,N/A,배제
880,10.1007/s10980-024-02036-2,"Han, MX|Zhang, TT|Si, Z",2025,Optimizing urban blue-green space in climate adaptive planning: a systematic review of threshold value of efficiency thresholds,N/A,,,,N,Y,N/A,N/A,진행
881,10.1016/j.scs.2025.106374,"An, L|Hang, J|Zhao, YJ|Zeng, LY|Dong, HY|Zhao, YG|Zhao, N",2025,Cooling effects of tree transpiration: A CFD simulation study on heterogeneous tree canopy configurations (TCCs),N/A,,,,Y,N,N/A,N/A,배제
882,10.3390/f15111946,"Yan, ZY|Wu, TJ|Xuan, L|Li, WR|Wang, XH|Dong, LD|Yu, KH|Wang, Y",2024,"The Scale-Dependent Differences in Cooling Efficiency of UGS in Different Functional Areas: A Case Study of Xi'an, China",N/A,,,,N,Y,N/A,N/A,진행
883,10.3390/land14071330,"Wang, M|Su, YQ|Wang, JQ",2025,How to Improve Blue-Green-Gray Infrastructure to Optimize River Cooling Island Effect on Riparian Zone for Outdoor Activities in Summer,N/A,,,,Y,N,N/A,N/A,배제
884,10.1016/j.scitotenv.2022.160712,"Zhou, W|Cao, W|Wu, T|Zhang, T",2023,The win-win interaction between integrated blue and green space on urban cooling,N/A,,,,Y,N,N/A,N/A,배제
885,10.1016/j.uclim.2023.101791,"Yuan, B|Zhou, L|Hu, FN|Wei, CZ",2024,"Effects of 2D/3D urban morphology on land surface temperature: Contribution, response, and interaction",N/A,,,,N,Y,N/A,N/A,진행
886,10.26471/cjees/2025/020/338,"Rahimi, A|Ioja, CI|Khoramrou, S|Nobar, Z",2025,MODELLING NATURE-BASED SOLUTIONS IN DENSELY BUILT-UP AREAS,N/A,,,,Y,N,N/A,N/A,배제
887,10.1016/j.uclim.2022.101398,"Lai, DY|Liu, YQ|Liao, MC|Yu, BQ",2023,Effects of different tree layouts on outdoor thermal comfort of green space in summer Shanghai,N/A,,,,Y,N,N/A,N/A,배제
888,10.1139/er-2025-0104,"Masoudi, M|Ferguson, J|Khan, A|Liu, G|Skoyles, A|Drescher, M",2025,Synthesizing the evidence on green and blue infrastructure for urban temperature mitigation in Canada,N/A,,,,N,Y,N/A,N/A,진행
889,10.1016/j.apgeog.2016.10.008,"Kim, HW|Park, Y",2016,Urban green infrastructure and local flooding: The impact of landscape patterns on peak runoff in four Texas MSAs,N/A,,,,N,N,열환경지표 아님(피크유출),도시 지역에서 녹지의 형태·구성 지표를 분석하지만 결과변수가 도시 열환경 지표가 아니라 강우 피크유출이므로 제외,배제
890,10.3390/su17198547,"Yang, HR|Li, YH|Wu, WJ|Zhao, AL|Zhang, H",2025,Exploring the Complex Relationships Between Influential Factors of Urban Land Development Patterns and Urban Thermal Environment: A Study on Downtown Shanghai,N/A,,,,N,Y,N/A,N/A,진행
891,10.1016/j.buildenv.2022.109723,"Zhang, MR|Zhang, F|Chen, DS|Tan, ML|Chan, NW",2022,Urban local surface temperature prediction using the urban gray-green space landscape and vegetation indices,N/A,,,,N,Y,N/A,N/A,진행
892,10.1007/s11252-025-01769-5,"Sökmen, ED|Aksoy, O",2025,Evaluation of climate justice in open green spaces based on landscape metrics: the case of Istanbul,N/A,,,,Y,N,N/A,N/A,배제
893,10.1016/j.ufug.2023.127886,"Amores, TRP|Ramos, JS|Delgado, MG|Medina, DC|Cerezo-Narvaéz, A|Domínguez, SA",2023,Effect of green infrastructures supported by adaptative solar shading systems on livability in open spaces,N/A,,,,Y,N,N/A,N/A,배제
894,10.1016/j.scs.2023.104734,"Lee, HYJ|Lim, H|Park, S",2023,"Quantitative assessment of green coverage changes under the human-biometeorological perspective: A simulation case study in Jeju, Republic of Korea",N/A,,,,Y,N,N/A,N/A,배제
895,10.3389/fenvs.2021.657969,"Wu, CY|Li, JX|Wang, CF|Song, CH|Haase, D|Breuste, J|Finka, M",2021,"Estimating the Cooling Effect of Pocket Green Space in High Density Urban Areas in Shanghai, China",N/A,,,,Y,N,N/A,N/A,배제
896,10.1016/j.ufug.2021.127325,"Chang, HS|Lin, ZH|Hsu, YY",2021,"Planning for green infrastructure and mapping synergies and trade-offs: A case study in the Yanshuei River Basin, Taiwan",N/A,,,,N,N,결과변수 열환경 지표 아님,도시 녹지 인프라 계획 연구이나 결과는 유출량 및 접근성 평가로 한정되어 도시 열환경 지표를 다루지 않음,배제
897,10.1016/j.buildenv.2021.108233,"Erlwein, S|Zölch, T|Pauleit, S",2021,Regulating the microclimate with urban green in densifiying cities: Joint assessment on two scales,N/A,,,,N,Y,N/A,N/A,진행
898,10.1016/j.scitotenv.2022.157662,"Zhou, Y|Zhao, HL|Mao, SC|Zhang, GL|Jin, YL|Luo, YC|Huo, W|Pan, ZH|An, PL|Lun, F",2022,Exploring surface urban heat island (SUHI) intensity and its implications based on urban 3D neighborhood metrics: An investigation of 57 Chinese cities,N/A,,,,Y,N,N/A,N/A,배제
899,10.3390/su15042969,"Zhang, L|Xu, HY|Pan, JB",2023,Investigating the Relationship between Landscape Design Types and Human Thermal Comfort: Case Study of Beijing Olympic Forest Park,N/A,,,,Y,N,N/A,N/A,배제
900,10.1371/journal.pone.0260205,"Yin, SS|Liu, JT|Han, ZL",2022,Relationship between urban morphology and land surface temperature-A case study of Nanjing City,N/A,,,,N,Y,N/A,N/A,진행
901,10.3390/su12176850,"Song, Y|Song, XD|Shao, GF",2020,Effects of Green Space Patterns on Urban Thermal Environment at Multiple Spatial-Temporal Scales,N/A,,,,N,Y,N/A,N/A,진행
902,10.1016/j.scs.2022.103965,"Zhang, H|Zhao, X|Kang, MY|Han, JJ",2022,Contrasting changes in fine-scale land use structure and summertime thermal environment in downtown Shanghai,N/A,,,,Y,N,N/A,N/A,배제
903,10.1016/j.scitotenv.2019.133742,"Wu, CY|Li, JX|Wang, CF|Song, CH|Chen, Y|Finka, M|La Rosa, D",2019,Understanding the relationship between urban blue infrastructure and land surface temperature,N/A,,,,Y,N,N/A,N/A,배제
904,10.1016/j.scitotenv.2022.153648,"Reyhani, M|Santolini, E|Torreggiani, D|Tassinari, P",2022,Assessing the environmental performance of plastic-based and felt-based green wall systems in a life-cycle perspective,N/A,,,,Y,N,N/A,N/A,배제
905,10.1016/j.ufug.2017.01.002,"Yang, J|Sun, J|Ge, QS|Li, XM",2017,"Assessing the impacts of urbanization-associated green space on urban land surface temperature: A case study of Dalian, China",N/A,,,,Y,N,N/A,N/A,배제
906,10.3390/land11101687,"Jia, XL|Song, PH|Yun, GL|Li, A|Wang, K|Zhang, KH|Du, CY|Feng, Y|Qu, KX|Wu, M|Ge, SD",2022,"Effect of Landscape Structure on Land Surface Temperature in Different Essential Urban Land Use Categories: A Case Study in Jiaozuo, China",N/A,,,,Y,N,N/A,N/A,배제
907,10.1016/j.ufug.2020.126938,"Sebastiani, A|Marando, F|Manes, F",2021,Mismatch of regulating ecosystem services for sustainable urban planning: PM10 removal and urban heat island effect mitigation in the municipality of Rome (Italy),N/A,,,,Y,N,N/A,N/A,배제
908,10.1016/j.buildenv.2014.03.003,"Zhang, B|Xie, GD|Gao, JX|Yang, Y",2014,"The cooling effect of urban green spaces as a contribution to energy-saving and emission-reduction: A case study in Beijing, China",N/A,,,,Y,N,N/A,N/A,배제
909,10.3390/rs11080959,"Sun, YW|Gao, C|Li, JL|Wang, R|Liu, J",2019,Quantifying the Effects of Urban Form on Land Surface Temperature in Subtropical High-Density Urban Areas Using Machine Learning,N/A,,,,N,Y,N/A,N/A,진행
910,10.3390/atmos13020184,"Stepani, HMN|Emmanuel, R",2022,"How Much Green Is Really ""Cool""? Target Setting for Thermal Comfort Enhancement in a Warm, Humid City (Jakarta, Indonesia)",N/A,,,,N,Y,N/A,N/A,진행
911,10.3390/land13122175,"Norouzi, M|Chau, HW|Jamei, E",2024,Design and Site-Related Factors Impacting the Cooling Performance of Urban Parks in Different Climate Zones: A Systematic Review,N/A,,,,N,Y,N/A,N/A,진행
912,10.1080/13549839.2021.2005007,"Burbidge, M|Larsen, TS|Feder, S|Yan, S",2022,"Don't blame it on the sunshine! An exploration of the spatial distribution of heat injustice across districts in Antwerp, Belgium",N/A,,,,Y,N,N/A,N/A,배제
913,10.1007/s11252-019-00916-z,"Cârlan, I|Haase, D|Grosse-Stoltenberg, A|Sandric, I",2020,"Mapping heat and traffic stress of urban park vegetation based on satellite imagery-A comparison of Bucharest, Romania and Leipzig, Germany",N/A,,,,Y,N,N/A,N/A,배제
914,10.1007/s12273-018-0463-7,"Fahmy, M|Ibrahim, Y|Hanafi, E|Barakat, M",2018,"Would LEED-UHI greenery and high albedo strategies mitigate climate change at neighborhood scale in Cairo, Egypt?",N/A,,,,Y,N,N/A,N/A,배제
915,10.3390/atmos15020183,"Liu, YJ|Fan, JY|Xie, SQ|Chen, XG",2024,Study on the Spatial and Temporal Distribution of Thermal Comfort and Its Influencing Factors in Urban Parks,N/A,,,,Y,N,N/A,N/A,배제
916,10.1080/09640568.2019.1613966,"Kourdounouli, C|Jönsson, AM",2020,Urban ecosystem conditions and ecosystem services - a comparison between large urban zones and city cores in the EU,N/A,,,,Y,N,N/A,N/A,배제
917,10.1016/j.ecolind.2014.01.025,"Cavan, G|Lindley, S|Jalayer, F|Yeshitela, K|Pauleit, S|Renner, F|Gill, S|Capuano, P|Nebebe, A|Woldegerima, T|Kibassa, D|Shemdoe, R",2014,Urban morphological determinants of temperature regulating ecosystem services in two African cities,N/A,,,,Y,N,N/A,N/A,배제
918,10.1109/JSTARS.2025.3593925,"Xia, W|Tariq, A|El-Askary, H|Aslam, RW|Barboza, E|Kucher, DE|Youssef, YM|Kraiem, H",2025,Tackling Data Quality Challenges in Remote Sensing: Solutions for Reliable Urban Heat Island Analysis,N/A,,,,Y,N,N/A,N/A,배제
919,10.1007/s10661-019-7213-x,"Chen, YH|Cai, YB|Tong, C",2019,"Quantitative analysis of urban cold island effects on the evolution of green spaces in a coastal city: a case study of Fuzhou, China",N/A,,,,Y,N,N/A,N/A,배제
920,10.1111/sjtg.12328,"Borthakur, M|Saikia, A|Sharma, K",2020,"Swelter in the city: Urban greenery and its effects on temperature in Guwahati, India",N/A,,,,Y,N,N/A,N/A,배제
921,N/A,"Wang, L|Zhang, SW",2015,"ANALYSIS ON THE RELATIONSHIP BETWEEN THE PATTERN OF GREEN SPACES AND LAND SURFACE TEMPERATURE BASED ON NORMALIZED DIFFERENCE VEGETATION INDEX: A CASE STUDY IN CHANGCHUN CITY, CHINA",N/A,,,,N,Y,N/A,N/A,진행
922,N/A,"Liu, JM|Deng, XZ",2011,"Influence of different land use on urban microenvironment in Beijing City, China",N/A,,,,N,Y,N/A,N/A,진행
923,10.1016/j.envint.2023.108385,"Huang, QY|Xu, C|Haase, D|Teng, YM|Su, MR|Yang, ZF",2024,Heterogeneous effects of the availability and spatial configuration of urban green spaces on their cooling effects in China,N/A,,,,Y,N,N/A,N/A,배제
924,10.3390/rs15061502,"Ji, RR|Wang, K|Zhou, MR|Zhang, Y|Bai, YJ|Wu, X|Yan, H|Zhao, ZQ|Ye, H",2023,Green Space Compactness and Configuration to Reduce Carbon Emissions from Energy Use in Buildings,N/A,,,,N,N,결과변수-열지표아님(에너지/탄소),도시지역과 녹지 구성변수는 맞으나 결과변수가 건물 에너지소비 탄소배출로 도시 온열환경 지표를 직접 평가하지 않음,배제
925,10.3390/su17052275,"Wang, Y|Ren, Y",2025,Cooling Efficiency of Urban Green Spaces Across Functional Zones: Mitigating Heat Island Effects Through Spatial Configuration,N/A,,,,Y,N,N/A,N/A,배제
926,10.1016/j.crm.2025.100731,"Soltanifard, H|Amani-Beni, M",2025,The cooling effect of urban green spaces as nature-based solutions for mitigating urban heat: insights from a decade-long systematic review,N/A,,,,N,Y,N/A,N/A,진행
927,10.1016/j.scs.2022.103795,"Zhou, L|Hu, FN|Wang, B|Wei, CZ|Sun, DQ|Wang, SH",2022,Relationship between urban landscape structure and land surface temperature: Spatial hierarchy and interaction effects,N/A,,,,Y,N,N/A,N/A,배제
928,10.1007/s10980-021-01230-w,"Guo, GH|Wu, ZF|Cao, Z|Chen, YB|Zheng, ZH",2021,Location of greenspace matters: a new approach to investigating the effect of the greenspace spatial pattern on urban heat environment,N/A,,,,N,Y,N/A,N/A,진행
929,10.1016/j.scs.2022.104287,"Lyu, RF|Pang, JL|Tian, XL|Zhao, WP|Zhang, JM",2023,How to optimize the 2D/3D urban thermal environment: Insights derived from UAV LiDAR/multispectral data and multi-source remote sensing data,N/A,,,,Y,N,N/A,N/A,배제
930,10.1016/j.jag.2019.101903,"Bartesaghi-Koc, C|Osmond, P|Peters, A",2019,Spatio-temporal patterns in green infrastructure as driver of land surface temperature variability: The case of Sydney,N/A,,,,Y,N,N/A,N/A,배제
931,10.3390/f8050153,"Yang, CB|He, XY|Wang, RH|Yan, FQ|Yu, LX|Bu, K|Yang, JC|Chang, LP|Zhang, SW",2017,The Effect of Urban Green Spaces on the Urban Thermal Environment and Its Seasonal Variations,N/A,,,,Y,N,N/A,N/A,배제
932,10.3390/su10072249,"Wu, ZJ|Zhang, YX",2018,Spatial Variation of Urban Thermal Environment and Its Relation to Green Space Patterns: Implication to Sustainable Landscape Planning,N/A,,,,Y,N,N/A,N/A,배제
933,10.3390/land13101715,"Sun, FH|Zhang, JH|Takeda, S|Cui, JS|Yang, RC",2024,Vertical Plant Configuration: Its Impact on Microclimate and Thermal Comfort in Urban Small Green Spaces,N/A,,,,Y,N,N/A,N/A,배제
934,10.1016/j.scs.2022.103992,"Shen, CH|Hou, H|Zheng, YY|Murayama, Y|Wang, RC|Hu, TA",2022,Prediction of the future urban heat island intensity and distribution based on landscape composition and configuration: A case study in Hangzhou,N/A,,,,Y,N,N/A,N/A,배제
935,10.1016/j.ufug.2021.127266,"Rakoto, PY|Deilami, K|Hurley, J|Amati, M|Sun, Q",2021,Revisiting the cooling effects of urban greening: Planning implications of vegetation types and spatial configuration,N/A,,,,N,Y,N/A,N/A,진행
936,10.3390/land14071393,"Li, YY|Zhao, LN|Zheng, H|Yang, XZ",2025,Using New York City's Geographic Data in an Innovative Application of Generative Adversarial Networks (GANs) to Produce Cooling Comparisons of Urban Design,N/A,,,,Y,N,N/A,N/A,배제
937,10.1061/(ASCE)UP.1943-5444.0000256,"Cheng, XY|Wei, BS|Chen, GJ|Li, JX|Song, CH",2015,Influence of Park Size and Its Surrounding Urban Landscape Patterns on the Park Cooling Effect,N/A,,,,N,Y,N/A,N/A,진행
938,10.1038/s41598-025-05742-2,"Ye, ZH|Liu, J|Huang, ZH",2025,Identifying the best combination of vegetation and paving materials to improve the outdoor thermal comfort in a campus courtyard,N/A,,,,N,Y,N/A,N/A,진행
939,10.1007/s11356-020-12086-z,"Hu, YF|Dai, ZX|Guldmann, JM",2021,Greenspace configuration impact on the urban heat island in the Olympic Area of Beijing,N/A,,,,Y,N,N/A,N/A,배제
940,10.3390/atmos14050833,"Wang, M|Song, HY|Zhu, W|Wang, YC",2023,The Cooling Effects of Landscape Configurations of Green-Blue Spaces in Urban Waterfront Community,N/A,,,,Y,N,N/A,N/A,배제
941,10.3390/f11080825,"Zhao, D|Lei, QH|Shi, YJ|Wang, MD|Chen, SB|Shah, K|Ji, WL",2020,Role of Species and Planting Configuration on Transpiration and Microclimate for Urban Trees,N/A,,,,Y,N,N/A,N/A,배제
942,10.1016/j.scitotenv.2022.158978,"Avila-Hernández, A|Simá, E|Ché-Pan, M",2023,Research and development of green roofs and green walls in Mexico: A review,N/A,,,,N,N,실내온도·에너지 중심 및 도시온열지표 부재,그린루프와 그린월에 대한 멕시코 리뷰로 식생 기층 시스템 등 구성 변수를 다루지만 결과는 실내온도 감소와 전력소비 절감 및 빗물 오염물질 제거 등 건물 실내 중심이며 도시 지표온도 열섬강도 보행자 열쾌적성 등 도시 온열환경 지표는 보고하지 않음 또한 도시지역 초점도 명확하지 않음,배제
943,10.3390/land11030367,"Valente, D|Marinelli, MV|Lovello, EM|Giannuzzi, CG|Petrosillo, I",2022,Fostering the Resiliency of Urban Landscape through the Sustainable Spatial Planning of Green Spaces,N/A,,,,N,N,열지표없음,도시와 녹지의 공간구성은 다루지만 결과변수가 LST/UHI/열쾌적 등 도시 온열환경 지표가 아닌 Urban Landscape Services/Green Index/Connectivity 중심임,배제
944,10.3390/rs11141645,"Simwanda, M|Ranagalage, M|Estoque, RC|Murayama, Y",2019,Spatial Analysis of Surface Urban Heat Islands in Four Rapidly Growing African Cities,N/A,,,,Y,N,N/A,N/A,배제
945,10.3390/rs13061127,"Yu, ZW|Zhang, JU|Yang, GY|Schlaberg, J",2021,Reverse Thinking: A New Method from the Graph Perspective for Evaluating and Mitigating Regional Surface Heat Islands,N/A,,,,N,N,녹지형태·구성변수부재,도시지역과 열환경 지표는 맞지만 연구는 녹지 형태나 구성 변수를 다루지 않고 UHI 네트워크와 연결성 평가에 집중하여 포함 기준에 부합하지 않음,배제
946,10.1016/j.envint.2023.108230,"Schinasi, LH|Bakhtsiyarava, M|Sanchez, BN|Kephart, JL|Ju, Y|Arunachalam, S|Gouveia, N|Caiaffa, WT|O'Neill, MS|Dronova, I|Roux, AVD|Rodriguez, DA",2023,Greenness and excess deaths from heat in 323 Latin American cities: Do associations vary according to climate zone or green space configuration?,N/A,,,,Y,N,N/A,N/A,배제
947,10.1016/j.jclepro.2019.05.389,"Shaker, RR|Altman, Y|Deng, CB|Vaz, E|Forsythe, KW",2019,Investigating urban heat island through spatial analysis of New York City streetscapes,N/A,,,,N,Y,N/A,N/A,진행
948,10.1016/j.scs.2025.106345,"Liu, SJ|Wang, ZJ|Kumilamba, G|Yu, LF",2025,Optimizing green space configuration for mitigating land surface temperature: A case study of karst mountainous cities,N/A,,,,N,Y,N/A,N/A,진행
949,10.1080/26395916.2024.2315991,"Egerer, M|Annighöfer, P|Arzberger, S|Burger, S|Hecher, Y|Knill, V|Probst, B|Suda, M",2024,Urban oases: the social-ecological importance of small urban green spaces,N/A,,,,N,Y,N/A,N/A,진행
950,10.1016/j.ufug.2024.128488,"Arzberger, S|Egerer, M|Suda, M|Annighöfer, P",2024,Thermal regulation potential of urban green spaces in a changing climate: Winter insights,N/A,,,,Y,N,N/A,N/A,배제
951,10.1080/15481603.2025.2572174,"Wang, X|Zhou, L|Song, YZ|López-Carr, D|Wang, SH|Chen, H|Gao, H|Lyu, R|Sun, QK|Guo, ZC|Wei, W",2025,Beyond flat cities: dramatic 2D/3D differences in urban gray-green space configurations and the nonlinear thermal regulation mechanisms,N/A,,,,Y,N,N/A,N/A,배제
952,10.1016/j.uclim.2024.102077,"Azmeer, A|Tahir, F|Al-Ghamdi, SG",2024,"Progress on green infrastructure for urban cooling: Evaluating techniques, design strategies, and benefits",N/A,,,,Y,N,N/A,N/A,배제
953,10.1016/j.scitotenv.2024.170650,"Feng, L|Shuai, LR|Zhou, YA|Zhang, X|Sun, JX",2024,Improving the green space arrangement in residential areas from the perspective of tree leaf temperature utilizing scenario simulation in ENVI-met,N/A,,,,Y,N,N/A,N/A,배제
954,10.1016/j.landurbplan.2017.04.009,"Zhang, YJ|Murray, AT|Turner, BL",2017,"Optimizing green space locations to reduce daytime and nighttime urban heat island effects in Phoenix, Arizona",N/A,,,,Y,N,N/A,N/A,배제
955,10.1007/s00704-024-04873-2,"Ali, MB|Jamal, S|Ahmad, M|Saqib, M",2024,"Unriddle the complex associations among urban green cover, built-up index, and surface temperature using geospatial approach: a micro-level study of Kolkata Municipal Corporation for sustainable city",N/A,,,,N,Y,N/A,N/A,진행
956,10.1016/j.buildenv.2024.112162,"Budzik, G|Krajewski, P|Soszynska, A|Lebiedzinska, M|Kowalczyk, T",2025,"Factors influencing spatiotemporal cooling potential of blue-green infrastructure across diverse local climate zones-Case study of Wroclaw, Poland",N/A,,,,N,Y,N/A,N/A,진행
957,10.3390/f15081304,"Zhang, SY|Wu, ZY|Wu, ZL|Lin, S|Hu, XS|Zheng, LF",2024,The Impact of Urban Forest Landscape on Thermal Environment Based on Deep Learning: A Case of Three Main Cities in Southeastern China,N/A,,,,Y,N,N/A,N/A,배제
958,10.1061/JUPDDM.UPENG-4706,"Zeng, P|Zong, C|Wei, X",2024,Quantitative Analysis and Spatial Pattern Research of Built-Up Environments and Surface Urban Heat Island Effect in Beijing's Main Urban Area,N/A,,,,N,N,녹지변수 미포함,도시지역 대상이고 결과변수는 SUHI 등 열환경 지표이나 연구 주제가 녹지의 형태·구성 변수가 아니라 건조환경(건축·도로) 중심이므로 제외,배제
959,10.1080/10106049.2024.2381580,"Shohan, AAA|Hang, HT|Bindajam, AA|Alshayeb, MJ|Mallick, J|Abdo, HG",2024,Integrating random forest and morphological spatial pattern analysis for predicting future land surface temperature dynamics: insights from urbanizing Saudi Arabia,N/A,,,,Y,N,N/A,N/A,배제
960,10.1016/j.scitotenv.2023.165228,"Stumpe, B|Bechtel, B|Heil, J|Jörges, C|Jostmeier, A|Kalks, F|Schwarz, K|Marschner, B",2023,Soil texture mediates the surface cooling effect of urban and peri-urban green spaces during a drought period in the city area of Hamburg (Germany),N/A,,,,Y,N,N/A,N/A,배제
961,10.1016/j.buildenv.2025.113281,"Li, ST|Zhang, JY|Xiao, QK|Fang, K|Ha, S|Liu, HS|Teng, MJ|Wu, XF|Wu, CG",2025,"Ameliorating canopy urban heat island in block level: A holistic investigation into the radius, form, and typologies",N/A,,,,Y,N,N/A,N/A,배제
962,10.3390/land12081568,"Ornelas, A|Cordeiro, A|Lameiras, JM",2023,Thermal Comfort Assessment in Urban Green Spaces: Contribution of Thermography to the Study of Thermal Variation between Tree Canopies and Air Temperature,N/A,,,,Y,N,N/A,N/A,배제
963,10.1134/S1995425524700513,"Degermenci, AS|Zengin, H",2024,"Determining the Effect of Green Space Ratio and Urbanization on the Land Surface Temperature, a Case Study in the Istanbul Metropolitan",N/A,,,,N,Y,N/A,N/A,진행
964,10.1007/s10661-025-14415-6,"Lan, YX|Liu, ZH|Zheng, JH|Tang, YY",2025,Advances in research on the impact of urban blue-green landscape patterns on heat island effects: a systematic literature review,N/A,,,,N,Y,N/A,N/A,진행
965,10.1002/eap.2902,"Bruner, SG|Palmer, MI|Griffin, KL|Naeem, S",2023,Planting design influences green infrastructure performance: Plant species identity and complementarity in rain gardens,N/A,,,,Y,N,N/A,N/A,배제
966,10.3390/land12050963,"Hu, YX|Wang, CQ|Li, JJ",2023,"Assessment of Heat Mitigation Services Provided by Blue and Green Spaces: An Application of the InVEST Urban Cooling Model with Scenario Analysis in Wuhan, China",N/A,,,,Y,N,N/A,N/A,배제
967,10.3390/land12020476,"Semenzato, P|Bortolini, L",2023,Urban Heat Island Mitigation and Urban Green Spaces: Testing a Model in the City of Padova (Italy),N/A,,,,Y,N,N/A,N/A,배제
968,10.1007/s11252-023-01405-0,"Li, YL|Fan, SX|Li, K|Ke, KE|Dong, L",2023,"Contributions of urban green and blue spaces on local-scale climate in the core area of Beijing, China",N/A,,,,N,Y,N/A,N/A,진행
969,10.1016/j.rse.2018.06.010,"Peng, J|Jia, JL|Liu, YX|Li, HL|Wu, JS",2018,Seasonal contrast of the dominant factors for spatial distribution of land surface temperature in urban areas,N/A,,,,Y,N,N/A,N/A,배제
970,10.1016/j.ecolind.2023.111439,"Hu, J|Chen, GR|Wang, F|Hassan, WM|Cai, MC|Fan, WQ|Yuan, XZ",2024,Nematodes as biological indicators of urban heat island effects in the Chongqing area urban green spaces,N/A,,,,Y,N,N/A,N/A,배제
971,10.3390/ijerph19052949,"Wang, T|Tu, H|Min, B|Li, ZZ|Li, XF|You, QX",2022,The Mitigation Effect of Park Landscape on Thermal Environment in Shanghai City Based on Remote Sensing Retrieval Method,N/A,,,,Y,N,N/A,N/A,배제
972,10.1016/j.cities.2025.105765,"Sheng, QQ|Ji, YU|Jia, CY|Jiang, L|Li, C|Huang, ZW|Ma, CY|Zhang, XY|Chen, HA|Wang, TY|Zhu, YF|Zhu, ZL",2025,Differential effects of cooling and humidification in urban green spaces and thresholds of vegetation community structure parameters: A case study of the Yangtze River Delta region,N/A,,,,Y,N,N/A,N/A,배제
973,10.1016/j.jenvman.2024.123975,"Zhang, Y|Ge, JT|Bai, XY|Wang, SY",2025,Blue-Green space seasonal influence on land surface temperatures across different urban functional zones: Integrating Random Forest and geographically weighted regression,N/A,,,,Y,N,N/A,N/A,배제
974,10.3390/environments12010011,"Mokhtari, Z|Russo, A|Lafortezza, R",2025,"How Do Vegetation Biomass, Area, and Shape Attributes Influence the Cooling Effect of Urban Green Spaces?",N/A,,,,Y,N,N/A,N/A,배제
975,10.1016/j.tsep.2025.103316,"Pan, YJ|Zhang, Y|Lv, ZP|Zhou, CX",2025,Research on urban green environment and landscape design based on thermal energy cycle simulation and thermal image analysis☆,N/A,,,,N,Y,N/A,N/A,진행
976,10.1016/j.energy.2020.118103,"Wei, J|Ni, Y|Zhang, YJ",2020,The mitigation strategies for bottom environment of service-oriented public building from a micro-scale perspective: A case study in China,N/A,,,,N,Y,N/A,N/A,진행
977,10.3390/f16050799,"Li, WJ|Pan, PW|Fang, DM|Guo, C",2025,Effects of Plant Communities in Urban Green Spaces on Microclimate and Thermal Comfort,N/A,,,,Y,N,N/A,N/A,배제
978,10.1016/j.scs.2024.105659,"Cui, P|Xv, D|Tang, JN|Lu, JQ|Wu, YT",2024,"Assessing the effects of urban green spaces metrics and spatial structure on LST and carbon sinks in Harbin, a cold region city in China",N/A,,,,Y,N,N/A,N/A,배제
979,10.3390/su17010241,"Wang, Y|Ren, Y|Zheng, XM|Wu, ZF",2025,The Impact of Building and Green Space Combination on Urban Thermal Environment Based on Three-Dimensional Landscape Index,N/A,,,,Y,N,N/A,N/A,배제
980,10.1080/10106049.2025.2564188,"Genovese, PV|Xia, R|Wan, YS|Kassa, AM|Aregawi, T|Li, ZX|Yan, XZ|Weng, JH|Pan, L",2025,"Spatial heterogeneity in the nexus of blue-green infrastructure, urban heat, and population distribution within Hangzhou",N/A,,,,Y,N,N/A,N/A,배제
981,10.1016/j.landurbplan.2025.105314,"Wu, ZF|Wang, Y|Ren, Y",2025,Optimizing green space-building landscape characteristics of key urban functional zones for comprehensive thermal environment mitigation,N/A,,,,Y,N,N/A,N/A,배제
982,10.1007/s00704-025-05694-7,"Zaid, HAB|Mughal, UM|Amin, M|Sajjad, MM|Farhan, M|Sattar, A|Ali, S|Ali, M|ul Ain, Q",2025,Evaluating the cooling potential of urban green spaces in Faisalabad integrating invest urban cooling model with multisource remote sensing data,N/A,,,,Y,N,N/A,N/A,배제
983,10.3389/fpubh.2022.870403,"Liu, W|Zhao, HY|Sun, SB|Xu, XY|Huang, TT|Zhu, JN",2022,Green Space Cooling Effect and Contribution to Mitigate Heat Island Effect of Surrounding Communities in Beijing Metropolitan Area,N/A,,,,N,Y,N/A,N/A,진행
984,10.3390/rs14184492,"Murtinová, V|Gallay, I|Olah, B",2022,"Mitigating Effect of Urban Green Spaces on Surface Urban Heat Island during Summer Period on an Example of a Medium Size Town of Zvolen, Slovakia",N/A,,,,Y,N,N/A,N/A,배제
985,10.3390/su142215391,"Tang, HF|Liu, JY|Zheng, BH",2022,Study on the Green Space Patterns and Microclimate Simulation in Typical Urban Blocks in Central China,N/A,,,,N,Y,N/A,N/A,진행
986,10.1016/j.agrformet.2023.109632,"De Pauw, K|Depauw, L|Calders, K|Caluwaerts, S|Cousins, SAO|De Lombaerde, E|Diekmann, M|Frey, D|Lenoir, J|Meeussen, C|Orczewska, A|Plue, J|Spicher, F|Zellweger, F|Vangansbeke, P|Verheyen, K|De Frenne, P",2023,Urban forest microclimates across temperate Europe are shaped by deep edge effects and forest structure,N/A,,,,Y,N,N/A,N/A,배제
987,10.3390/ijerph182111404,"Jiang, YF|Huang, J|Shi, TM|Wang, HX",2021,Interaction of Urban Rivers and Green Space Morphology to Mitigate the Urban Heat Island Effect: Case-Based Comparative Analysis,N/A,,,,Y,N,N/A,N/A,배제
988,10.1016/j.ufug.2020.126838,"Sun, X|Tan, XY|Chen, KL|Song, S|Zhu, XD|Hou, DL",2020,"Quantifying landscape-metrics impacts on urban green-spaces and water-bodies cooling effect: The study of Nanjing, China",N/A,,,,N,Y,N/A,N/A,진행
989,10.1016/j.uclim.2019.100574,"Davtalab, J|Deyhimi, SP|Dessi, V|Hafezi, MR|Adib, M",2020,The impact of green space structure on physiological equivalent temperature index in open space,N/A,,,,Y,N,N/A,N/A,배제
990,10.3390/f12020111,"Wei, JX|Li, HB|Wang, YC|Xu, XZ",2021,The Cooling and Humidifying Effects and the Thresholds of Plant Community Structure Parameters in Urban Aggregated Green Infrastructure,N/A,,,,Y,N,N/A,N/A,배제
991,10.1016/j.scs.2023.104768,"Gobatti, L|Bach, PM|Scheidegger, A|Leita, JP",2023,Using satellite imagery to investigate Blue-Green Infrastructure establishment time for urban cooling,N/A,,,,N,Y,N/A,N/A,진행
992,10.3390/ijerph17228684,"Jiang, YF|Jiang, SD|Shi, TM",2020,Comparative Study on the Cooling Effects of Green Space Patterns in Waterfront Build-Up Blocks: An Experience from Shanghai,N/A,,,,N,Y,N/A,N/A,진행
993,10.3390/f11060630,"Lee, PSH|Park, J",2020,"An Effect of Urban Forest on Urban Thermal Environment in Seoul, South Korea, Based on Landsat Imagery Analysis",N/A,,,,N,Y,N/A,N/A,진행
994,10.1016/j.ufug.2019.04.008,"Li, XM|Zhou, WQ",2019,Optimizing urban greenspace spatial pattern to mitigate urban heat island effects: Extending understanding from local to the city scale,N/A,,,,N,Y,N/A,N/A,진행
995,10.1016/j.scs.2025.106204,"Liu, ZY|Zhang, SS",2025,Exploring the relationship between urban green development and heat island effect within the Yangtze River Delta Urban Agglomeration,N/A,,,,Y,N,N/A,N/A,배제
996,10.1016/j.ufug.2020.126721,"Stojakovic, V|Bajsanski, I|Savic, S|Milosevic, D|Tepavcevic, B",2020,The influence of changing location of trees in urban green spaces on insolation mitigation,N/A,,,,N,Y,N/A,N/A,진행
997,10.1007/s10668-023-03260-7,"Safizadeh, M|Marzbali, MH|Tilaki, MJM|Abdullah, A",2024,"Assessing the morphological distribution of urban green spaces for the future sustainable greenery planning: a case study of Penang, Malaysia",N/A,,,,Y,N,N/A,N/A,배제
998,10.1016/j.scitotenv.2020.144605,"Wang, CY|Turner, VK|Wentz, EA|Zhao, QS|Myint, SW",2021,"Optimization of residential green space for environmental sustainability and property appreciation in metropolitan Phoenix, Arizona",N/A,,,,Y,N,N/A,N/A,배제
999,10.1007/s10980-019-00932-6,"Yin, J|Wu, XX|Shen, MG|Zhang, XL|Zhu, CH|Xiang, HX|Shi, CM|Guo, ZY|Li, CL",2019,"Impact of urban greenspace spatial pattern on land surface temperature: a case study in Beijing metropolitan area, China",N/A,,,,N,Y,N/A,N/A,진행
1000,10.1016/j.ufug.2025.128698,"Zhang, L|Wang, SY|Zhai, W|He, ZC|Shi, WJ|Li, YR|Zhao, CH",2025,How does Blue-Green Infrastructure affect the urban thermal environment across various functional zones?,N/A,,,,N,Y,N/A,N/A,진행
1001,10.1007/s11252-018-0776-4,"Ren, ZB|He, XY|Pu, RL|Zheng, HF",2018,The impact of urban forest structure and its spatial location on urban cool island intensity,N/A,,,,Y,N,N/A,N/A,배제
1002,10.2105/AJPH.2017.304123,"Dang, TN|Van, DQ|Kusaka, H|Seposo, XT|Honda, Y",2018,Green Space and Deaths Attributable to the Urban Heat Island Effect in Ho Chi Minh City,N/A,,,,N,N,건강결과(사망) 중심/도시온열지표 부재,도시지역(HCMC)와 녹지 주제는 맞지만 결과변수가 UHI로 인한 사망 등 건강결과로서 지표온도·열섬강도·보행자 열쾌적성 등 도시 온열환경 지표를 직접 산출하지 않아 제외,배제
1003,10.1016/j.ufug.2016.12.005,"Park, J|Kim, JH|Lee, DK|Park, CY|Jeong, SG",2017,The influence of small green space type and structure at the street level on urban heat island mitigation,N/A,,,,Y,N,N/A,N/A,배제
1004,10.1590/1806-90882017000600003,"Martini, A|Biondi, D|Batista, AC",2017,URBAN FOREST COMPONENTS INFLUENCING MICROCLIMATE AND COOLING POTENTIAL,N/A,,,,N,Y,N/A,N/A,진행
1005,10.1016/j.ufug.2017.10.003,"Gage, EA|Cooper, DJ",2017,Urban forest structure and land cover composition effects on land surface temperature in a semi-arid suburban area,N/A,,,,Y,N,N/A,N/A,배제
1006,10.1007/s12273-014-0167-6,"Hong, B|Lin, BR",2014,Numerical study of the influences of different patterns of the building and green space on micro-scale outdoor thermal comfort and indoor natural ventilation,N/A,,,,Y,N,N/A,N/A,배제
1007,10.1177/0143624417734526,"Pochee, H|Johnston, I",2017,Understanding design scales for a range of potential green infrastructure benefits in a London Garden City,N/A,,,,Y,N,N/A,N/A,배제
1008,10.1016/j.scs.2021.102711,"Tan, XY|Sun, X|Huang, CD|Yuan, Y|Hou, DL",2021,Comparison of cooling effect between green space and water body,N/A,,,,N,Y,N/A,N/A,진행
1009,10.1016/j.uclim.2024.101819,"Zhou, TT|Jia, WX|Yan, L|Hong, B|Wang, K",2024,Urban park's vertical canopy structure and its varied cooling effect under continuous warming climate,N/A,,,,Y,N,N/A,N/A,배제
1010,10.3390/rs13224601,"Yan, L|Jia, WX|Zhao, SQ",2021,"The Cooling Effect of Urban Green Spaces in Metacities: A Case Study of Beijing, China's Capital",N/A,,,,Y,N,N/A,N/A,배제
1011,10.1016/j.scitotenv.2024.174927,"Elmarakby, E|Elkadi, H",2024,Prioritising urban heat island mitigation interventions: Mapping a heat risk index,N/A,,,,Y,N,N/A,N/A,배제
1012,10.1016/j.ufug.2020.126630,"Yu, ZW|Yang, GY|Zuo, SD|Jorgensen, G|Koga, M|Vejre, H",2020,Critical review on the cooling effect of urban blue-green space: A threshold-size perspective,N/A,,,,N,Y,N/A,N/A,진행
1013,10.3390/buildings14051206,"Xu, C|Wang, WJ|Zhu, H",2024,Spatial Gradient Differences in the Cooling Island Effect and Influencing Factors of Urban Park Green Spaces in Beijing,N/A,,,,Y,N,N/A,N/A,배제
1014,10.1016/j.uclim.2024.101975,"Tan, J|Kuang, WJ|Yu, D|Zhou, WJ|Li, XG|Liu, Q|He, LB",2024,"Investigating the cooling effects of land cover and landscape patterns surrounding rivers: Insights from the subtropical city of Changsha, China",N/A,,,,Y,N,N/A,N/A,배제
1015,10.1038/s41598-024-60546-0,"Visvanathan, G|Patil, K|Suryawanshi, Y|Meshram, V|Jadhav, S",2024,Mitigating urban heat island and enhancing indoor thermal comfort using terrace garden,N/A,,,,N,Y,N/A,N/A,진행
1016,10.1007/s11769-024-1459-0,"Zhao, QY|Yu, KY|Geng, JW|Lin, JQ|Ai, JW|Liu, J",2024,"Spatiotemporal Evolution of Urban Heat Islands and Optimization of Spatial Network Construction in the Central Urban Area of Fuzhou City, China",N/A,,,,N,N,녹지변수부재·열환경네트워크분석,도시 대상이지만 주제가 녹지 형태·구성 변수 분석이 아니라 열섬 패치 및 열환경 공간네트워크 MSPA·MCR 구축과 최적화에 초점이며 녹지 변수와 열지표의 정량적 연계가 부족하여 제외,배제
1017,10.3390/su16114425,"Zheng, GR|Xu, H|Liu, F|Dong, JW",2024,Impact of Plant Layout on Microclimate of Summer Courtyard Space Based on Orthogonal Experimental Design,N/A,,,,N,Y,N/A,N/A,진행
1018,10.3390/land13070933,"Qi, L|Hu, YM|Bu, RC|Li, BL|Gao, Y|Li, CL",2024,Evaluation of the Thermal Environment Based on the Urban Neighborhood Heat/Cool Island Effect,N/A,,,,Y,N,N/A,N/A,배제
1019,10.3390/su16145893,"Meng, JL|Gao, Y",2024,Analysis of Urban Expansion and Heat-Island Effect of Hefei Based on ENVI,N/A,,,,Y,N,N/A,N/A,배제
1020,10.1016/j.solener.2018.03.008,"Koc, CB|Osmond, P|Peters, A",2018,"Evaluating the cooling effects of green infrastructure: A systematic review of methods, indicators and data sources",N/A,,,,N,Y,N/A,N/A,진행
1021,10.3390/land14061274,"Olgun, R|Karakus, N|Selim, S|Yilmaz, T|Erdogan, R|Aklibasinda, M|Dönmez, B|Çakir, M|Ardahanlioglu, ZR",2025,"Impacts of Landscape Composition on Land Surface Temperature in Expanding Desert Cities: A Case Study in Arizona, USA",N/A,,,,Y,N,N/A,N/A,배제
1022,10.1016/j.ufug.2018.04.005,"Wang, YF|Ni, ZB|Peng, YZ|Xia, BC",2018,"Local variation of outdoor thermal comfort in different urban green spaces in Guangzhou, a subtropical city in South China",N/A,,,,Y,N,N/A,N/A,배제
1023,10.1016/j.scitotenv.2018.12.293,"Long, LC|D'Amico, V|Frank, SD",2019,Urban forest fragments buffer trees from warming and pests,N/A,,,,Y,N,N/A,N/A,배제
1024,10.1016/j.scs.2025.106800,"Wang, TW|Hu, HH",2025,Mapping urban heat island networks using a landscape connectivity approach: A case study of Nanjing,N/A,,,,N,N,녹지변수부재·네트워크설계중심,도시 UHI 연구이나 녹지 형태 또는 구성 변수의 효과 분석이 주제가 아니며 경관 연결성 기반 UHI 네트워크 식별 및 최적화 전략 제시에 초점임 도시 온열 지표는 있으나 녹지 구성 변수를 독립변수로 다루지 않음,배제
1025,10.3390/atmos16020146,"Negi, A|Emmanuel, R|Aarrevaara, E",2025,"Planning for a Warmer Future: Heat Risk Assessment and Mitigation in Lahti, Finland",N/A,,,,Y,N,N/A,N/A,배제
1026,10.18494/SAM5259,"Yun, YJ|Kil, SH|Lee, S",2024,Analysis of Relative Land Surface Temperature by Land Cover Using Landsat 8 Imagery: Focusing on Chuncheon City,N/A,,,,N,Y,N/A,N/A,진행
1027,10.1016/j.softx.2024.101997,"Rodríguez-Gómez, F|del Campo-avila, J|López-Rodríguez, D|Pérez-Urrestarazu, L",2025,URSUS_UHI: URban SUStainability software for detection of unfavourable areas due to the Urban Heat Island effect,N/A,,,,N,Y,N/A,N/A,진행
1028,10.3390/su17031026,"Ni, YT|Lin, LQ|Xia, HQ|Wang, XJ",2025,Urban Street Greening and Resident Comfort: An Integrated Approach Based on High-Precision Shadow Distribution and Facade Visual Assessment,N/A,,,,Y,N,N/A,N/A,배제
1029,10.3390/f10030282,"Zhou, W|Cao, FL|Wang, GB",2019,Effects of Spatial Pattern of Forest Vegetation on Urban Cooling in a Compact Megacity,N/A,,,,Y,N,N/A,N/A,배제
1030,10.3390/buildings15132166,"Ren, J|Xu, XH|Jiang, JL",2025,Optimizing Public Space Quality in High-Density Old Districts of Asian Megacities: Thermal Environment Analysis of Shenzhen's Urban Fringe,N/A,,,,Y,N,N/A,N/A,배제
1031,10.1016/j.ufug.2019.05.014,"Fung, CKW|Jim, CY",2019,Microclimatic resilience of subtropical woodlands and urban-forest benefits,N/A,,,,Y,N,N/A,N/A,배제
1032,10.1016/j.scs.2025.106369,"Xu, HB|Zhang, SY|Wu, C",2025,Revealing the impact of urban land use patterns on land surface temperature through graph attention networks,N/A,,,,Y,N,N/A,N/A,배제
1033,10.1016/j.scs.2025.106845,"Hussainzad, EA|Gou, ZH",2025,"A machine learning framework for urban heat mitigation in informal settlements: Climate-resilient planning in Kabul, Afghanistan",N/A,,,,Y,N,N/A,N/A,배제
1034,10.3390/atmos16080935,"Kosanovic, S|Markovic, ?|Stamenkovic, M",2025,New Belgrade's Thermal Mosaic: Investigating Climate Performance in Urban Heritage Blocks Beyond Coverage Ratios,N/A,,,,Y,N,N/A,N/A,배제
1035,10.1016/j.landurbplan.2014.04.018,"Kong, FH|Yin, HW|James, P|Hutyra, LR|He, HS",2014,Effects of spatial pattern of greenspace on urban cooling in a large metropolitan area of eastern China,N/A,,,,N,Y,N/A,N/A,진행
1036,10.3390/rs15123110,"Errea, CL|de Almeida, CR|Gonçalves, A|Teodoro, AC",2023,"Remote Sensing Analysis of the Surface Urban Heat Island Effect in Vitoria-Gasteiz, 1985 to 2021",N/A,,,,Y,N,N/A,N/A,배제
1037,10.1016/j.uclim.2023.101540,"Ding, N|Zhang, Y|Wang, YC|Chen, LQ|Qin, K|Yang, XY",2023,Effect of landscape pattern of urban surface evapotranspiration on land surface temperature,N/A,,,,Y,N,N/A,N/A,배제
1038,10.1016/j.landurbplan.2022.104671,"Duncan, JMA|Boruff, B",2023,Monitoring spatial patterns of urban vegetation: A comparison of contemporary high-resolution datasets,N/A,,,,N,Y,N/A,N/A,진행
1039,10.1016/j.scs.2023.104818,"Parison, S|Chaumont, M|Kounkou-Arnaud, R|Long, FDR|Bernik, A|Da Silva, M|Hendel, M",2023,"The effects of greening a parking lot as a heat mitigation strategy on outdoor thermal stress using fixed and mobile measurements: case-study project ""tertiary forest""",N/A,,,,Y,N,N/A,N/A,배제
1040,10.1016/j.heliyon.2023.e13274,"Degefu, MA|Argaw, M|Feyisa, GL|Degefa, S",2023,Dynamics of green spaces- Land surface temperature intensity nexus in cities of Ethiopia,N/A,,,,N,Y,N/A,N/A,진행
1041,10.1016/j.ecolind.2024.111776,"Bai, YJ|Wang, K|Ren, Y|Li, M|Ji, RR|Wu, X|Yan, H|Lin, T|Zhang, GQ|Zhou, XY|Mei, HF|Ye, H",2024,3D compact form as the key role in the cooling effect of greenspace landscape pattern,N/A,,,,Y,N,N/A,N/A,배제
1042,10.1016/j.scs.2023.104595,"Huang, JD|Wang, YC",2023,Identification of ventilation corridors through a simulation scenario of forest canopy density in the metropolitan area,N/A,,,,Y,N,N/A,N/A,배제
1043,10.1016/j.scs.2022.103715,"Chen, HY|Deng, QL|Zhou, Z|Ren, ZG|Shan, XF",2022,Influence of land cover change on spatio-temporal distribution of urban heat island -a case in Wuhan main urban area,N/A,,,,Y,N,N/A,N/A,배제
1044,10.1007/s11252-023-01486-x,"De Pauw, K|Depauw, L|Cousins, SAO|De Lombaerde, E|Diekmann, M|Frey, D|Kwietniowska, K|Lenoir, J|Meeussen, C|Orczewska, A|Plue, J|Spicher, F|Vanneste, T|Zellweger, F|Verheyen, K|Vangansbeke, P|De Frenne, P",2024,The urban heat island accelerates litter decomposition through microclimatic warming in temperate urban forests,N/A,,,,Y,N,N/A,N/A,배제
1045,10.1016/j.ufug.2024.128629,"Ahn, J|Kim, J|Kang, J",2025,Development of an artificial intelligence model for CFD data augmentation and improvement of thermal environment in urban areas using nature-based solutions,N/A,,,,Y,N,N/A,N/A,배제
1046,10.1016/j.scs.2022.103725,"Huang, JD|Wang, YC",2022,Cooling intensity of hybrid landscapes in a metropolitan area: Relative contribution and marginal effect,N/A,,,,Y,N,N/A,N/A,배제
1047,10.3390/rs14225684,"Zhang, Y|Wang, YC|Ding, N",2022,Spatial Effects of Landscape Patterns of Urban Patches with Different Vegetation Fractions on Urban Thermal Environment,N/A,,,,Y,N,N/A,N/A,배제
1048,10.1016/j.ecofro.2025.04.002,"Deng, QB|Xie, MM|Chen, YQ",2025,Combined effects of building and tree on the diurnal thermal environment in urban functional zones from 2D and 3D perspectives,N/A,,,,Y,N,N/A,N/A,배제
1049,10.1038/s41598-022-13108-1,"Xiao, XD|Zhang, LL|Xiong, YM|Jiang, JY|Xu, AQ",2022,Influence of spatial characteristics of green spaces on microclimate in Suzhou Industrial Park of China,N/A,,,,N,Y,N/A,N/A,진행
1050,10.1007/s13280-022-01735-x,"Law, A|Carrasco, LR|Richards, DR|Shaikh, SFEA|Tan, CLY|Nghiem, LTP",2022,Leave no one behind: A case of ecosystem service supply equity in Singapore,N/A,,,,N,N,열환경지표 아님,도시 대상이자 녹지/블루공간 관련 연구이지만 결과변수는 PM10 제거 등 생태계서비스 형평성으로 열환경 지표(지표온도·열섬·열쾌적성)를 다루지 않아 제외합니다.,배제
1051,10.7780/kjrs.2022.38.1.10,"Hanif, A|Nasar-U-Minallah, M|Zia, S|Ashraf, I",2022,"Mapping and Analyzing the Park Cooling Intensity in Mitigation of Urban Heat Island Effect in Lahore, Pakistan",N/A,,,,Y,N,N/A,N/A,배제
1052,10.1016/j.ufug.2021.127375,"Li, YL|Fan, SX|Li, K|Zhang, Y|Kong, LX|Xie, YF|Dong, L",2021,"Large urban parks summertime cool and wet island intensity and its influencing factors in Beijing, China",N/A,,,,N,Y,N/A,N/A,진행
1053,10.1016/j.scs.2019.101634,"Hami, A|Abdi, B|Zarehaghi, D|Bin Maulan, S",2019,"Assessing the thermal comfort effects of green spaces: A systematic review of methods, parameters, and plants' attributes",N/A,,,,N,Y,N/A,N/A,진행
1054,10.1016/j.ufug.2020.126877,"Shukla, A|Jain, K",2021,"Analyzing the impact of changing landscape pattern and dynamics on land surface temperature in Lucknow city, India",N/A,,,,Y,N,N/A,N/A,배제
1055,10.1016/j.landurbplan.2022.104498,"Napieralski, J|Sulich, C|Taylor, A|Draus, P",2022,"Mapping the link between outdoor water footprint and social vulnerability in Metro Phoenix, AZ (USA)",N/A,,,,Y,N,N/A,N/A,배제
1056,10.3390/rs13224703,"Amani-Beni, M|Zhang, B|Xie, GD|Odgaard, AJ",2021,Impacts of the Microclimate of a Large Urban Park on Its Surrounding Built Environment in the Summertime,N/A,,,,Y,N,N/A,N/A,배제
1057,10.3389/fenvs.2022.872282,"Wei, X|Wang, XJ",2022,Analyzing the Spatial Distribution of LST and Its Relationship With Underlying Surfaces in Different Months by Classification and Intersection,N/A,,,,N,N,녹지 구성변수 부재,도시와 LST를 다루지만 초점이 건물·포장 등 다양한 기저면의 월별 LST 비교와 열 기여 분석에 있으며 녹지 형태/구성 변수를 중심적으로 분석하지 않아 포함 기준에 부합하지 않음.,배제
1058,10.1016/j.ufug.2021.127069,"Chinchilla, J|Carbonnel, A|Galleguillos, M",2021,Effect of urban tree diversity and condition on surface temperature at the city block scale,N/A,,,,Y,N,N/A,N/A,배제
1059,10.3390/ijerph182413088,"You, MZ|Lai, RW|Lin, JY|Zhu, ZS",2021,"Quantitative Analysis of a Spatial Distribution and Driving Factors of the Urban Heat Island Effect: A Case Study of Fuzhou Central Area, China",N/A,,,,Y,N,N/A,N/A,배제
1060,10.1016/j.scs.2021.103376,"McConnell, K|Braneon, CV|Glenn, E|Stamler, N|Mallen, E|Johnson, DP|Pandya, R|Abramowitz, J|Fernandez, G|Rosenzweig, C",2022,A quasi-experimental approach for evaluating the heat mitigation effects of roofs in Illinois,N/A,,,,Y,N,N/A,N/A,배제
1061,10.3390/ijerph182211917,"Jiang, YF|Huang, J|Shi, TM|Li, XL",2021,Cooling Island Effect of Blue-Green Corridors: Quantitative Comparison of Morphological Impacts,N/A,,,,Y,N,N/A,N/A,배제
1062,10.1038/s41467-021-26768-w,"Schwaab, J|Meier, R|Mussetti, G|Seneviratne, S|Bürgi, C|Davin, EL",2021,The role of urban trees in reducing land surface temperatures in European cities,N/A,,,,N,Y,N/A,N/A,진행
1063,10.3390/ijerph19074365,"Antoszewski, P|Krzyzaniak, M|Swierk, D",2022,The Future of Climate-Resilient and Climate-Neutral City in the Temperate Climate Zone,N/A,,,,N,Y,N/A,N/A,진행
1064,10.3390/ijerph192316191,"Jiang, YF|Li, XL|Huang, J",2022,Zoning Optimization Method of a Riverfront Greenspace Service Function Oriented to the Cooling Effect: A Case Study in Shanghai,N/A,,,,Y,N,N/A,N/A,배제
1065,10.1016/j.envpol.2016.06.004,"Ren, Y|Deng, LY|Zuo, SD|Song, XD|Liao, YL|Xu, CD|Chen, Q|Hua, LZ|Li, ZW",2016,Quantifying the influences of various ecological factors on land surface temperature of urban forests,N/A,,,,Y,N,N/A,N/A,배제
1066,10.1016/j.ufug.2023.128150,"Zhou, ZH|Galway, N|Megarry, W",2023,"Exploring socio-ecological inequalities in heat by multiple and composite greenness metrics: A case study in Belfast, UK",N/A,,,,Y,N,N/A,N/A,배제
1067,10.1016/j.scitotenv.2017.05.275,"dos Santos, AR|de Oliveira, FS|da Silva, AG|Gleriani, JM|Gonçalves, W|Moreira, GL|Silva, FG|Branco, ERF|Moura, MM|da Silva, RG|Juvanhol, RS|de Souza, KB|Ribeiro, CAAS|de Queiroz, VT|Costa, AV|Lorenzon, AS|Domingues, GF|Marcatti, GE|de Castro, NLM|Resende, RT|Gonzales, DE|Telles, LAD|Teixeira, TR|dos Santos, GMADA|Mota, PHS",2017,Spatial and temporal distribution of urban heat islands,N/A,,,,Y,N,N/A,N/A,배제
1068,10.1016/j.scs.2020.102432,"Wang, RC|Murayama, Y",2020,"Geo-simulation of land use/cover scenarios and impacts on land surface temperature in Sapporo, Japan",N/A,,,,Y,N,N/A,N/A,배제
1069,10.1016/j.scs.2022.103955,"Lu, YP|Yue, WZ|He, TT|Shan, ZR",2022,Urban form centrality and thermal environment: An empirical study of Chinese megacities,N/A,,,,Y,N,N/A,N/A,배제
1070,10.1007/s11252-020-01073-4,"Li, YL|Fan, SX|Li, K|Zhang, Y|Dong, L",2021,"Microclimate in an urban park and its influencing factors: a case study of Tiantan Park in Beijing, China",N/A,,,,Y,N,N/A,N/A,배제
1071,10.1007/s12665-021-09540-7,"Abulibdeh, A",2021,Analysis of urban heat island characteristics and mitigation strategies for eight arid and semi-arid gulf region cities,N/A,,,,N,Y,N/A,N/A,진행
1072,10.1007/s10668-020-01046-9,"Ekwe, MC|Adamu, F|Gana, J|Nwafor, GC|Usman, R|Nom, J|Onu, OD|Adedeji, OI|Halilu, SA|Aderoju, OM",2021,"The effect of green spaces on the urban thermal environment during a hot-dry season: a case study of Port Harcourt, Nigeria",N/A,,,,Y,N,N/A,N/A,배제
1073,10.3390/rs14236036,"Hu, CG|Li, H",2022,"Reverse Thinking: The Logical System Research Method of Urban Thermal Safety Pattern Construction, Evaluation, and Optimization",N/A,,,,N,N,녹지형태 변수 부재,도시와 열지표는 해당하나 연구 초점이 열섬 패치·회랑·노드 등 열 안전 패턴의 연결성 최적화에 있어 녹지 형태 및 구성 변수를 독립적으로 다루지 않아 포함 기준에 부합하지 않음,배제
1074,10.1007/s10668-020-01087-0,"Luo, HF|Wu, JL",2021,"Effects of urban growth on the land surface temperature: a case study in Taiyuan, China",N/A,,,,Y,N,N/A,N/A,배제
1075,10.3390/f4040868,"Ren, ZB|He, XY|Zheng, HF|Zhang, D|Yu, XY|Shen, GQ|Guo, RC",2013,Estimation of the Relationship between Urban Park Characteristics and Park Cool Island Intensity by Remote Sensing Data and Field Measurement,N/A,,,,Y,N,N/A,N/A,배제
1076,10.3390/en13112755,"Bandurski, K|Bandurska, H|Kazimierczak-Grygiel, E|Koczyk, H",2020,"The Green Structure for Outdoor Places in Dry, Hot Regions and Seasons-Providing Human Thermal Comfort in Sustainable Cities",N/A,,,,Y,N,N/A,N/A,배제
1077,10.5152/forestist.2020.202046,"Gülçin, D",2021,Spatial Distribution of Urban Vegetation: A Case Study of a Canadian University Campus Using LiDAR-Based Metrics,N/A,,,,Y,N,N/A,N/A,배제
1078,10.1016/j.envres.2017.10.006,"Vieira, J|Matos, P|Mexia, T|Silva, P|Lopes, N|Freitas, C|Correia, O|Santos-Reis, M|Branquinho, C|Pinho, P",2018,Green spaces are not all the same for the provision of air purification and climate regulation services: The case of urban parks,N/A,,,,Y,N,N/A,N/A,배제
1079,10.1016/j.ufug.2018.05.009,"Dronova, I|Friedman, M|McRae, I|Kong, FH|Yin, HW",2018,Spatio-temporal non-uniformity of urban park greenness and thermal characteristics in a semi-arid region,N/A,,,,N,Y,N/A,N/A,진행
1080,10.3390/su7079478,"Huang, CD|Ye, XY",2015,Spatial Modeling of Urban Vegetation and Land Surface Temperature: A Case Study of Beijing,N/A,,,,N,Y,N/A,N/A,진행
1081,10.3390/en12122320,"Kwon, YJ|Lee, DK|Lee, K",2019,Determining Favourable and Unfavourable Thermal Areas in Seoul Using In-Situ Measurements: A Preliminary Step towards Developing a Smart City,N/A,,,,Y,N,N/A,N/A,배제
1082,10.3390/su7033129,"Gusso, A|Cafruni, C|Bordin, F|Veronez, MR|Lenz, L|Crija, S",2015,Multi-Temporal Patterns of Urban Heat Island as Response to Economic Growth Management,N/A,,,,Y,N,N/A,N/A,배제
1083,10.1016/j.isprsjprs.2017.09.008,"Estoque, RC|Murayama, Y",2017,Monitoring surface urban heat island formation in a tropical mountain city using Landsat data (1987-2015),N/A,,,,Y,N,N/A,N/A,배제
1084,10.21660/2020.75.23161,"Sumunar, DRS|Arif, N|Hadi, BS|Sariyono, KE",2020,URBAN ENERGY MODELING USING REMOTE SENSING APPROACHES,N/A,,,,Y,N,N/A,N/A,배제
1085,10.1080/01431161.2012.757377,"Tan, MH|Li, XB",2013,Integrated assessment of the cool island intensity of green spaces in the mega city of Beijing,N/A,,,,N,Y,N/A,N/A,진행
1086,10.1007/s00484-024-02653-1,"Jayasinghe, S|Jayasooriya, V|Dassanayake, SM|Muthukumaran, S",2024,Effects of street tree configuration and placement on roadside thermal environment within a tropical urban canyon,N/A,,,,N,Y,N/A,N/A,진행
1087,10.1016/j.scs.2025.106418,"Das, M|Das, A|Saha, P|Paul, S",2025,Impact of spatial configuration of urban blue spaces in mitigating temperature during summer: a remote sensing and field-based observation,N/A,,,,N,N,청색공간 중심 및 녹지 구성 아님,도시 대상 및 LST 등 온열지표는 적합하나 노출이 녹지 형태 구성 변수가 아니라 청색공간 공간구성에 초점이어서 포함 기준 미충족,배제
1088,10.1016/j.uclim.2023.101756,"Herath, P|Bai, XM|Jin, HD|Thatcher, M",2024,Does the spatial configuration of urban parks matter in ameliorating extreme heat?,N/A,,,,Y,N,N/A,N/A,배제
1089,10.1016/j.scs.2024.105716,"Li, ST|Zhu, Y|Wan, HK|Xiao, QK|Teng, MJ|Xu, W|Qiu, XG|Wu, XF|Wu, CG",2024,Effectiveness of potential strategies to mitigate surface urban heat island: A comprehensive investigation using high-resolution thermal observations from an unmanned aerial vehicle,N/A,,,,Y,N,N/A,N/A,배제
1090,10.1038/s41598-024-54046-4,"Liu, PY|Liu, CQ|Li, QJ",2024,"Effects of landscape pattern on land surface temperature in Nanchang, China",N/A,,,,N,Y,N/A,N/A,진행
1091,10.1016/j.rse.2016.03.043,"Hu, LQ|Monaghan, A|Voogt, JA|Barlage, M",2016,A first satellite-based observational assessment of urban thermal anisotropy,N/A,,,,Y,N,N/A,N/A,배제
1092,10.1038/s41598-024-78118-7,"Chen, T|Ren, ZB|Fu, Y|Liu, C",2024,Correlation analysis of landscape patterns and urban thermal environment in Kunming based on a panel data model,N/A,,,,N,Y,N/A,N/A,진행
1093,10.1016/j.ufug.2020.126719,"Hou, H|Estoque, RC",2020,Detecting Cooling Effect of Landscape from Composition and Configuration: An Urban Heat Island Study on Hangzhou,N/A,,,,Y,N,N/A,N/A,배제
1094,10.1016/j.ufug.2018.06.002,"Sodoudi, S|Zhang, HW|Chi, XL|Müller, F|Li, HD",2018,The influence of spatial configuration of green areas on microclimate and thermal comfort,N/A,,,,Y,N,N/A,N/A,배제
1095,10.1080/19376812.2022.2117215,"Kowe, P|Mutanga, O|Odindi, J|Dube, T",2024,"Impacts of eco-environmental quality, spatial configuration, and landscape connectivity of urban vegetation patterns on seasonal land surface temperature in Harare metropolitan city, Zimbabwe",N/A,,,,Y,N,N/A,N/A,배제
1096,10.1007/s11769-023-1375-8,"Khan, MS|Ullah, S|Chen, LD",2023,Variations in Surface Urban Heat Island and Urban Cool Island Intensity: A Review Across Major Climate Zones,N/A,,,,Y,N,N/A,N/A,배제
1097,10.1016/j.ecoleng.2019.105594,"Liu, YH|Lin, WQ|Guo, JP|Wei, QS|Shamseldin, AY",2019,The influence of morphological characteristics of green patch on its surrounding thermal environment,N/A,,,,N,Y,N/A,N/A,진행
1098,10.1016/j.ecolind.2022.109787,"Tang, LJ|Zhan, QM|Fan, YL|Liu, HM|Fan, ZY",2023,"Exploring the impacts of greenspace spatial patterns on land surface temperature across different urban functional zones: A case study in Wuhan metropolitan area, China",N/A,,,,Y,N,N/A,N/A,배제
1099,10.1029/2022AV000816,"Zhu, YH|Myint, SW|Feng, X|Li, YB",2023,"An Innovative Scheme to Confront the Trade-Off Between Water Conservation and Heat Alleviation With Environmental Justice for Urban Sustainability: The Case of Phoenix, Arizona",N/A,,,,Y,N,N/A,N/A,배제
1100,10.3390/land11020239,"Liu, S|Li, XF|Chen, L|Zhao, Q|Zhao, CH|Hu, XS|Li, J",2022,A New Approach to Investigate the Spatially Heterogeneous in the Cooling Effects of Landscape Pattern,N/A,,,,N,Y,N/A,N/A,진행
1101,10.3390/rs13173415,"Ye, HP|Li, ZH|Zhang, NH|Leng, XJ|Meng, D|Zheng, J|Li, Y",2021,Variations in the Effects of Landscape Patterns on the Urban Thermal Environment during Rapid Urbanization (1990-2020) in Megacities,N/A,,,,Y,N,N/A,N/A,배제
1102,10.1007/s10661-024-12758-0,"Nasar-u-Minallah, M|Haase, D|Qureshi, S",2024,"Evaluating the impact of landscape configuration, patterns and composition on land surface temperature: an urban heat island study in the Megacity Lahore, Pakistan",N/A,,,,Y,N,N/A,N/A,배제
1103,10.1016/j.landurbplan.2017.07.015,"Wu, ZF|Chen, LD",2017,Optimizing the spatial arrangement of trees in residential neighborhoods for better cooling effects: Integrating modeling with in-situ measurements,N/A,,,,Y,N,N/A,N/A,배제
1104,10.1016/j.jag.2016.09.007,"Chen, YJ|Yu, SX",2017,"Impacts of urban landscape patterns on urban thermal variations in Guangzhou, China",N/A,,,,N,Y,N/A,N/A,진행
1105,10.3390/ijgi8120522,"Liu, X|Xiao, ZL|Liu, R",2019,A Spatio-Temporal Bayesian Model for Estimating the Effects of Land Use Change on Urban Heat Island,N/A,,,,Y,N,N/A,N/A,배제
1106,10.1016/j.scs.2025.106299,"Wang, A|Dai, Y|Zhang, MM|Chen, EQ",2025,Exploring the cooling intensity of green cover on urban heat island: A case study of nine main urban districts in Chongqing,N/A,,,,N,Y,N/A,N/A,진행
1107,10.3390/atmos14020270,"Zhang, SJ|Li, SZ|Shu, L|Xiao, TQ|Shui, TT",2023,Landscape Configuration Effects on Outdoor Thermal Comfort across Campus-A Case Study,N/A,,,,N,Y,N/A,N/A,진행
1108,10.1016/j.rse.2017.03.043,"Zhou, WQ|Wang, J|Cadenasso, ML",2017,Effects of the spatial configuration of trees on urban heat mitigation: A comparative study,N/A,,,,N,Y,N/A,N/A,진행
1109,10.1073/pnas.2417179122,"Li, GD|Cao, Y|Fang, CL|Sun, S|Qi, W|Wang, ZB|He, SW|Yang, ZQ",2025,Global urban greening and its implication for urban heat mitigation,N/A,,,,N,Y,N/A,N/A,진행
1110,10.3390/su16031147,"Das, A|Saha, P|Dasgupta, R|Inacio, M|Das, M|Pereira, P",2024,How Do the Dynamics of Urbanization Affect the Thermal Environment? A Case from an Urban Agglomeration in Lower Gangetic Plain (India),N/A,,,,Y,N,N/A,N/A,배제
1111,10.1016/j.buildenv.2024.111782,"Zhou, Y|Luo, YC|Yi, XC|Lun, F|Hu, QY|Huang, N|Wen, GH|Zhou, H|Hu, XH",2024,Exploring the influence of local urban heat features on park cooling effects: Insights from Chinese cities,N/A,,,,Y,N,N/A,N/A,배제
1112,10.1016/j.scs.2024.105850,"Zhong, YQ|Li, SC|Liang, X|Guan, QF",2024,"Causal inference of urban heat island effect and its spatial heterogeneity: A case study of Wuhan, China",N/A,,,,N,Y,N/A,N/A,진행
1113,10.3390/rs12172713,"Lu, LL|Weng, QH|Xiao, D|Guo, HD|Li, QT|Hui, WH",2020,"Spatiotemporal Variation of Surface Urban Heat Islands in Relation to Land Cover Composition and Configuration: A Multi-Scale Case Study of Xi'an, China",N/A,,,,N,Y,N/A,N/A,진행
1114,10.3390/rs16091637,"Rees, G|Hebryn-Baidy, L|Belenok, V",2024,"Temporal Variations in Land Surface Temperature within an Urban Ecosystem: A Comprehensive Assessment of Land Use and Land Cover Change in Kharkiv, Ukraine",N/A,,,,Y,N,N/A,N/A,배제
1115,10.1016/j.ufug.2025.128794,"Silveira, C|Pistón, N|Martínez-López, J|Alcaraz-Segura, D|Postma, T|López-Torralbo, JM|Zamora, R",2025,"Identifying priority heat-risk areas in Granada, Spain, using InVEST and landscape metrics",N/A,,,,Y,N,N/A,N/A,배제
1116,10.1016/j.scs.2024.105209,"Behzad, Z|Guilandoust, A",2024,"Enhancing outdoor thermal comfort in a historic site in a hot dry climate (Case study: Naghsh-e-Jahan Square, Isfahan)",N/A,,,,Y,N,N/A,N/A,배제
1117,10.3390/land14040771,"Feng, Y|Wu, GZ|Ge, SD|Feng, F|Li, P",2025,Identification of Key Drivers of Land Surface Temperature Within the Local Climate Zone Framework,N/A,,,,Y,N,N/A,N/A,배제
1118,10.1016/j.scs.2020.102381,"Wang, LY|Hou, H|Weng, JX",2020,Ordinary least squares modelling of urban heat island intensity based on landscape composition and configuration: A comparative study among three megacities along the Yangtze River,N/A,,,,Y,N,N/A,N/A,배제
1119,10.1016/j.ecolind.2025.113288,"Zhang, L|Bagan, H|Chen, CM|Yoshida, T",2025,Exploring the impact of urban morphology on river cooling effects: A case study of the Arakawa river in Tokyo,N/A,,,,Y,N,N/A,N/A,배제
1120,10.1016/j.rse.2015.11.027,"Peng, J|Xie, P|Liu, YX|Ma, J",2016,Urban thermal environment dynamics and associated landscape pattern factors: A case study in the Beijing metropolitan region,N/A,,,,N,Y,N/A,N/A,진행
1121,10.1016/j.scs.2022.104150,"Zhang, JL|Li, Z|Hu, D",2022,Effects of urban morphology on thermal comfort at the micro-scale,N/A,,,,N,Y,N/A,N/A,진행
1122,10.1016/j.scs.2024.105893,"Al Kafy, A|Crews, KA|Thompson, AE",2024,Exploring the cooling potential of green roofs for mitigating diurnal heat island intensity by utilizing Lidar and Artificial Neural Network,N/A,,,,Y,N,N/A,N/A,배제
1123,10.3390/plants14040521,"Al-Hajri, S|Al-Ramadan, B|Shafiullah, M|Rahman, SM",2025,Microclimate Performance Analysis of Urban Vegetation: Evidence from Hot Humid Middle Eastern Cities,N/A,,,,N,Y,N/A,N/A,진행
1124,10.3390/land13091474,"Feng, Y|Zhang, KH|Li, A|Zhang, YY|Wang, K|Guo, N|Wan, HY|Tan, XY|Dong, NL|Xu, X|He, RZ|Wang, B|Fan, L|Ge, SD|Song, PH",2024,"Spatial and Seasonal Variation and the Driving Mechanism of the Thermal Effects of Urban Park Green Spaces in Zhengzhou, China",N/A,,,,N,Y,N/A,N/A,진행
1125,10.1016/j.ufug.2024.128390,"Jia, SQ|Wang, YH|Liang, TC|Weng, QH|Yoo, C|Chen, W|Ding, XL",2024,Multiscale estimation of the cooling effect of urban greenspace in subtropical and tropical cities,N/A,,,,N,Y,N/A,N/A,진행
1126,10.1177/23998083241227500,"Li, WZ|Schmidt, S",2024,Can spatial patterns mitigate the urban heat island effect? Evidence from German metropolitan regions,N/A,,,,Y,N,N/A,N/A,배제
1127,10.1016/j.buildenv.2024.111545,"Mo, YG|Bao, Y|Wang, ZT|Wei, WF|Chen, XT",2024,Spatial coupling relationship between architectural landscape characteristics and urban heat island in different urban functional zones,N/A,,,,N,N,녹지변수 부재(건축형태 연구),도시지역이고 결과변수는 LST이지만 연구 주제가 녹지 형태/구성 변수가 아닌 건축물 형태(밀도·높이·형상지수)와 풍속에 초점이어서 제외,배제
1128,10.1016/j.eti.2025.104164,"Hang, HT|Alshayeb, MJ",2025,Technological innovations in urbanization and land surface temperature analysis: A remote sensing and machine learning case study of Delhi,N/A,,,,Y,N,N/A,N/A,배제
1129,10.1016/j.isprsjprs.2024.03.007,"He, TT|Hu, YH|Guo, AD|Chen, YW|Yang, J|Li, MM|Zhang, MX",2024,Quantifying the impact of urban trees on land surface temperature in global cities,N/A,,,,N,Y,N/A,N/A,진행
1130,10.1016/j.pce.2024.103666,"Wang, JL|Yang, YZ|Zu, JX|Cai, WH|Yang, J",2024,Investigating the spatial interaction between urban expansion and the regional thermal environment in Guangxi Beibu Gulf urban agglomeration of China,N/A,,,,Y,N,N/A,N/A,배제
1131,10.1016/j.buildenv.2024.112192,"Tang, L|Zheng, WM|Wu, YL|Tang, L|Zhao, YH",2025,Evaluating the cooling performance of vegetation combined with a fountain in horizontal and vertical urban environments,N/A,,,,N,Y,N/A,N/A,진행
1132,10.1016/j.uclim.2024.102089,"Zhang, JL|Hu, D",2024,The interaction of urban heat mitigation strategies-a case study in Beijing,N/A,,,,N,Y,N/A,N/A,진행
1133,10.1021/acs.est.3c11048,"Xu, C|Huang, QY|Haase, D|Dong, Q|Teng, YM|Su, MR|Yang, ZF",2024,Cooling Effect of Green Spaces on Urban Heat Island in a Chinese Megacity: Increasing Coverage versus Optimizing Spatial Distribution,N/A,,,,Y,N,N/A,N/A,배제
1134,10.3390/su16135421,"He, MT|Yang, CB",2024,Analyzing Cooling Island Effect of Urban Parks in Zhengzhou City: A Study on Spatial Maximum and Spatial Accumulation Perspectives,N/A,,,,N,Y,N/A,N/A,진행
1135,10.1016/j.scs.2024.105677,"Ibsen, PC|Crawford, BR|Corro, LM|Bagstad, KJ|Mcnellis, BE|Jenerette, GD|Diffendorfer, JE",2024,Urban tree cover provides consistent mitigation of extreme heat in arid but not humid cities,N/A,,,,N,Y,N/A,N/A,진행
1136,10.1061/JUPDDM.UPENG-4890,"Chen, YC|Lo, TW|Shih, WY|Lin, TP|Hung, KA",2024,Assessment of Urban Thermal Environments Using a Combination of the Local Climate Zone and Landscape Ecological Metrics in Taipei City,N/A,,,,Y,N,N/A,N/A,배제
1137,10.1016/j.uclim.2024.102187,"Salan, MSA|Bhuiyan, MAH",2024,"Estimating impacts of micro-scale land use/land cover change on urban thermal comfort zone in Rajshahi, Bangladesh: A GIS and remote sensing based approach",N/A,,,,Y,N,N/A,N/A,배제
1138,10.3390/land14020421,"Rahimi, E|Dong, PL|Jung, CL",2025,Global Pattern of Vegetation Homogeneity and Its Impact on Land Surface Temperature,N/A,,,,N,N,도시대상 아님; 전지구 스케일; 비도시 포함,연구는 전지구적 식생 동질성과 LST의 관계를 분석하며 도시지역에 한정되지 않음; 녹지 구성 변수와 LST는 다루지만 도시 온열환경 맥락이 아니므로 제외,배제
1139,10.1016/j.landurbplan.2025.105420,"Yao, XH|Kim, M|Dronova, I|McBride, JR|Kondolf, GM|Radke, JD",2025,Community-scale microclimate simulation using Airborne Laser Scanning and object-based urban tree classification,N/A,,,,Y,N,N/A,N/A,배제
1140,10.3390/buildings14103187,"Xia, YK|Wang, Q|Ren, LH|Wang, HT",2024,Exploring Urban Heat Distribution via Intra- and Extra-Block Morphologies with Integrated Stacked Models,N/A,,,,Y,N,N/A,N/A,배제
1141,10.3390/land13010083,"Cabon, V|Quénol, H|Dubreuil, V|Ridel, A|Bergerot, B",2024,Urban Heat Island and Reduced Habitat Complexity Explain Spider Community Composition by Excluding Large and Heat-Sensitive Species,N/A,,,,Y,N,N/A,N/A,배제
1142,10.1038/s41598-025-17014-0,"Roba, ZR|Tabor, KW",2025,"Geospatial analysis of vegetation and land surface temperature for urban heat island mitigation in Hawassa City, Ethiopia",N/A,,,,N,Y,N/A,N/A,진행
1143,10.3390/ijgi13040120,"Du, SH|Wu, YH|Guo, LY|Fan, DQ|Sun, WB",2024,"How Does the 2D/3D Urban Morphology Affect the Urban Heat Island across Urban Functional Zones? A Case Study of Beijing, China",N/A,,,,Y,N,N/A,N/A,배제
1144,10.1016/j.uclim.2025.102500,"Ma, TZ|Chen, CC|Yu, F|Chen, G",2025,Towards climate-responsive communities: Exploring the nonlinear relationship between residential morphology and land surface temperature,N/A,,,,Y,N,N/A,N/A,배제
1145,10.1016/j.ecolind.2024.112551,"Chen, Y|Zhang, RZ|Alekouei, SA|Amani-Beni, M",2024,Nonlinear impacts of landscape and climatological interactions on urban thermal environment during a hot and rainy summer,N/A,,,,N,Y,N/A,N/A,진행
1146,10.1016/j.cacint.2025.100242,"Owusu, P|Asare, BW|Aikins, B|Dogbe, PY|Asaah, DW",2025,"Willingness to pay for urban heat Island mitigation through increased tree coverage: A contingent valuation study in Accra and Kumasi, Ghana",N/A,,,,N,N,결과변수 비해당·지불의사 조사,도시 대상이며 녹지 주제이나 결과변수는 지불의사와 인식 등 설문 기반 사회경제 지표임; UHI·지표온도·열쾌적성 등 도시 온열환경 지표를 측정하거나 분석하지 않음,배제
1147,10.1016/j.scs.2024.105874,"Fang, H|Guo, SC|Yang, CH|Yuan, B|Li, CQ|Pan, XQ|Tang, PF|Du, PJ",2024,"Influence of urban functional zone change on land surface temperature using multi-source geospatial data: A case study in Nanjing City, China",N/A,,,,Y,N,N/A,N/A,배제
1148,10.1007/s00704-025-05657-y,"Prasad, PSH|Satyanarayana, ANV",2025,Estimation of outdoor thermal comfort by integrating landsat derived LULC to WRF-UCM model over a metropolitan city of India,N/A,,,,Y,N,N/A,N/A,배제
1149,10.1016/j.ufug.2025.128691,"Cai, M|Li, M|Liu, HM",2025,"Optimizing cooling efficiency of urban greenspaces across local climate zones in Wuhan, China",N/A,,,,N,Y,N/A,N/A,진행
1150,10.1016/j.csite.2025.106196,"Li, J|Zhao, Z|Chen, H|Fu, ZC",2025,Study on the microclimate and thermal comfort of urban parks under arid climate conditions: A case study of Shihezi City,N/A,,,,N,Y,N/A,N/A,진행
1151,10.3390/land14081633,"Muscas, D|Bonciarelli, L|Filipponi, M|Orlandi, F|Fornaciari, M",2025,Urban Tree CO2 Compensation by Albedo,N/A,,,,Y,N,N/A,N/A,배제
1152,10.3390/land14091813,"Zhang, XY|Zhang, J",2025,Exploring the Impact of Urban Characteristics on Diurnal Land Surface Temperature Based on LCZ and Machine Learning,N/A,,,,Y,N,N/A,N/A,배제
1153,10.3390/su17094156,"Yang, H|Zeng, H",2025,Impact of Changes in Blue and Green Spaces on the Spatiotemporal Evolution of the Urban Heat Island Effect in Ningbo and Its Implications for Sustainable Development,N/A,,,,Y,N,N/A,N/A,배제
1154,10.1016/j.asr.2025.07.012,"Parida, BR|Prasad, K|Swain, SK|Dwivedi, CS|Pandey, AC|Swain, KC",2025,Evaluating urban bioclimatic comfort in a metropolitan city Kolkata with urban dynamics and heat Islands,N/A,,,,Y,N,N/A,N/A,배제
1155,10.3390/su16083473,"Wang, XY|Chen, Y|Wang, ZC|Xu, B|Feng, ZK",2024,Multi-Temporal Analysis of the Impact of Summer Forest Dynamics on Urban Heat Island Effect in Yan'an City,N/A,,,,Y,N,N/A,N/A,배제
1156,10.1016/j.scs.2023.104464,"Lin, J|Zhang, HS|Chen, M|Wang, Q",2023,Socioeconomic disparities in cooling and warming efficiencies of urban vegetation and impervious surfaces,N/A,,,,N,Y,N/A,N/A,진행
1157,10.1016/j.scs.2023.105081,"Qin, YH|Ghalambaz, S|Sheremet, M|Baro, M|Ghalambaz, M",2024,Deciphering Urban Heat Island Mitigation: A Comprehensive Analysis of Application Categories and Research Trends,N/A,,,,N,N,서지리뷰 비녹지특화 열지표미제시,도시열섬 완화 전반을 다루는 서지계량 리뷰로서 녹지 형태나 구성 변수를 주제로 한 실증연구가 아니며 열환경 지표를 결과로 분석하지 않음,배제
1158,10.1016/j.landusepol.2021.105874,"Arshad, S|Ahmad, SR|Abbas, S|Asharf, A|Siddiqui, NA|ul Islam, Z",2022,Quantifying the contribution of diminishing green spaces and urban sprawl to urban heat island effect in a rapidly urbanizing metropolitan city of Pakistan,N/A,,,,Y,N,N/A,N/A,배제
1159,10.1016/j.uclim.2023.101606,"Wang, XJ|Scott, CE|Dallimer, M",2023,High summer land surface temperatures in a temperate city are mitigated by tree canopy cover,N/A,,,,N,Y,N/A,N/A,진행
1160,10.1016/j.ufug.2023.127945,"Semeraro, T|Gatto, E|De Bellis, L|Luvisi, A|Emmanuel, R|Buccolieri, R",2023,A decision-making framework for promoting the optimum design and planning of Nature-based Solutions at local scale,N/A,,,,N,Y,N/A,N/A,진행
1161,10.1016/j.uclim.2022.101136,"Peng, WCY|Wang, R|Duan, J|Gao, WJ|Fan, ZX",2022,Surface and canopy urban heat islands: Does urban morphology result in the spatiotemporal differences?,N/A,,,,N,N,녹지변수미포함,도시지역과 열섬지표를 다루지만 연구 초점이 녹지 형태/구성 변수가 아니라 도시형태 지표와 SUHI·CUHI 차이에 있어 녹지 영향 분석이 명확하지 않아 제외,배제
1162,10.1016/j.compenvurbsys.2021.101655,"Park, YJ|Guldmann, JM|Liu, DS",2021,"Impacts of tree and building shades on the urban heat island: Combining remote sensing, 3D digital city and spatial regression approaches",N/A,,,,N,Y,N/A,N/A,진행
1163,10.3390/buildings12050537,"Kolokotsa, D|Lilli, K|Gobakis, K|Mavrigiannaki, A|Haddad, S|Garshasbi, S|Mohajer, HRH|Paolini, R|Vasilakopoulou, K|Bartesaghi, C|Prasad, D|Santamouris, M",2022,Analyzing the Impact of Urban Planning and Building Typologies in Urban Heat Island Mitigation,N/A,,,,Y,N,N/A,N/A,배제
1164,10.3390/f13091342,"Bao, Y|Gao, M|Luo, D|Zhou, XD",2022,The Influence of Plant Community Characteristics in Urban Parks on the Microclimate,N/A,,,,Y,N,N/A,N/A,배제
1165,10.3390/app131810052,"Cho, YI|Yoon, D|Lee, MJ",2023,Comparative Analysis of Urban Heat Island Cooling Strategies According to Spatial and Temporal Conditions Using Unmanned Aerial Vehicles(UAV) Observation,N/A,,,,Y,N,N/A,N/A,배제
1166,10.1016/j.uclim.2023.101547,"Yuan, SH|Ren, ZG|Shan, XF|Deng, QL|Zhou, Z",2023,Seasonal different effects of land cover on urban heat island in Wuhan's metropolitan area,N/A,,,,N,Y,N/A,N/A,진행
1167,10.1016/j.jag.2020.102265,"Alexander, C",2021,"Influence of the proportion, height and proximity of vegetation and buildings on urban land surface temperature",N/A,,,,N,Y,N/A,N/A,진행
1168,10.3390/w15162983,"Pritipadmaja|Garg, RD|Sharma, AK",2023,Assessing the Cooling Effect of Blue-Green Spaces: Implications for Urban Heat Island Mitigation,N/A,,,,N,Y,N/A,N/A,진행
1169,10.1016/j.cities.2022.103737,"Shi, YN|Zhao, SQ",2022,Discover the desirable landscape structure for mitigating urban heat: The urban-rural gradient approach for an ancient Chinese city,N/A,,,,Y,N,N/A,N/A,배제
1170,10.3390/f14102098,"Xue, SH|Chao, XF|Wang, K|Wang, JX|Xu, JY|Liu, M|Ma, Y",2023,"Impact of Canopy Coverage and Morphological Characteristics of Trees in Urban Park on Summer Thermal Comfort Based on Orthogonal Experiment Design: A Case Study of Lvyin Park in Zhengzhou, China",N/A,,,,Y,N,N/A,N/A,배제
1171,10.1186/s13750-021-00226-y,"Knight, T|Price, S|Bowler, D|Hookway, A|King, S|Konno, K|Richter, RL",2021,"How effective is 'greening' of urban areas in reducing human exposure to ground-level ozone concentrations, UV exposure and the 'urban heat island effect'? An updated systematic review",N/A,,,,N,Y,N/A,N/A,진행
1172,10.15666/aeer/2102_17111729,"Wang, L|Zhai, Y|Jia, J|Lu, Y|Yao, M|Zhang, L|Ning, J|Yao, Y",2023,ECOLOGICAL COOLING DEMAND IN CHANGCHUN CITY OF CHINA: SPATIAL RESPONSE TO DIFFERENCES IN URBAN THERMAL ENVIRONMENT INTENSITY,N/A,,,,Y,N,N/A,N/A,배제
1173,10.1061/JUPDDM.UPENG-3923,"Hsieh, CM|Yu, CY|Shao, LY",2023,Improving the Local Wind Environment through Urban Design Strategies in an Urban Renewal Process to Mitigate Urban Heat Island Effects,N/A,,,,N,N,도시대상;녹지변수아님;결과는풍환경지표,도시지역을 대상으로 하나 주제가 건축물 형태·밀도 등 비녹지 설계요소이며 결과변수도 환기·풍속 중심으로 열환경 지표(지표온도·열섬강도·열쾌적성 등)를 직접 다루지 않아 제외합니다.,배제
1174,10.3390/rs13020323,"Chen, L|Wang, XL|Cai, XB|Yang, C|Lu, XR",2021,"Seasonal Variations of Daytime Land Surface Temperature and Their Underlying Drivers over Wuhan, China",N/A,,,,Y,N,N/A,N/A,배제
1175,10.3390/rs13071396,"Athukorala, D|Murayama, Y",2021,Urban Heat Island Formation in Greater Cairo: Spatio-Temporal Analysis of Daytime and Nighttime Land Surface Temperatures along the Urban-Rural Gradient,N/A,,,,Y,N,N/A,N/A,배제
1176,10.1016/j.rse.2020.112135,"Peng, J|Dan, YZ|Qiao, RL|Liu, YX|Dong, JQ|Wu, JS",2021,How to quantify the cooling effect of urban parks? Linking maximum and accumulation perspectives,N/A,,,,N,Y,N/A,N/A,진행
1177,10.1016/j.uclim.2022.101204,"Yang, JX|Shi, Q|Menenti, M|Xie, YH|Wu, ZF|Xu, Y|Abbas, S",2022,Characterizing the thermal effects of vegetation on urban surface temperature,N/A,,,,N,Y,N/A,N/A,진행
1178,10.1016/j.jenvman.2020.110424,"Hu, YF|Dai, ZX|Guldmann, JM",2020,Modeling the impact of 2D/3D urban indicators on the urban heat island over different seasons: A boosted regression tree approach,N/A,,,,N,Y,N/A,N/A,진행
1179,10.1016/j.isprsjprs.2019.11.001,"Wang, J|Zhou, WQ|Jiao, M|Zheng, Z|Ren, T|Zhang, QM",2020,Significant effects of ecological context on urban trees' cooling efficiency,N/A,,,,N,Y,N/A,N/A,진행
1180,10.1016/j.scitotenv.2018.04.091,"Zhou, XF|Chen, H",2018,Impact of urbanization-related land use land cover changes and urban morphology changes on the urban heat island phenomenon,N/A,,,,N,N,녹지 형태 변수 부재,도시지역과 열섬지표는 해당하나 연구 변수는 토지이용변화와 도시 형태로 녹지의 형태 또는 구성 변수를 직접 분석하지 않음,배제
1181,10.1007/s11356-021-13695-y,"Li, T|Xu, Y|Yao, L",2021,Detecting urban landscape factors controlling seasonal land surface temperature: from the perspective of urban function zones,N/A,,,,N,Y,N/A,N/A,진행
1182,10.1007/s11356-021-13693-0,"Amindin, A|Pouyan, S|Pourghasemi, HR|Yousefi, S|Tiefenbacher, JP",2021,Spatial and temporal analysis of urban heat island using Landsat satellite images,N/A,,,,Y,N,N/A,N/A,배제
1183,10.3390/f14061231,"Wu, RW|Wu, N|Nan, XE|Yan, H|Wang, K|Ma, TT|She, J|Bao, ZY",2023,Effects of the Bamboo Communities on Microclimate and Thermal Comfort in Subtropical Climates,N/A,,,,Y,N,N/A,N/A,배제
1184,10.1016/j.scitotenv.2021.145211,"Wang, XJ|Dallimer, M|Scott, CE|Shi, WT|Gao, JX",2021,Tree species richness and diversity predicts the magnitude of urban heat island mitigation effects of greenspaces,N/A,,,,N,Y,N/A,N/A,진행
1185,10.1016/j.scitotenv.2020.137461,"Morakinyo, TE|Ouyang, WL|Lau, KKL|Ren, C|Ng, E",2020,"Right tree, right place (urban canyon): Tree species selection approach for optimum urban heat mitigation - development and evaluation",N/A,,,,N,Y,N/A,N/A,진행
1186,10.1016/j.jag.2020.102161,"Yu, QY|Ji, WJ|Pu, RL|Landry, S|Acheampong, M|O'Neil-Dunne, J|Ren, ZB|Tanim, SH",2020,A preliminary exploration of the cooling effect of tree shade in urban landscapes,N/A,,,,N,Y,N/A,N/A,진행
1187,10.3389/frsen.2022.897397,"Farid, N|Moazzam, MFU|Ahmad, SR|Coluzzi, R|Lanfredi, M",2022,Monitoring the Impact of Rapid Urbanization on Land Surface Temperature and Assessment of Surface Urban Heat Island Using Landsat in Megacity (Lahore) of Pakistan,N/A,,,,N,Y,N/A,N/A,진행
1188,10.3390/su13137496,"Esfehankalateh, AT|Ngarambe, J|Yun, GY",2021,Influence of Tree Canopy Coverage and Leaf Area Density on Urban Heat Island Mitigation,N/A,,,,N,Y,N/A,N/A,진행
1189,10.1016/j.agrformet.2018.11.027,"Fan, HY|Yu, ZW|Yang, GY|Liu, TY|Liu, TY|Hung, CH|Vejre, H",2019,How to cool hot-humid (Asian) cities with urban trees? An optimal landscape size perspective,N/A,,,,N,Y,N/A,N/A,진행
1190,10.1016/j.buildenv.2021.108103,"He, C|Zhou, LG|Yao, YR|Ma, WC|Kinney, PL",2021,Cooling effect of urban trees and its spatiotemporal characteristics: A comparative study,N/A,,,,N,Y,N/A,N/A,진행
1191,10.1016/j.scitotenv.2020.143732,"Back, Y|Bach, PM|Jasper-Tönnies, A|Rauch, W|Kleidorfer, M",2021,A rapid fine-scale approach to modelling urban bioclimatic conditions,N/A,,,,N,Y,N/A,N/A,진행
1192,10.3390/su12104247,"Ferrini, F|Fini, A|Mori, J|Gori, A",2020,Role of Vegetation as a Mitigating Factor in the Urban Context,N/A,,,,N,Y,N/A,N/A,진행
1193,10.1016/j.landurbplan.2021.104163,"Zawadzka, JE|Harris, JA|Corstanje, R",2021,"Assessment of heat mitigation capacity of urban greenspaces with the use of InVEST urban cooling model, verified with day-time land surface temperature data",N/A,,,,N,Y,N/A,N/A,진행
1194,10.3390/su11030787,"Wu, ZJ|Zhang, YX",2019,Water Bodies' Cooling Effects on Urban Land Daytime Surface Temperature: Ecosystem Service Reducing Heat Island Effect,N/A,,,,N,N,수체 중심 녹지 주제 아님,도시 지역 연구이며 결과는 지표온도이나 노출이 수체 거리와 냉각효과로 녹지 형태 또는 구성 변수를 다루지 않음,배제
1195,10.3390/rs14164047,"Karunaratne, S|Athukorala, D|Murayama, Y|Morimoto, T",2022,"Assessing Surface Urban Heat Island Related to Land Use/Land Cover Composition and Pattern in the Temperate Mountain Valley City of Kathmandu, Nepal",N/A,,,,Y,N,N/A,N/A,배제
1196,10.3390/su10041083,"Kazak, JK",2018,The Use of a Decision Support System for Sustainable Urbanization and Thermal Comfort in Adaptation to Climate Change Actions-The Case of the Wroclaw Larger Urban Zone (Poland),N/A,,,,N,N,녹지변수부재,도시지역과 UHI 등 열환경 지표는 다루지만 연구 초점이 토지이용 시나리오와 의사결정지원에 있으며 녹지의 형태나 구성 변수의 효과를 독립적으로 분석하지 않음,배제
1197,10.1016/j.renene.2019.09.082,"Pigliautile, I|Chàfer, M|Pisello, AL|Pérez, G|Cabeza, LF",2020,Inter-building assessment of urban heat island mitigation strategies: Field tests and numerical modelling in a simplified-geometry experimental set-up,N/A,,,,N,Y,N/A,N/A,진행
1198,10.1029/2018EF000891,"Wang, CH|Wang, ZH|Yang, JC",2018,Cooling Effect of Urban Trees on the Built Environment of Contiguous United States,N/A,,,,N,Y,N/A,N/A,진행
1199,10.1016/j.scs.2020.102415,"Shih, WY|Ahmad, S|Chen, YC|Lin, TP|Mabon, L",2020,Spatial relationship between land development pattern and intra-urban thermal variations in Taipei,N/A,,,,N,Y,N/A,N/A,진행
1200,10.1016/j.scs.2018.10.016,"Huang, QP|Huang, JJ|Yang, XN|Fang, CL|Liang, YJ",2019,"Quantifying the seasonal contribution of coupling urban land use types on Urban Heat Island using Land Contribution Index: A case study in Wuhan, China",N/A,,,,Y,N,N/A,N/A,배제
1201,10.1016/j.scs.2020.102024,"Huang, HC|Yang, HL|Deng, X|Hao, C|Liu, ZF|Liu, W|Zeng, P",2020,Analyzing the Influencing Factors of Urban Thermal Field Intensity Using Big-Data-Based GIS,N/A,,,,Y,N,N/A,N/A,배제
1202,10.1016/j.uclim.2018.11.002,"Ferreira, LS|Duarte, DHS",2019,"Exploring the relationship between urban form, land surface temperature and vegetation indices in a subtropical megacity",N/A,,,,N,Y,N/A,N/A,진행
1203,10.3389/fevo.2022.1010400,"Dai, YF|Liu, TT",2022,Spatiotemporal mechanism of urban heat island effects on human health-Evidence from Tianjin city of China,N/A,,,,Y,N,N/A,N/A,배제
1204,10.1016/j.scs.2019.101521,"Park, CY|Lee, DK|Krayenhoff, ES|Heo, HK|Hyun, JH|Oh, K|Park, TY",2019,Variations in pedestrian mean radiant temperature based on the spacing and size of street trees,N/A,,,,N,Y,N/A,N/A,진행
1205,10.1038/s41467-021-23634-7,"Sen, S|Khazanovich, L",2021,Limited application of reflective surfaces can mitigate urban heat pollution,N/A,,,,N,N,비녹지개입(반사표면)·주제불일치,도시 지역과 열환경 지표를 다루지만 연구 주제가 녹지 형태/구성 변수가 아닌 반사 표면 적용이므로 포함 기준에 부합하지 않음.,배제
1206,10.1007/s11252-022-01276-x,"de Oliveira, CMM|Rezende, AV|Sano, EE|Matricardi, EAT|Delgado, RC",2023,Spatiotemporal assessment of land surface temperature and vegetation in tropical urban areas,N/A,,,,N,Y,N/A,N/A,진행
1207,10.1016/j.apgeog.2016.04.010,"Davis, AY|Jung, JH|Pijanowski, BC|Minor, ES",2016,"Combined vegetation volume and ""greenness"" affect urban air temperature",N/A,,,,N,Y,N/A,N/A,진행
1208,10.1007/s00704-021-03665-2,"Sun, YW|Gao, C|Li, JL|Gao, MY|Ma, RF",2021,Assessing the cooling efficiency of urban parks using data envelopment analysis and remote sensing data,N/A,,,,N,Y,N/A,N/A,진행
1209,10.7717/peerj.11854,"Ma, XL|Peng, SY",2021,Assessing the quantitative relationships between the impervious surface area and surface heat island effect during urban expansion,N/A,,,,Y,N,N/A,N/A,배제
1210,10.15320/ICONARP.2022.223,"Aydemir, KPK|Altinok, GK|Ünsal, Ö",2022,"Determining UHI Effect by Remote Sensing Method in Bolu City Centre, Turkey",N/A,,,,N,Y,N/A,N/A,진행
1211,10.1016/j.uclim.2021.100969,"Zhou, YY|Gao, W|Yang, C|Shen, YL",2021,"Exploratory analysis of the influence of landscape patterns on lake cooling effect in Wuhan, China",N/A,,,,Y,N,N/A,N/A,배제
1212,10.1088/2515-7620/ab37d0,"Dialesandro, JM|Wheeler, SM|Abunnasr, Y",2019,Urban heat island behaviors in dryland regions,N/A,,,,N,Y,N/A,N/A,진행
1213,10.1016/j.scitotenv.2018.11.108,"Guo, LJ|Liu, RM|Men, C|Wang, QR|Miao, YX|Zhang, Y",2019,"Quantifying and simulating landscape composition and pattern impacts on land surface temperature: A decadal study of the rapidly urbanizing city of Beijing, China",N/A,,,,N,Y,N/A,N/A,진행
1214,10.1007/s11356-018-2590-1,"Yilmaz, S|Mutlu, E|Yilmaz, H",2018,Alternative scenarios for ecological urbanizations using ENVI-met model,N/A,,,,N,Y,N/A,N/A,진행
1215,10.1186/s12302-020-00393-8,"Aram, F|Solgi, E|Garcia, EH|Mosavi, A",2020,Urban heat resilience at the time of global warming: evaluating the impact of the urban parks on outdoor thermal comfort,N/A,,,,N,Y,N/A,N/A,진행
1216,10.1007/s11252-019-0823-9,"Wang, WJ|Zhang, B|Zhou, W|Lv, HL|Xiao, L|Wang, HY|Du, HJ|He, XY",2019,"The effect of urbanization gradients and forest types on microclimatic regulation by trees, in association with climate, tree sizes and species compositions in Harbin city, northeastern China",N/A,,,,N,Y,N/A,N/A,진행
1217,10.3390/rs11131553,"Li, F|Sun, WW|Yang, G|Weng, QH",2019,"Investigating Spatiotemporal Patterns of Surface Urban Heat Islands in the Hangzhou Metropolitan Area, China, 2000-2015",N/A,,,,Y,N,N/A,N/A,배제
1218,10.1016/j.ufug.2016.10.003,"Lin, BS|Lin, CT",2016,Preliminary study of the influence of the spatial arrangement of urban parks on local temperature reduction,N/A,,,,N,Y,N/A,N/A,진행
1219,10.1016/j.apgeog.2017.06.005,"Smith, JP|Li, XX|Turner, BL",2017,"Lots for greening: Identification of metropolitan vacant land and its potential use for cooling and agriculture in Phoenix, AZ, USA",N/A,,,,Y,N,N/A,N/A,배제
1220,10.1016/j.scs.2014.08.006,"Tsilini, V|Papantoniou, S|Kolokotsa, DD|Maria, EA",2015,Urban gardens as a solution to energy poverty and urban heat island,N/A,,,,N,Y,N/A,N/A,진행
1221,10.1016/j.scs.2021.102734,"Aretouyap, Z|Kana, JD|Ghomsi, FEK",2021,Appraisal of environment quality in the capital district of Cameroon using Landsat-8 images,N/A,,,,Y,N,N/A,N/A,배제
1222,10.1007/s13762-019-02329-z,"Tayebi, S|Mohammadi, H|Shamsipoor, A|Tayebi, S|Alavi, SA|Hoseinioun, S",2019,Analysis of land surface temperature trend and climate resilience challenges in Tehran,N/A,,,,Y,N,N/A,N/A,배제
1223,10.1109/JSTARS.2018.2815004,"Koc, CB|Osmond, P|Peters, A|Irger, M",2018,Understanding Land Surface Temperature Differences of Local Climate Zones Based on Airborne Remote Sensing Data,N/A,,,,Y,N,N/A,N/A,배제
1224,10.1177/1420326X20977614,"Guo, W|Cheng, B|Wang, CL|Tang, XY",2022,"Tree planting indices and their effects on summer park thermal environment: A case study of a subtropical satellite city, China",N/A,,,,N,Y,N/A,N/A,진행
1225,10.3390/su9101700,"Wang, YS|Zhan, QM|Ouyang, WL",2017,"Impact of Urban Climate Landscape Patterns on Land Surface Temperature in Wuhan, China",N/A,,,,N,Y,N/A,N/A,진행
1226,10.1080/01431161.2012.676743,"Chen, XZ|Su, YX|Li, D|Huang, GQ|Chen, WQ|Chen, SS",2012,"Study on the cooling effects of urban parks on surrounding environments using Landsat TM data: a case study in Guangzhou, southern China",N/A,,,,N,Y,N/A,N/A,진행
1227,10.1061/(ASCE)UP.1943-5444.0000520,"Zhou, W|Shen, X|Cao, FL|Sun, Y",2019,"Effects of Area and Shape of Greenspace on Urban Cooling in Nanjing, China",N/A,,,,N,Y,N/A,N/A,진행
1228,10.3390/rs14051266,"Yang, LQ|Yu, KY|Ai, JW|Liu, YF|Yang, WF|Liu, J",2022,"Dominant Factors and Spatial Heterogeneity of Land Surface Temperatures in Urban Areas: A Case Study in Fuzhou, China",N/A,,,,N,Y,N/A,N/A,진행
1229,10.3390/land14071470,"Becic, D|Gasparovic, M",2025,Urban Heat Islands and Land-Use Patterns in Zagreb: A Composite Analysis Using Remote Sensing and Spatial Statistics,N/A,,,,Y,N,N/A,N/A,배제
1230,10.1016/j.egyr.2022.07.042,"Ahmadi, S|Yeganeh, M|Motie, MB|Gilandoust, A",2022,The role of neighborhood morphology in enhancing thermal comfort and resident?s satisfaction,N/A,,,,N,Y,N/A,N/A,진행
1231,10.1080/17538947.2023.2243901,"Chenary, K|Soltani, A|Sharifi, A",2023,Street network patterns for mitigating urban heat islands in arid climates,N/A,,,,Y,N,N/A,N/A,배제
1232,10.1016/j.landurbplan.2020.103893,"Bartesaghi-Koc, C|Osmond, P|Peters, A",2020,"Quantifying the seasonal cooling capacity of 'green infrastructure types' (GITs): An approach to assess and mitigate surface urban heat island in Sydney, Australia",N/A,,,,Y,N,N/A,N/A,배제
1233,10.3390/su15021429,"Sobrinho, OM|Rudke, AP|de Morais, MVB|Martins, LD",2023,Meteorological Effects of Green Infrastructure on a Developing Medium Latin American City: A Numerical Modeling Assessment,N/A,,,,Y,N,N/A,N/A,배제
1234,10.3390/rs17193296,"García-Haro, A|Arellano, B|Roca, J",2025,"Integrating Multi-Source Remote Sensing and Spatial Metrics to Quantify Urban Park Design Effects on Surface Cool Islands in Mexicali, Mexico",N/A,,,,Y,N,N/A,N/A,배제
1235,10.1111/gcb.16419,"Gillerot, L|Landuyt, D|Oh, R|Chow, W|Haluza, D|Ponette, Q|Jactel, H|Bruelheide, H|Jaroszewicz, B|Scherer-Lorenzen, M|De Frenne, P|Muys, B|Verheyen, K",2022,Forest structure and composition alleviate human thermal stress,N/A,,,,Y,N,N/A,N/A,배제
1236,10.1016/j.buildenv.2021.108051,"Liu, SD|Zhang, JJ|Li, J|Li, YQ|Zhang, J|Wu, X",2021,Simulating and mitigating extreme urban heat island effects in a factory area based on machine learning,N/A,,,,Y,N,N/A,N/A,배제
1237,10.1016/j.ecolind.2025.113386,"RoohaniQadikolaei, M|RoohaniQadikolaei, F|Soltani, A|Misaghi, M|Zali, N",2025,"Distance matters: Quantifying the influence of urban land use change and development proximity on land surface temperature in Sari, Iran",N/A,,,,N,Y,N/A,N/A,진행
1238,10.3390/su151511742,"Wang, XF|Chen, ZQ|Ma, DW|Zhou, TT|Chen, JT|Jiang, X",2023,"Relationship between Visual and Thermal Comfort and Electrodermal Activity in Campus Blue-Green Spaces: A Case Study of Guangzhou, China",N/A,,,,Y,N,N/A,N/A,배제
1239,10.1016/j.asr.2024.06.031,"Bala, R|Yadav, VP|Kumar, DN|Prasad, R",2024,Exploring the relationship of land surface parameters and air pollutants with land surface temperature in different cities using satellite data,N/A,,,,Y,N,N/A,N/A,배제
1240,10.1016/j.jag.2024.104058,"Wang, L|Hou, C|Zhang, YC|He, J",2024,Measuring solar radiation and spatio-temporal distribution in different street network direction through solar trajectories and street view images,N/A,,,,N,N,녹지변수아님;온열지표아님,도시지역 연구이지만 거리 방향성과 태양복사 분포를 다루며 녹지 형태/구성 변수가 아니고 결과변수도 지표온도·열섬강도·열쾌적성 등의 온열지표가 아니라 태양복사량이므로 제외,배제
1241,10.5614/jpwk.2024.35.3.4,"Michelle, B|Satwiko, P",2024,Striking a Balance Between Nature and Development: Investigating Private Green Spaces using ENVI-met,N/A,,,,Y,N,N/A,N/A,배제
1242,10.1016/j.jclepro.2024.143640,"Yuan, YY|Guo, W|Tang, SQ|Zhang, JQ",2024,Effects of patterns of urban green-blue landscape on carbon sequestration using XGBoost-SHAP model,N/A,,,,N,N,결과변수-탄소흡수(열지표아님),도시지역과 녹청색 경관 패턴을 다루지만 결과변수는 탄소흡수 및 저감으로 도시 온열환경 지표(LST UHI 열섬 열쾌적성 등)가 아님,배제
1243,10.1016/j.indic.2024.100558,"Lu, QR|Qi, WF|Yang, DY|Zhang, MY",2025,"The influence of internal spatial coupling characteristics of blue-green space on cooling benefit in metropolitan areas: Evidence form Hangzhou, China",N/A,,,,N,Y,N/A,N/A,진행
1244,10.3390/f14112256,"Liu, JY|Zheng, BH|Yang, F",2023,A Simulation Study of the Impact of Urban Street Greening on the Thermal Comfort in Street Canyons on Hot and Cold Days,N/A,,,,Y,N,N/A,N/A,배제
1245,10.14246/irspsd.13.2_219,"Aini, N|Wikantiyoso, R|Cahyani, SD|Tutuko, P|Wulandari, CD",2025,Monitoring urban microclimates using Computational Fluid Dynamics (CFD) simulations Assesing the effectiveness of Green Open Space (GOS) in air temperature distribution,N/A,,,,Y,N,N/A,N/A,배제
1246,10.3390/land14102094,"Shou, T|Yao, SD|Hong, QY|Mao, JW|Yuan, YY",2025,Impacts of Blue-Green Space Patterns on Carbon Sequestration Benefits in High-Density Cities of the Middle and Lower Yangtze River Basin: A Comparative Analysis Based on the XGBoost-SHAP Model,N/A,,,,N,N,열환경지표아님,도시와 청녹지 패턴을 다루지만 결과변수가 도시 열환경 지표가 아니라 탄소 흡수 혜택임,배제
1247,10.1016/j.scs.2024.105666,"Islam, MR|Shahfahad|Talukdar, S|Rihan, M|Rahman, A",2024,Evaluating cooling effect of blue-green infrastructure on urban thermal environment in a metropolitan city: Using geospatial and machine learning techniques,N/A,,,,Y,N,N/A,N/A,배제
1248,10.1007/s12273-018-0498-9,"Rui, LY|Buccolieri, R|Gao, Z|Gatto, E|Ding, WW",2019,Study of the effect of green quantity and structure on thermal comfort and air quality in an urban-like residential district by ENVI-met modelling,N/A,,,,Y,N,N/A,N/A,배제
1249,10.1016/j.apenergy.2016.09.070,"Kong, F|Sun, CF|Liu, FF|Yin, HW|Jiang, F|Pu, YX|Cavan, G|Skelhorn, C|Middel, A|Dronova, I",2016,Energy saving potential of fragmented green spaces due to their temperature regulating ecosystem services in the summer,N/A,,,,Y,N,N/A,N/A,배제
1250,10.1088/2752-5295/ac78f9,"Muse, N|Iwaniec, DM|Wyczalkowski, C|Mach, KJ",2022,"Heat exposure and resilience planning in Atlanta, Georgia",N/A,,,,N,Y,N/A,N/A,진행
1251,10.1016/j.buildenv.2025.113096,"Shi, DC|Song, JY|Huang, XJ|Chan, PW",2025,Modelling and optimization of urban green-blue infrastructure design for city cooling,N/A,,,,Y,N,N/A,N/A,배제
1252,10.1016/j.crsust.2022.100146,"Bekele, NK|Hailu, BT|Suryabhagavan, KV",2022,"Spatial patterns of urban blue-green landscapes on land surface temperature: A case of Addis Ababa, Ethiopia",N/A,,,,Y,N,N/A,N/A,배제
1253,10.3846/jeelm.2025.22956,"Zhang, N|Ding, QN|Wang, HT",2025,INVESTIGATING THE INFLUENCE OF URBAN GREEN SPACES ON URBAN HEAT ISLAND MITIGATION - TAKING FOUR DISTRICTS IN SHIJIAZHUANG AS AN EXAMPLE,N/A,,,,Y,N,N/A,N/A,배제
1254,10.3390/su17010011,"Fosalau, CM|Rosu, L|Iatu, C|Dinter, OV|Cristodulo, PM",2025,"Mapping Urban Changes Through the Spatio-Temporal Analysis of Vegetation and Built-Up Areas in Iasi, Romania",N/A,,,,Y,N,N/A,N/A,배제
1255,10.3390/f15091525,"Li, ZL|Qi, ZY|Zheng, BH|Luo, X",2024,The Impact of Changes in Green Space Structures on Thermal Mitigation and Costs under a Constant Green Volume,N/A,,,,Y,N,N/A,N/A,배제
1256,10.1016/j.uclim.2021.101002,"Chakraborty, S|Pramanik, S|Follmann, A|Giri, B|Mondal, B|Patel, PP|Maity, I|Das, J|Punia, M|Sahana, M",2021,Dominant urban form and its relation to nighttime land surface temperature in the rapidly urbanizing National Capital Region of India,N/A,,,,Y,N,N/A,N/A,배제
1257,10.1016/j.landurbplan.2022.104449,"Zhou, W|Yu, WL|Wu, T",2022,An alternative method of developing landscape strategies for urban cooling: A threshold-based perspective,N/A,,,,N,Y,N/A,N/A,진행
1258,10.3390/rs14030561,"Cotlier, GI|Jimenez, JC",2022,The Extreme Heat Wave over Western North America in 2021: An Assessment by Means of Land Surface Temperature,N/A,,,,Y,N,N/A,N/A,배제
1259,10.1177/23998083241311068,"Merdymshaeva, E|Mora, S|Machida, Y|Zhang, F|Duarte, F|Paul, S|Ratti, C|Moertberg, U",2025,Assessing the impact of greenery on urban heat using opportunistic drive-by sensing,N/A,,,,Y,N,N/A,N/A,배제
1260,10.1016/j.ecolind.2021.108046,"Liu, Q|Xie, MM|Wu, RR|Xue, Q|Chen, B|Li, ZY|Li, XY",2021,"From expanding areas to stable areas: Identification, classification and determinants of multiple frequency urban heat islands",N/A,,,,Y,N,N/A,N/A,배제
1261,10.1007/s11252-023-01394-0,"de Lima, GN|Fonseca-Salazar, MA|Campo, J",2023,Urban growth and loss of green spaces in the metropolitan areas of Sao Paulo and Mexico City: effects of land-cover changes on climate and water flow regulation,N/A,,,,Y,N,N/A,N/A,배제
1262,10.3390/su132011268,"Norman, LM|Ruddell, BL|Tosline, DJ|Fell, MK|Greimann, BP|Cederberg, JR",2021,Developing Climate Resilience in Aridlands Using Rock Detention Structures as Green Infrastructure,N/A,,,,N,Y,N/A,N/A,진행
1263,10.3390/land11030317,"Gulshad, K|Wang, YC|Li, N|Wang, J|Yu, Q",2022,"Likelihood of Transformation to Green Infrastructure Using Ensemble Machine Learning Techniques in Jinan, China",N/A,,,,Y,N,N/A,N/A,배제
1264,10.1016/j.cities.2022.103740,"Lo, AY|Jim, CY|Cheung, PK|Wong, GKL|Cheung, LTO",2022,Space poverty driving heat stress vulnerability and the adaptive strategy of visiting urban parks,N/A,,,,Y,N,N/A,N/A,배제
1265,10.1111/jvs.13236,"De Pauw, K|Depauw, L|Calders, K|Cousins, SAO|Decocq, G|De Lombaerde, E|Diekmann, M|Frey, D|Lenoir, J|Meeussen, C|Orczewska, A|Plue, J|Spicher, F|Zellweger, F|Vangansbeke, P|Verheyen, K|De Frenne, P",2024,Nutrient-demanding and thermophilous plants dominate urban forest-edge vegetation across temperate Europe,N/A,,,,Y,N,N/A,N/A,배제
1266,10.1016/j.ecoser.2016.11.011,"Sun, RH|Chen, LD",2017,Effects of green space dynamics on urban heat islands: Mitigation and diversification,N/A,,,,N,Y,N/A,N/A,진행
1267,10.3390/s22114168,"Zaitunah, A|Samsuri|Silitonga, AF|Syaufina, L",2022,Urban Greening Effect on Land Surface Temperature,N/A,,,,Y,N,N/A,N/A,배제
1268,10.3389/fcosc.2022.768274,"Rogers, ML",2022,Urban built form shapes avian richness in green spaces,N/A,,,,N,N,열환경지표아님,도시지역(LA)과 녹지 형태·구성을 다루지만 결과변수가 조류 종풍부도(및 섭식길드별 풍부도)로 도시 온열환경 지표(지표온도·열섬강도·보행자 열쾌적성 등)가 아니므로 제외,배제
1269,10.1016/j.buildenv.2022.109444,"Han, SY|Song, DX|Xu, LQ|Ye, Y|Yan, SR|Shi, F|Zhang, YH|Liu, XD|Du, H",2022,Behaviour in public open spaces: A systematic review of studies with quantitative research methods,N/A,,,,N,N,행동중심/녹지형태아님/온열지표아님,도시 공공개방공간의 행동 연구에 대한 체계적 문헌고찰로 환경·구성 요인을 언급하지만 주제가 녹지 형태·구성 변수가 아니며 결과변수도 지표온도·열섬강도·보행자 열쾌적성 등 온열환경 지표가 아님,배제
1270,10.3390/atmos14060908,"Wang, JY|Meng, F|Lu, HH|Lv, YQ|Jing, TT",2023,"Individual and Combined Effects of 3D Buildings and Green Spaces on the Urban Thermal Environment: A Case Study in Jinan, China",N/A,,,,Y,N,N/A,N/A,배제
1271,10.1007/s43762-021-00026-7,"Grunwald, L|Weber, S",2021,Influence of urban land-use change on cold-air path occurrence and spatial distribution,N/A,,,,N,N,결과변수-비온열지표,도시 지역과 녹지 시나리오를 다루지만 결과변수는 냉기통로 발생확률과 면적으로 온열환경 지표인 온도 열섬강도 보행자 열쾌적성 등을 직접 평가하지 않음,배제
1272,10.1016/j.uclim.2020.100744,"Sugawara, H|Narita, K|Mikami, T",2021,Vertical structure of the cool island in a large urban park,N/A,,,,Y,N,N/A,N/A,배제
1273,10.1016/j.ufug.2023.128115,"Francis, J|Disney, M|Law, S",2023,Monitoring canopy quality and improving equitable outcomes of urban tree planting using LiDAR and machine learning,N/A,,,,Y,N,N/A,N/A,배제
1274,10.7717/peerj.9115,"Siddique, MA|Liu, DY|Li, PL|Rasool, U|Khan, TU|Farooqi, TJA|Wang, LW|Fan, BQ|Rasool, MA",2020,"Assessment and simulation of land use and land cover change impacts on the land surface temperature of Chaoyang District in Beijing, China",N/A,,,,N,Y,N/A,N/A,진행
1275,10.3390/land12020427,"da Silva, PWS|Duarte, D|Pauleit, S",2023,The Role of the Design of Public Squares and Vegetation Composition on Human Thermal Comfort in Different Seasons a Quantitative Assessment,N/A,,,,Y,N,N/A,N/A,배제
1276,10.1016/j.uclim.2025.102493,"Bhattarai, S|Banjara, P|Pandey, VP|Aryal, A|Pradhan, P|Al-Douri, F|Pradhan, NR|Talchabhadel, R",2025,"Quantifying the cooling effects of blue-green spaces across urban landscapes: A case study of Kathmandu Valley, Nepal",N/A,,,,Y,N,N/A,N/A,배제
1277,10.1016/j.landurbplan.2023.104841,"Wang, XL|Rahman, MA|Mokros, M|Rötzer, T|Pattnaik, N|Pang, YL|Zhang, YR|Da, L|Song, K",2023,The influence of vertical canopy structure on the cooling and humidifying urban microclimate during hot summer days,N/A,,,,Y,N,N/A,N/A,배제
1278,10.1109/JSTARS.2024.3451435,"Cho, YI|Jung, JA|Lee, MJ",2024,Use of Unmanned Aerial Vehicles to Explore the Structural Characteristics of Urban Spaces for Outdoor Heat Stress Assessment and Comparative Analysis of Heat Island Cooling Strategies,N/A,,,,N,Y,N/A,N/A,진행
1279,10.1016/j.landurbplan.2024.105289,"Zhou, W|Yu, YQ|Zhang, SH|Xu, J|Wu, T",2025,Methods for quantifying the cooling effect of urban green spaces using remote sensing: A comparative study,N/A,,,,N,Y,N/A,N/A,진행
1280,10.1016/j.ufug.2009.12.005,"Nagendra, H|Gopal, D",2010,"Street trees in Bangalore: Density, diversity, composition and distribution",N/A,,,,Y,N,N/A,N/A,배제
1281,10.1504/IJESD.2022.126078,"Sedlácek, J|Pouchová, K|Hais, M",2022,Green and blue infrastructure: means of reducing surface temperatures in the urban environment,N/A,,,,N,Y,N/A,N/A,진행
1282,10.3390/d16080504,"Cabon, V|Laurent, Y|Georges, R|Quénol, H|Dubreuil, V|Bergerot, B",2024,Microhabitat Structure Affects Ground-Dwelling Beetle Communities More than Temperature along an Urbanization Gradient,N/A,,,,Y,N,N/A,N/A,배제
1283,10.3389/fenvs.2023.1265332,"Yazar, M|Cetinkaya, ID|Iban, MC|Bilgilioglu, SS",2023,The green divide and heat exposure: urban transformation projects in istanbul,N/A,,,,Y,N,N/A,N/A,배제
1284,10.1016/j.scs.2025.106777,"Abedrabboh, O|Fountoukis, C|Al-Ansari, T|Alfarra, MR",2025,"Simulating microclimate adaptation: Evaluating heat mitigation strategies for Doha, Qatar, under current and future climate conditions",N/A,,,,Y,N,N/A,N/A,배제
1285,10.1016/j.buildenv.2025.113052,"Sheng, QQ|Zhang, C|Huang, Y|Jia, CY|Liu, CZ|Dai, AQ|Zhu, ZL|Huang, ZW",2025,The mediating effect of microclimate in the impacts of roadside vegetation barriers on air pollution in pedestrian spaces,N/A,,,,Y,N,N/A,N/A,배제
1286,10.3390/f16101514,"Zong, YX|Yu, YQ|Peng, KX|Zhang, R|Zhou, W",2025,Quantifying Non-Linearities and Interactions in Urban Forest Cooling Using Interpretable Machine Learning,N/A,,,,N,Y,N/A,N/A,진행
1287,10.1007/s11252-025-01782-8,"Chan, PY|Chiu, HW",2025,How green infrastructure change shapes regulating ecosystem services in urban landscapes? Trade-offs between urban cooling and stormwater retention in Taipei,N/A,,,,N,Y,N/A,N/A,진행
1288,10.1016/j.landurbplan.2023.104842,"Li, YL|Ren, C|Ho, JYE|Shi, Y",2023,Landscape metrics in assessing how the configuration of urban green spaces affects their cooling effect: A systematic review of empirical studies,N/A,,,,N,Y,N/A,N/A,진행
1289,10.1016/j.envint.2024.108718,"Gangwisch, M|Matzarakis, A",2024,Composition of factors for local heat adaptation measures at the local level in cities of the mid-latitude - An approach for the south-west of Germany,N/A,,,,Y,N,N/A,N/A,배제
1290,10.1016/j.ecolind.2025.114103,"Hu, HC|Huang, SB|Han, JY|Lin, Q|Zhang, SY|Wang, XR",2025,Comparing 2D and 3D green quantity and spatial patterns in Built-Up areas of 292 Chinese cities,N/A,,,,N,Y,N/A,N/A,진행
1291,10.1016/j.scs.2025.106897,"Tahooni, A|Kakroodi, AA|Kiavarz, M|Mansourian, H",2025,High-resolution urban LST downscaling via machine learning and SHAP: A case study in a rapidly urbanizing semi-arid region,N/A,,,,Y,N,N/A,N/A,배제
1292,10.1016/j.uclim.2024.102084,"Shaamala, A|Yigitcanlar, T|Nili, A|Nyandega, D",2024,Strategic tree placement for urban cooling: A novel optimisation approach for desired microclimate outcomes,N/A,,,,Y,N,N/A,N/A,배제
1293,10.1016/j.buildenv.2019.106552,"Peng, LLH|Jiang, ZD|Yang, XS|He, YF|Xu, TJ|Chen, SS",2020,Cooling effects of block-scale facade greening and their relationship with urban form,N/A,,,,Y,N,N/A,N/A,배제
1294,10.1016/j.atmosenv.2021.118702,"Zhong, TH|Zhang, N|Lv, MY",2021,A numerical study of the urban green roof and cool roof strategies' effects on boundary layer meteorology and ozone air quality in a megacity,N/A,,,,Y,N,N/A,N/A,배제
1295,10.3390/su13020960,"Chao, CC|Hung, KA|Chen, SY|Lin, FY|Lin, TP",2021,Application of a High-Density Temperature Measurement System for the Management of the Kaohsiung House Project,N/A,,,,Y,N,N/A,N/A,배제
1296,10.1016/j.scs.2023.104968,"Dong, XY|Yang, RJ|Ye, YM|Cui, LH",2023,Trade-off efficiency: Linking urban socioecological quality with land use efficiency from return on investment perspective,N/A,,,,Y,N,N/A,N/A,배제
1297,10.1016/j.cacint.2025.100221,"Marey, A|Zou, JW|Goubran, S|Wang, LL|Gaur, A",2025,Urban morphology impacts on urban microclimate using artificial intelligence - a review,N/A,,,,N,N,리뷰·녹지특화아님,도시형태 전반을 다룬 AI 리뷰로 녹지 형태 또는 구성 변수를 중심으로 한 연구가 아니며 1차 연구도 아님,배제
1298,10.1007/s11368-020-02682-4,"Sobocká, J|Saksa, M|Feranec, J|Szatmári, D|Holec, J|Bobálová, H|Rásová, A",2021,Mapping of urban environmentally sensitive areas in Bratislava city,N/A,,,,Y,N,N/A,N/A,배제
1299,10.1016/j.enbuild.2021.111027,"Liao, W|Hong, T|Heo, Y",2021,The effect of spatial heterogeneity in urban morphology on surface urban heat islands,N/A,,,,Y,N,N/A,N/A,배제
1300,10.5937/gp29-53959,"Kumar, A|Mukherjee, M|Goswami, A|Saxena, N|Rahul, A",2025,"Multiscale Analysis of Green Infrastructure Impacts on PM2.5 and PM10 Pollution in Delhi, India",N/A,,,,N,N,열지표아님 PM연구,도시와 녹지구성은 해당하나 결과변수는 PM2.5와 PM10로 도시 온열환경 지표가 아니어서 제외,배제
1301,10.1080/00038628.2020.1812501,"Gunawardena, K|Steemers, K",2021,Living wall influence on the microclimates of sheltered urban conditions: results from monitoring studies,N/A,,,,Y,N,N/A,N/A,배제
1302,10.3390/land12050964,"Jiang, RY|Xie, CK|Man, ZH|Zhou, RBC|Che, SQ",2023,Effects of Urban Green and Blue Space on the Diffusion Range of PM2.5 and PM10 Based on LCZ,N/A,,,,N,N,열환경지표아님,도시를 대상으로 하고 녹지와 청지의 형태와 구성 변수를 분석하지만 결과변수가 PM 확산거리로서 도시 온열환경 지표가 아니므로 제외,배제
1303,10.1016/j.ufug.2021.127168,"Lin, W|Zeng, CC|Lam, NSN|Liu, ZF|Tao, JY|Zhang, XX|Lyu, BY|Li, NA|Li, D|Chen, QB",2021,Study of the relationship between the spatial structure and thermal comfort of a pure forest with four distinct seasons at the microscale level,N/A,,,,Y,N,N/A,N/A,배제
1304,10.2480/agrmet.D-18-00047,"Masutomi, Y|Sato, Y|Higuchi, A|Takami, A|Nakajima, T",2019,The effects of citizen-driven urban forestry on summer high air temperatures over the Tokyo metropolitan area,N/A,,,,Y,N,N/A,N/A,배제
1305,10.1016/j.landurbplan.2022.104681,"Liao, W|Guldmann, JM|Hu, L|Cao, QW|Gan, DX|Li, XM",2023,Linking urban park cool island effects to the landscape patterns inside and outside the park: A simultaneous equation modeling approach,N/A,,,,N,Y,N/A,N/A,진행
1306,10.1016/j.enbuild.2021.111564,"Bartesaghi-Koc, C|Osmond, P|Peters, A",2022,Innovative use of spatial regression models to predict the effects of green infrastructure on land surface temperatures,N/A,,,,Y,N,N/A,N/A,배제
1307,10.1038/s41598-025-14749-8,"Wang, Q|Liu, SC|Qian, JT",2025,A simulation approach to assessing vegetation configuration effects on thermal comfort in cold region pocket parks,N/A,,,,N,Y,N/A,N/A,진행
1308,10.1016/j.indic.2025.100850,"Xu, Y|Yao, L|Chen, AL",2025,Unraveling urban thermal comfort dynamics: Multi-scale interactions with urban building and green space landscapes in Beijing,N/A,,,,Y,N,N/A,N/A,배제
1309,10.3390/land11040548,"Li, Z|Wu, F|Ma, HQ|Xu, ZJ|Wang, SH",2022,"Spatiotemporal Evolution and Relationship between Night Time Light and Land Surface Temperature: A Case Study of Beijing, China",N/A,,,,N,N,녹지변수 부재,도시지역과 LST는 해당하나 독립변수가 야간조도 NTL로 녹지의 형태나 구성 변수는 다루지 않아 녹지 관련 포함 기준에 부합하지 않음,배제
1310,10.3390/land13091464,"Olgun, R|Cheng, CW|Coseo, P",2024,Nature-Based Solutions Scenario Planning for Climate Change Adaptation in Arid and Semi-Arid Regions,N/A,,,,Y,N,N/A,N/A,배제
1311,10.1007/s11676-024-01772-0,"Shen, XW|Chen, MZ|Li, XW|Gao, S|Yang, QY|Wen, YH|Sun, QQ",2024,Advancing climate resilience through a geo-design framework: strengthening urban and community forestry for sustainable environmental design,N/A,,,,Y,N,N/A,N/A,배제
1312,10.3390/su14137744,"Guo, NA|Liang, XB|Meng, LR",2022,"Evaluation of the Thermal Environmental Effects of Urban Ecological Networks-A Case Study of Xuzhou City, China",N/A,,,,N,Y,N/A,N/A,진행
1313,10.3390/su16125187,"Czyza, S|Kowalczyk, AM",2024,Applying GIS in Blue-Green Infrastructure Design in Urban Areas for Better Life Quality and Climate Resilience,N/A,,,,Y,N,N/A,N/A,배제
1314,10.1016/j.ufug.2025.129038,"Zhou, WYZ|Jia, SQ|Wang, YH",2025,Greenery for regulating outdoor thermal comfort in various urban environments of a humid-subtropical climate under extreme heat conditions,N/A,,,,Y,N,N/A,N/A,배제
1315,10.1016/j.jenvman.2020.111882,"Bollman, MA|DeSantis, GE|Waschmann, RS|Mayer, PM",2021,Effects of shading and composition on green roof media temperature and moisture,N/A,,,,Y,N,N/A,N/A,배제
1316,10.3390/su122310089,"Eanes, AM|Lookingbill, TR|Hoffman, JS|Saverino, KC|Fong, SS",2020,"Assessing Inequitable Urban Heat Islands and Air Pollution Disparities with Low-Cost Sensors in Richmond, Virginia",N/A,,,,Y,N,N/A,N/A,배제
1317,10.3390/s21206898,"Huo, HY|Chen, F|Geng, XW|Tao, J|Liu, ZS|Zhang, WZ|Leng, P",2021,Simulation of the Urban Space Thermal Environment Based on Computational Fluid Dynamics: A Comprehensive Review,N/A,,,,N,Y,N/A,N/A,진행
1318,10.3390/su13179638,"Cai, YB|Li, K|Chen, YH|Wu, L|Pan, WB",2021,The Changes of Heat Contribution Index in Urban Thermal Environment: A Case Study in Fuzhou,N/A,,,,N,Y,N/A,N/A,진행
1319,10.1016/j.scs.2025.106434,"Niu, JQ|Wang, HY|Guo, H|Qin, HQ|Yan, J|Ye, L|Liu, ZY|Han, GF",2025,"Identifying thresholds of landscape indicators in suitable green space buffer zones based on thermal sensation categories during summer: Empirical study in Chongqing, China",N/A,,,,Y,N,N/A,N/A,배제
1320,10.3390/land14030645,"Zeng, WX|Yang, K|Zhang, SH|Bi, CY|Liu, J|Yang, XF|Rao, Y|Ma, Y",2025,Configuration of Green-Blue-Grey Spaces for Efficient Cooling of Urban Physical and Perceptual Thermal Environments,N/A,,,,Y,N,N/A,N/A,배제
1321,10.1016/j.uclim.2018.12.014,"Iping, A|Kidston-Lattari, J|Simpson-Young, A|Duncan, E|McManus, P",2019,(Re)presenting urban heat islands in Australian cities: A study of media reporting and implications for urban heat and climate change debates,N/A,,,,N,N,미디어분석;녹지변수없음;온열지표미측정,호주 도시의 UHI에 대한 언론 보도 프레이밍을 분석한 연구로 녹지 형태/구성 변수를 다루지 않고 실제 도시 온열환경 지표를 측정·분석하지 않아 포함 기준에 부합하지 않음,배제
1322,10.3390/su151914603,"Chen, ZY|Lin, XQ|Li, MZ|Chen, Y|Huang, YB|Zhu, YJ|Chen, JX|Li, TY|Fu, WC|Dong, JW",2023,Spatio-Temporal Dynamic Characteristics and Landscape Connectivity of Heat Islands in Xiamen in the Face of Rapid Urbanization,N/A,,,,N,N,녹지형태미포함,도시대상 연구이나 녹지 형태나 구성 변수를 다루지 않고 열섬 패치와 연결성만 분석하여 본 스코프와 불일치,배제
1323,10.1016/j.buildenv.2024.111398,"Wang, QQ|Peng, LLH|Jiang, W|Yin, S|Feng, NY|Yao, LY",2024,Urban form affects the cool island effect of urban greenery via building shadows,N/A,,,,Y,N,N/A,N/A,배제
1324,10.3390/f11020228,"Gatto, E|Buccolieri, R|Aarrevaara, E|Ippolito, F|Emmanuel, R|Perronace, L|Santiago, JL",2020,"Impact of Urban Vegetation on Outdoor Thermal Comfort: Comparison between a Mediterranean City (Lecce, Italy) and a Northern European City (Lahti, Finland)",N/A,,,,Y,N,N/A,N/A,배제
1325,10.1016/j.scs.2025.106396,"Gao, JY|Qu, LP|Wu, W",2025,Spatial-temporal variation of surface temperature and cold island network construction in the Yangtze River delta urban agglomeration: Perspectives from current and future scenarios,N/A,,,,Y,N,N/A,N/A,배제
1326,10.1016/j.enbuild.2020.110531,"Palme, M|Privitera, R|La Rosa, D",2020,The shading effects of Green Infrastructure in private residential areas: Building Performance Simulation to support urban planning,N/A,,,,N,N,열환경지표불명/건물성능중심,도시 주거지역과 그린인프라를 다루지만 결과변수가 지표온도 UHI 보행자 열쾌적성 등 도시 온열환경 지표로 명시되지 않았고 건물 성능 및 에너지 관점의 그늘 효과 분석에 초점으로 판단되어 제외,배제
1327,10.1007/s41062-025-02334-x,"Goyal, K|Biswas, R",2025,Suitability analysis for Blue Green Infrastructure in urban area: Delhi,N/A,,,,Y,N,N/A,N/A,배제
1328,10.3390/f14071396,"Jiang, YF|Liu, YQ|Sun, YC|Li, XH",2023,Distribution of CO2 Concentration and Its Spatial Influencing Indices in Urban Park Green Space,N/A,,,,Y,N,N/A,N/A,배제
1329,10.1590/2175-3369.015.e20220076,"Teixeira, CFB|Gifford, R",2023,(In)Visible factors affecting people in the spatial appropriation process of urban green spaces in Brazil,N/A,,,,N,N,열환경지표 없음,도시 광장과 녹지의 공간구성·식생과 인간행동의 공간적 점유를 정성적으로 다루지만 지표온도·열섬강도·보행자 열쾌적성 등 도시 온열환경 지표를 측정·보고하지 않아 제외함.,배제
1330,10.3390/buildings13092329,"Lin, JY|Jiang, SL|Zhang, SY|Yang, SY|Ji, WL|Li, WZ",2023,Thermal Comfort in Urban Open Green Spaces: A Parametric Optimization Study in China's Cold Region,N/A,,,,Y,N,N/A,N/A,배제
1331,10.1016/j.buildenv.2025.113100,"Su, Y|Wang, YX|Huang, ZY|Peng, TT|Han, Y|Wang, WJ|Meng, QL|Saimaiti, A",2025,"Optimization strategies for outdoor thermal comfort at urban core transportation hub in summer--A case of Turpan Station, China",N/A,,,,Y,N,N/A,N/A,배제
1332,10.3390/pr10040682,"Shiu, JH|Huang, YC|Lu, ZT|Jien, SH|Wu, ML|Wu, YT",2022,Biochar-Based Compost Affects Bacterial Community Structure and Induces a Priming Effect on Soil Organic Carbon Mineralization,N/A,,,,N,N,열환경지표 비해당;주제는 토양·미생물,도시지역이지만 토양개량 효과(토양성상·세균군집)만 평가하여 녹지 형태/구성 변수가 아니며 지표온도·열섬강도·열쾌적성 등 도시 온열지표를 다루지 않음,배제
1333,10.5334/bc.598,"Lopez-Ordoñez, C|Garcia-Nevado, E|Coch, H|Morganti, M",2025,Heat stress in social housing districts: tree cover-built form interaction,N/A,,,,Y,N,N/A,N/A,배제
1334,10.1016/j.envres.2024.118115,"Robinson, JM|Breed, AC|Camargo, A|Redvers, N|Breed, MF",2024,Biodiversity and human health: A scoping review and examples of underrepresented linkages,N/A,,,,N,N,도시연구아님 열지표없음 녹지구성아님,도시지역 한정 연구가 아니며 생물다양성과 건강 전반을 다루는 범위검토로서 녹지 형태나 구성 변수 중심이 아니고 결과변수에 도시 온열환경 지표를 다루지 않음,배제
1335,10.1016/j.ufug.2024.128338,"Wang, YS|Ouyang, WL|Zhang, JQ",2024,Matching supply and demand of cooling service provided by urban green and blue space,N/A,,,,Y,N,N/A,N/A,배제
1336,10.3390/f15020285,"An, LW|Liu, GF|Hou, ML",2024,The Application of Geographic Information System in Urban Forest Ecological Compensation and Sustainable Development Evaluation,N/A,,,,Y,N,N/A,N/A,배제
1337,10.6093/1970-9870/11163,[Anonymous],2025,An innovative tool for supporting urban policies: assessing the health of mediterranean urban greenery with portable optical technologies and vegetation metrics,N/A,,,,N,N,열환경지표아님; 식생생리평가,도시와 녹지 관련 연구지만 결과변수가 지표온도·열섬강도·열쾌적성 등 열환경 지표가 아님; 엽록소·폴리페놀·카로티노이드 등 식생 생리만 평가; 열환경 분석은 향후 연구로만 언급,배제
1338,10.1016/j.measurement.2020.108212,"Widiastuti, R|Zaini, J|Caesarendra, W",2020,Field measurement on the model of green facade systems and its effect to building indoor thermal comfort,N/A,,,,Y,N,N/A,N/A,배제
1339,10.1371/journal.pone.0288774,"Hwang, B|Sou, HD|Oh, JH|Park, CR",2023,"Cooling effect of urban forests on the urban heat island in Seoul, South Korea",N/A,,,,N,Y,N/A,N/A,진행
1340,10.1016/j.ufug.2021.127440,"von Döhren, P|Haase, D",2022,"Geospatial assessment of urban ecosystem disservices: An example of poisonous urban trees in Berlin, Germany",N/A,,,,Y,N,N/A,N/A,배제
1341,10.1016/j.buildenv.2025.113745,"Wu, ZF|Qiu, Y|Ren, Y",2025,Pervious surface fraction threshold and quantile-based optimization: A novel framework for heat mitigation in high-density urban areas,N/A,,,,Y,N,N/A,N/A,배제
1342,10.1016/j.rse.2025.114867,"Zhou, SQ|Yu, ZW|Wu, WB|Yang, WJ|Zhang, YJ|Hao, YY|Yuan, Q|Xu, DF|Hu, JY|Zhao, B",2025,Quantifying cumulative cooling threshold of greenspaces using a newly developed 3D model across global cities,N/A,,,,Y,N,N/A,N/A,배제
1343,10.1016/j.uclim.2024.101859,"Yamaguchi, K|Takane, Y|Ihara, T",2024,Climate change adaptation and mitigation potential of EVs in Tokyo metropolitan area,N/A,,,,Y,N,N/A,N/A,배제
1344,10.3390/su11195396,"Yu, Y|Xu, H|Wang, XH|Wen, JH|Du, SQ|Zhang, M|Ke, Q",2019,"Residents' Willingness to Participate in Green Infrastructure: Spatial Differences and Influence Factors in Shanghai, China",N/A,,,,N,N,도시연구이나 GI 참여의향 연구·온열지표 없음,도시지역 상하이 대상이나 주제는 녹색인프라 참여의향 및 영향요인 분석으로 결과변수는 인식·참여의사이며 지표온도·열섬강도·열쾌적성 등 도시 온열환경 지표를 다루지 않아 제외,배제
1345,10.1016/j.uclim.2021.100979,"Shi, R|Hobbs, BF|Zaitchik, BF|Waugh, DW|Scott, AA|Zhang, YM",2021,"Monitoring intra-urban temperature with dense sensor networks: Fixed or mobile? An empirical study in Baltimore, MD",N/A,,,,N,N,녹지 변수 미포함,도시와 온열지표(UHI/UHA)를 다루지만 연구 초점이 센서 네트워크 설계/비교에 있어 녹지 형태·구성 변수와의 관계를 분석하지 않으므로 포함 기준(녹지 변수) 불충족,배제
1346,10.1016/j.landurbplan.2016.08.016,"Bodnaruk, EW|Kroll, CN|Yang, Y|Hirabayashi, S|Nowak, DJ|Endreny, TA",2017,Where to plant urban trees? A spatially explicit methodology to explore ecosystem service tradeoffs,N/A,,,,Y,N,N/A,N/A,배제
1347,10.1016/j.uclim.2025.102356,"Wang, ZQ|Liu, YK|Wang, TY|Tang, SY|Wu, XF",2025,Supply and demand analysis of urban thermal environments regulation services from an accessibility perspective: A coupled thermal risk and green space cooling assessment model,N/A,,,,N,Y,N/A,N/A,진행
1348,10.1016/j.scs.2022.103993,"Kandelan, SN|Yeganeh, M|Peyman, S|Panchabikesan, K|Eicker, U",2022,Environmental study on greenery planning scenarios to improve the air quality in urban canyons,N/A,,,,Y,N,N/A,N/A,배제
1349,10.3390/su10124388,"Kazak, JK|Chruscinski, J|Szewranski, S",2018,The Development of a Novel Decision Support System for the Location of Green Infrastructure for Stormwater Management,N/A,,,,N,N,열환경 지표 아님 우수관리 중심,도시지역과 녹지 인프라를 다루지만 결과는 우수 저류 및 축적량 등 수문 지표이며 지표온도 열섬 보행자 열쾌적성 같은 도시 열환경 지표를 다루지 않아 포함 기준에 부합하지 않습니다,배제
1350,10.3390/rs9101066,"Yang, CB|He, XY|Yu, LX|Yang, JC|Yan, FQ|Bu, K|Chang, LP|Zhang, SW",2017,The Cooling Effect of Urban Parks and Its Monthly Variations in a Snow Climate City,N/A,,,,N,Y,N/A,N/A,진행
1351,N/A,"Stojanovic, N|Tesic, M|Petrovic, J|Corovic, D|Vukmirovic, M|Lisica, A|Petrovic, U",2020,THE EFFECT OF ROADSIDE GREEN SPACES ON WIND SPEED REDUCTION IN THE URBAN ENVIRONMENT,N/A,,,,N,N,결과변수 풍속 열환경 지표 아님,도시와 녹지 변수는 맞지만 결과가 풍속 저감으로 한정되어 있음 도시 온열환경 지표인 지표온도 열섬강도 열쾌적성 등을 다루지 않음,배제
1352,10.1016/j.catena.2020.104910,"Halecki, W|Stachura, T",2021,Evaluation of soil hydrophysical parameters along a semiurban small river: Soil ecosystem services for enhancing water retention in urban and suburban green areas,N/A,,,,Y,N,N/A,N/A,배제
1353,10.1016/j.buildenv.2022.109441,"Zhou, Y|Zhao, HL|Mao, SC|Zhang, GL|Jin, YL|Luo, YC|Huo, W|Pan, ZH|An, PL|Lun, F",2022,Studies on urban park cooling effects and their driving factors in China: Considering 276 cities under different climate zones,N/A,,,,N,Y,N/A,N/A,진행
1354,10.1890/14-2063,"Johnson, LR|Handel, SN",2016,Restoration treatments in urban park forests drive long-term changes in vegetation trajectories,N/A,,,,N,N,열환경지표없음,도시 공원 숲 복원이 식생 구조·종조성·침입종 감소 등을 다루며 지표온도·열섬강도·열쾌적성 등 도시 온열환경 지표를 측정하지 않아 제외함.,배제
1355,10.3389/frsc.2023.1281430,"Pandey, B|Ghosh, A",2023,Urban ecosystem services and climate change: a dynamic interplay,N/A,,,,N,N,광범위리뷰/열환경지표미특화/녹지구성변수미명확,도시를 다루지만 녹지 형태·구성 변수를 중심으로 한 실증 연구가 아니며 도시 온열환경 지표를 명확한 결과변수로 다루지 않는 서술적 종설로 포함 기준에 부합하지 않음,배제
1356,10.3390/buildings12070944,"Yu, HM|Fukuda, H|Zhou, MY|Ma, X",2022,Improvement Strategies for Microclimate and Thermal Comfort for Urban Squares: A Case of a Cold Climate Area in China,N/A,,,,N,Y,N/A,N/A,진행
1357,10.3897/natureconservation.70.23017,"Zhang, P|Wang, N|Yang, LW|Zhang, X|Liu, Q",2020,Evaluation and sensitivity analysis of the ecosystem service functions of haze absorption by green space based on its quality in China,N/A,,,,N,N,도시대상 아님; 결과변수 열환경 아님,연구대상은 중국 전역의 녹지로 도시지역 특화가 아니며 주제는 녹지 질·구성 관련이지만 결과변수는 SO2/NOx/먼지 등 하제(대기오염) 흡수로 도시 온열환경 지표를 다루지 않음,배제
1358,10.1016/j.ufug.2024.128527,"Yazdi, H|Moser-Reischl, A|Rötzer, T|Petzold, F|Ludwig, F",2024,Machine learning-based prediction of tree crown development in competitive urban environments,N/A,,,,Y,N,N/A,N/A,배제
1359,10.1007/s10661-020-08601-x,"Govind, NR|Ramesh, H",2020,Exploring the relationship between LST and land cover of Bengaluru by concentric ring approach,N/A,,,,Y,N,N/A,N/A,배제
1360,10.1016/j.buildenv.2023.109995,"Li, RB|Zeng, FX|Zhao, Y|Wu, Y|Niu, JL|Wang, L|Gao, NP|Shi, X",2023,CFD simulations of the tree effect on the outdoor microclimate by coupling the canopy energy balance model,N/A,,,,N,Y,N/A,N/A,진행
1361,10.1016/j.scs.2022.104376,"Zhou, HX|Xu, C|Pu, HT|Nie, YX|Sun, J",2023,Influence of urban surface compositions on outdoor thermal environmental parameters on an urban road: A combined two-aspect analysis,N/A,,,,N,Y,N/A,N/A,진행
1362,10.1016/j.jclepro.2021.128458,"Abuseif, M|Dupre, K|Michael, RN",2021,The effect of green roof configurations including trees in a subtropical climate: A co-simulation parametric study,N/A,,,,Y,N,N/A,N/A,배제
1363,10.1038/s41598-025-98249-9,"Wang, L|Wang, WJ|Tang, F|Xu, HQ",2025,Optimizing urban park cooling effects requires balancing morphological design and landscape structure,N/A,,,,N,Y,N/A,N/A,진행
1364,10.3390/su17073026,"Xi, H|Li, YT|Hou, WJ",2025,Impact of Environmental Factors on Summer Thermal Comfort of Ribbon Waterfront Park in Hot Summer and Cold Winter Regions: A Case Study of Hefei,N/A,,,,Y,N,N/A,N/A,배제
1365,10.1016/j.scs.2023.104918,"Yang, F|Yousefpour, R|Zhang, Y|Wang, HC",2023,The assessment of cooling capacity of blue-green spaces in rapidly developing cities: A case study of Tianjin's central urban area,N/A,,,,N,Y,N/A,N/A,진행
1366,10.3390/f13071086,"Zhang, XG|Lei, YK|Li, R|Ackerman, A|Guo, N|Li, YH|Yang, QS|Liu, Y",2022,Research on Thermal Comfort of Underside of Street Tree Based on LiDAR Point Cloud Model,N/A,,,,Y,N,N/A,N/A,배제
1367,10.1186/s12890-023-02359-x,"Gou, AP|Tan, GZ|Ding, XB|Wang, JB|Jiao, Y|Gou, CY|Tan, Q",2023,"Spatial association between green space and COPD mortality: a township-level ecological study in Chongqing, China",N/A,,,,N,N,결과변수-도시열아님; 연구지역-도시한정아님,COPD 사망을 결과로 한 생태학 연구로 도시 열환경 지표를 다루지 않으며 연구범위도 충칭 전역의 읍·면·동 단위로 도시지역만을 대상으로 하지 않음,배제
1368,10.26565/2410-7360-2025-62-12,"Genisy rek, F|Niemets, L|Sahin, MT|Sehida, K",2025,"Environmental impacts of urban development and sustainable landscape management: the case of Muratpasa, Antalya",N/A,,,,N,N,도시 온열환경 지표 부재,도시지역 연구이며 녹지 분포와 토지이용 변화 및 탄소배출을 분석하나 결과변수에 지표온도 열섬강도 등 도시 온열환경 지표가 없어 제외,배제
1369,10.3390/su14073906,"Duan, YF|Li, SH",2022,Study of Different Vegetation Types in Green Space Landscape Preference: Comparison of Environmental Perception in Winter and Summer,N/A,,,,Y,N,N/A,N/A,배제
1370,10.3390/su12114375,"Xu, N|Luo, JC|Zuo, J|Hu, XD|Dong, J|Wu, TJ|Wu, SL|Liu, H",2020,Accurate Suitability Evaluation of Large-Scale Roof Greening Based on RS and GIS Methods,N/A,,,,N,N,도시 및 녹지 해당이나 열환경 지표 없음,도시지역 대상이며 녹지 형태 관련 연구이나 결과변수는 옥상녹화 적합도와 민감도이며 지표온도·열섬강도·열쾌적성 등 도시 온열환경 지표를 다루지 않음,배제
1371,10.1016/j.scs.2024.105441,"Jun, MJ|Park, Y|Lee, JW|Kang, SY|Barquilla, CA|Yun, MY|Lee, JH|Gu, Y",2024,Linkages between urban growth and land surface temperature variations in the Seoul metropolitan area: A spatial first-order difference approach,N/A,,,,N,Y,N/A,N/A,진행
1372,10.1016/j.landurbplan.2010.05.006,"Bowler, DE|Buyung-Ali, L|Knight, TM|Pullin, AS",2010,Urban greening to cool towns and cities: A systematic review of the empirical evidence,N/A,,,,N,Y,N/A,N/A,진행
1373,10.1016/j.ecolind.2024.112842,"Guo, NN|Liang, XB",2024,"Robustness assessment of urban cold island network based on green infrastructure-A case study of Bengbu, China",N/A,,,,Y,N,N/A,N/A,배제
1374,10.3390/su16229938,"Fu, MZ|Ban, KJ|Jin, L|Wu, D",2024,"How Urban Street Spatial Composition Affects Land Surface Temperature in Areas with Different Population Densities: A Case Study of Zhengzhou, China",N/A,,,,Y,N,N/A,N/A,배제
1375,10.1016/j.uclim.2020.100746,"Teixeira, CFB",2021,Green space configuration and its impact on human behavior and URBAN environments,N/A,,,,Y,N,N/A,N/A,배제
1376,10.1016/j.scs.2025.106337,"Ramsay, EE|Wang, Y|Masoudi, M|Chai, MW|Yin, TG|Hamel, P",2025,Assessing a decision-support tool to estimate the cooling potential and economic savings from urban vegetation in Singapore,N/A,,,,Y,N,N/A,N/A,배제
1377,10.3390/buildings12101705,"Salonen, T|Hollands, J|Sesto, E|Korjenic, A",2022,Thermal Effects of Vertical Greening in Summer: An Investigation on Evapotranspiration and Shading of Facade Greening in Vienna,N/A,,,,N,Y,N/A,N/A,진행
1378,10.1088/1748-9326/ac12f2,"Alonzo, M|Baker, ME|Gao, YM|Shandas, V",2021,Spatial configuration and time of day impact the magnitude of urban tree canopy cooling,N/A,,,,Y,N,N/A,N/A,배제
1379,N/A,"Anisimova, S",2023,ANALYSIS OF THE DENDROFLORISTIC COMPOSITION OF URBAN STREET TREE PLANTINGS IN SOFIA,N/A,,,,N,N,열환경 지표 미측정,도시 가로수 다양성과 종조성 인벤토리 연구로 연구대상은 도시 및 녹지 구성 변수이지만 LST·열섬강도·열쾌적성 등 도시 온열환경 결과변수를 측정하거나 분석하지 않음,배제
1380,10.1016/j.ecolind.2024.113027,"Karan, SK|Borchsenius, BT|Debella-Gilo, M|Rizzi, J",2025,Mapping urban green structures using object-based analysis of satellite imagery: A review,N/A,,,,N,N,열환경 지표 부재,도시지역의 녹지 매핑 방법론 리뷰로 분류·세그먼테이션·정확도에 초점이며 LST·UHI·열쾌적성 등 온열환경 지표를 결과로 다루지 않아 제외,배제
1381,10.3390/su9071199,"Li, JH|Fang, W|Wang, T|Qureshi, S|Alatalo, JM|Bai, Y",2017,"Correlations between Socioeconomic Drivers and Indicators of Urban Expansion: Evidence from the Heavily Urbanised Shanghai Metropolitan Area, China",N/A,,,,Y,N,N/A,N/A,배제
1382,10.3389/fbuil.2021.622382,"Setiawati, MD|Jarzebski, MP|Gomez-Garcia, M|Fukushi, K",2021,Accelerating Urban Heating Under Land-Cover and Climate Change Scenarios in Indonesia: Application of the Universal Thermal Climate Index,N/A,,,,Y,N,N/A,N/A,배제
1383,10.1016/j.jenvman.2025.127369,"Qin, JH|Wang, QX|Li, WL",2025,Incorporating regional green spaces into greenspace exposure assessment: A nationwide study of 244 Chinese cities,N/A,,,,Y,N,N/A,N/A,배제
1384,10.1016/j.buildenv.2023.110225,"Li, YL|Ouyang, WL|Yin, S|Tan, Z|Ren, C",2023,Microclimate and its influencing factors in residential public spaces during heat waves: An empirical study in Hong Kong,N/A,,,,Y,N,N/A,N/A,배제
1385,10.1016/j.scs.2023.104615,"Ren, JL|Shi, KZ|Kong, XF|Zhou, HZ",2023,"On-site measurement and numerical simulation study on characteristic of urban heat island in a multi-block region in Beijing, China",N/A,,,,Y,N,N/A,N/A,배제
1386,10.3390/su17188093,"Peng, WJ|Dai, DK|Liu, FQ|Wang, X",2025,Spatiotemporal Heterogeneity and Socioeconomic Drivers of Landscape Patterns in High-Density Communities of Wuhan,N/A,,,,Y,N,N/A,N/A,배제
1387,10.1016/j.ufug.2025.129093,"Ahmed, H|Drescher, M|Parker, DC",2025,"Intermediary functions of landscape architects and non-profits in shaping green infrastructure within new residential developments in Ontario, Canada",N/A,,,,N,N,열지표부재;정책/행위자중심;질적인터뷰,도시 주거 개발의 RGI와 중개자 역할을 다루지만 열환경 지표(지표온도·열섬·열쾌적 등)를 다루지 않는 질적 인터뷰/프레임워크 연구이므로 제외합니다.,배제
1388,10.3390/su12103952,"Huang, JM|Chen, LC",2020,"A Numerical Study on Mitigation Strategies of Urban Heat Islands in a Tropical Megacity: A Case Study in Kaohsiung City, Taiwan",N/A,,,,N,Y,N/A,N/A,진행
1389,10.1016/j.landurbplan.2015.08.014,"Pandey, AK|Pandey, M|Tripathi, BD",2015,Air Pollution Tolerance Index of climber plant species to develop Vertical Greenery Systems in a polluted tropical city,N/A,,,,N,N,열환경 지표 부재; 공기오염 내성 연구,도시와 녹화시스템을 다루지만 결과변수는 APTI 등 오염 관련 지표이며 도시 열환경 지표는 평가하지 않음,배제
1390,10.1016/j.ecolind.2019.105592,"Charoenkit, S|Piyathamrongchai, K",2019,A review of urban green spaces multifunctionality assessment: A way forward for a standardized assessment and comparability,N/A,,,,N,N,도시녹지 다기능성 리뷰·온열지표 비포함,도시지역을 다루지만 주제는 ES 다기능성 평가 표준화이며 결과변수로 지표온도·열섬강도·열쾌적성 등 도시 온열환경 지표를 직접 평가하지 않아 스크리닝 기준과 불일치,배제
1391,10.6092/1970-9870/7143,"Lai, S|Leone, F|Zoppi, C",2020,"Land surface temperature and land cover dynamics. A study related to Sardinia, Italy",N/A,,,,N,Y,N/A,N/A,진행
1392,10.2166/wcc.2010.035,"Charlesworth, SM",2010,A review of the adaptation and mitigation of global climate change using sustainable drainage in cities,N/A,,,,N,Y,N/A,N/A,진행
1393,10.1007/s00024-025-03787-y,"Toy, S|Eren, Z",2025,Spatial Analysis of Sensitive Urban Zones to UHI Formation Through the Parametrization of Urban Features,N/A,,,,Y,N,N/A,N/A,배제
1394,10.1007/s40808-023-01739-w,"Agbelade, AD|Akinyemi, TC|Ojerinde, GE",2023,Modeling and assessing the variation of land surface temperature as determinants to normalized difference vegetation index and land cover changes in Nigerian cities,N/A,,,,Y,N,N/A,N/A,배제
1395,10.3390/land14101944,"Qin, JC|Zhang, YX|Wang, JQ",2025,Synergistic Response of Blue and Green Spaces as Urban Cooling Source to Extreme Heatwaves,N/A,,,,Y,N,N/A,N/A,배제
1396,10.1016/j.buildenv.2025.113361,"Zhong, Z|Ma, Q|Fang, XN|Kong, LQ|Cao, Q|Liu, LM|Zhou, R|Du, SQ",2025,Who are marginalized? Unequal distribution of urban street shading in Shanghai,N/A,,,,Y,N,N/A,N/A,배제
1397,10.3390/s25175380,"Hoang, ND",2025,"Machine Learning Approaches for Geospatial Modeling of Urban Land Surface Temperature: Assessing Geographical Compactness, Interpretability, and Causal Inference",N/A,,,,Y,N,N/A,N/A,배제
1398,10.1127/0941-2948/2013/0384,"Franck, U|Krüger, M|Schwarz, N|Grossmann, K|Röder, S|Schlink, U",2013,Heat stress in urban areas: Indoor and outdoor temperatures in different urban structure types and subjectively reported well-being during a heat wave in the city of Leipzig,N/A,,,,N,Y,N/A,N/A,진행
1399,10.1016/j.buildenv.2022.109145,"Firozjaei, MK|Kiavarz, M|Alavipanah, SK",2022,Impact of surface characteristics and their adjacency effects on urban land surface temperature in different seasonal conditions and latitudes,N/A,,,,N,Y,N/A,N/A,진행
1400,10.1016/j.ufug.2021.127016,"Nelson, JR|Grubesic, TH|Miller, JA|Chamberlain, AW",2021,"The equity of tree distribution in the most ruthlessly hot city in the United States: Phoenix, Arizona",N/A,,,,N,N,온열지표결과부재,도시 피닉스에서 가로수 분포와 사회 및 환경 상관을 분석하는 연구로 녹지 구성 변수는 있으나 지표온도나 열섬강도 등 도시 온열환경 지표를 결과로 사용하지 않아 포함 기준 미충족,배제
1401,10.1016/j.cities.2025.106006,"Wang, ZY|Shi, PJ|Shi, J|Zhang, XB|Liu, Y",2025,Research on the relationship between urban space and ecological environment evolution at the grid scale: a case study of Lanzhou City,N/A,,,,Y,N,N/A,N/A,배제
1402,10.24425/tkuia.2022.144844,"Dudzic-Gyurkovich, K|Poklewski-Koziell, D|Duarte, CM",2022,ACCESSIBILITY OF URBAN GREEN SPACES IN THE CITY: REVIEW OF SELECTED METHODOLOGIES FOR MEASURING ACCESSIBILITY INDICES,N/A,,,,N,N,열환경 지표 아님; 방법론 리뷰,도시와 UGS를 다루지만 결과변수는 접근성 지수이며 도시 온열환경 지표(열섬강도·지표온도·보행자 열쾌적성) 분석이 없음; 또한 문헌 리뷰 성격임,배제
1403,10.3390/plants14162457,"Sun, QY|Li, DC|Tang, XL|Ren, YJ",2025,"Vegetation-Specific Cooling Responses to Compact Urban Development: Evidence from a Landscape-Based Analysis in Nanjing, China",N/A,,,,Y,N,N/A,N/A,배제
1404,10.3390/land14081541,"Xuan, JN|Li, S|Huang, C|Zhang, XL|Mao, R",2025,"Spatiotemporal Dynamics of Heat-Related Health Risks of Elderly Citizens in Nanchang, China, Under Rapid Urbanization",N/A,,,,Y,N,N/A,N/A,배제
1405,10.3390/rs16183528,"Tai, ZG|Su, XK|Shen, WJ|Wang, TY|Gu, CF|He, JY|Huang, CQ",2024,"Identification of Spatial Distribution of Afforestation, Reforestation, and Deforestation and Their Impacts on Local Land Surface Temperature in Yangtze River Delta and Pearl River Delta Urban Agglomerations of China",N/A,,,,Y,N,N/A,N/A,배제
1406,10.1016/j.ecolind.2025.113489,"Liu, H|An, WY|Przybysz, A|Hao, DY|Sun, YM|Song, JZ|Sui, JY|Sun, JH|Zhu, CY",2025,Multivariate geostatistical methods for analysing the contribution of urban lakes and neighbouring greenery to mitigating PM2.5 under stressor indicators,N/A,,,,Y,N,N/A,N/A,배제
1407,10.3897/oneeco.6.e65706,"Schmidt, K|Walz, A",2021,"Ecosystem-based adaptation to climate change through residential urban green structures: co-benefits to thermal comfort, biodiversity, carbon storage and social interaction",N/A,,,,Y,N,N/A,N/A,배제
1408,10.5751/ES-13303-270320,"Treglia, ML|McPhearson, T|Sanderson, EW|Yetman, G|Maxwell, EN",2022,"Examining the distribution of green roofs in New York City through a lens of social, and filters",N/A,,,,Y,N,N/A,N/A,배제
1409,10.1016/j.jobe.2019.100735,"Tien, PW|Calautit, JK",2019,"Numerical analysis of the wind and thermal comfort in courtyards ""skycourts"" in high rise buildings",N/A,,,,Y,N,N/A,N/A,배제
1410,10.3390/su13116457,"Addas, A|Maghrabi, A",2021,Role of Urban Greening Strategies for Environmental Sustainability-A Review and Assessment in the Context of Saudi Arabian Megacities,N/A,,,,Y,N,N/A,N/A,배제
1411,10.1080/13549839.2019.1703661,"Oh, JI|Kim, H|Sohn, D",2020,"Minority neighbourhoods and availability of green amenities: empirical findings from Seoul, South Korea",N/A,,,,N,N,열환경 지표 아님,도시지역과 녹지 변수를 다루지만 결과변수가 지표온도나 열섬강도 등 도시 온열환경 지표가 아니므로 제외,배제
1412,10.1016/j.buildenv.2023.110759,"Liu, ZX|Cheng, KY|Sinsel, T|Simon, H|Jim, CY|Morakinyo, TE|He, YY|Yin, S|Ouyang, WL|Shi, Y|Ng, E",2023,Modeling microclimatic effects of trees and green roofs/façades in ENVI-met: Sensitivity tests and proposed model library,N/A,,,,N,Y,N/A,N/A,진행
1413,10.3390/su17104347,"Zhang, YY|Shi, G|Feng, ZY|Zheng, ET|Chen, C|Li, XY|Yu, DF|Zhang, YP",2025,Study on the Relationship Between 3D Landscape Patterns and Residents' Comfort in Urban Multi-Unit High-Rise Residential Areas: A Case Study of High-Density Inland City,N/A,,,,Y,N,N/A,N/A,배제
1414,10.3390/rs9080777,"Liu, YXY|Yang, YP|Jing, WL|Yao, L|Yue, XF|Zhao, XD",2017,A New Urban Index for Expressing Inner-City Patterns Based on MODIS LST and EVI Regulated DMSP/OLS NTL,N/A,,,,Y,N,N/A,N/A,배제
1415,10.1016/j.uclim.2023.101604,"Zhong, TH|Zhang, N|Wang, B|Ma, XX|Wang, YW|Chen, Y",2023,Observed neighborhood-scale meteorology and air quality characteristics in downtown area of Nanjing,N/A,,,,Y,N,N/A,N/A,배제
1416,10.1016/j.scs.2021.103099,"Liu, S|Zhao, J|Xu, MF|Ahmadian, E",2021,Effects of landscape patterns on the summer microclimate and human comfort in urban squares in China,N/A,,,,N,Y,N/A,N/A,진행
1417,10.1016/j.scitotenv.2023.161463,"Xiao, Y|Piao, Y|Pan, C|Lee, DK|Zhao, B",2023,"Using buffer analysis to determine urban park cooling intensity: Five estimation methods for Nanjing, China",N/A,,,,N,Y,N/A,N/A,진행
1418,10.1016/j.envint.2021.106441,"Pascal, M|Goria, S|Wagner, V|Sabastia, M|Guillet, A|Cordeau, E|Mauclair, C|Host, S",2021,Greening is a promising but likely insufficient adaptation strategy to limit the health impacts of extreme heat,N/A,,,,Y,N,N/A,N/A,배제
1419,10.1061/(ASCE)WR.1943-5452.0001593,"Marks, NK|Hosseiny, H|Bill, VP|Ahn, KL|Crimmins, MC|Kremer, P|Smith, VB",2022,"Spatial Integration of Urban Runoff Modeling, Heat, and Social Vulnerability for Blue-Green Infrastructure Planning and Management",N/A,,,,N,N,녹지변수부재;열지표결과변수아님;취약성매핑중심,도시대상이지만 표면온도와 유출을 결합한 취약성지수 및 핫스팟 매핑이 중심이며 녹지의 형태·구성 변수를 독립변수로 분석하지 않고 녹지와 열환경 간 정량적 관계를 다루지 않아 스코프에 부합하지 않음,배제
1420,10.3390/f9040224,"Rui, LY|Buccolieri, R|Gao, Z|Ding, WW|Shen, JL",2018,"The Impact of Green Space Layouts on Microclimate and Air Quality in Residential Districts of Nanjing, China",N/A,,,,Y,N,N/A,N/A,배제
1421,10.3390/f14122458,"Ren, F|Xu, JY|Wu, Y|Li, T|Li, MY",2023,"Analysis of Eco-Environmental Quality of an Urban Forest Park Using LTSS and Modified RSEI from 1990 to 2020-A Case Study of Zijin Mountain National Forest Park, Nanjing, China",N/A,,,,Y,N,N/A,N/A,배제
1422,10.2478/sjce-2023-0027,"Zatovicova, M|Majorosova, M",2023,The Use of Vertical Gardens as a Network of Urban Navigation Elements with a Positive Impact on Biodiversity and Microclimate in a Dense Urban Environment,N/A,,,,N,N,열환경지표 부재; 설계제안 중심,도시지역과 녹지형태 수직정원을 다루지만 열환경 결과 지표 지표온도 열섬강도 열쾌적성 등을 측정 또는 모델링하지 않고 잠재 부지 매핑과 설계 제안에 그쳐 결과변수 기준을 충족하지 않음,배제
1423,10.1016/j.buildenv.2024.112511,"Wei, S|He, ZC|Zhai, W|Zhao, CH|Li, YR",2025,How does vegetation influence surface temperature across various road types and urban morphology types?,N/A,,,,Y,N,N/A,N/A,배제
1424,10.1016/j.landurbplan.2022.104608,"Lachapelle, JA|Krayenhoff, ES|Middel, A|Coseo, P|Warland, J",2023,Paper Maximizing the pedestrian radiative cooling benefit per street tree,N/A,,,,Y,N,N/A,N/A,배제
1425,10.1080/13574809.2024.2314760,"Brandsma, S|Lenzholzer, S|Carsjens, GJ|Brown, RD|Tavares, S",2024,Implementation of urban climate-responsive design strategies: an international overview,N/A,,,,N,N,정책인터뷰연구;열환경지표없음;녹지형태변수아님,도시를 다루지만 기후대응 설계 구현과 정책을 인터뷰로 탐색한 질적 연구이며 녹지 형태나 구성 변수의 정량적 분석이 없고 도시 온열환경 지표 결과를 보고하지 않음,배제
1426,10.20315/ASetL.125.2,"Simcic, A|Pecan, P|Nastran, M|Kobal, M",2021,THE INFLUENCE OF LAND USE ON THE SPATIAL DISTRIBUTION AND INTENSITY OF HEAT ISLANDS IN SLOVENIA,N/A,,,,N,Y,N/A,N/A,진행
1427,10.1016/j.ecolind.2013.10.015,"Bergeron, A|Pellerin, S",2014,Pteridophytes as indicators of urban forest integrity,N/A,,,,Y,N,N/A,N/A,배제
1428,10.3389/fevo.2023.1221730,"Zaro, G|Blace, A|Perica, JB|Celhar, M|Pesic, FJ|Gusar, K",2023,"Fleeting fields of Zadar (Croatia): characterizing millennial-scale urban landcover change, green space, and resilience into the twenty first century",N/A,,,,Y,N,N/A,N/A,배제
1429,10.1127/0941-2948/2014/0571,"Wiesner, S|Eschenbach, A|Ament, F",2014,Urban air temperature anomalies and their relation to soil moisture observed in the city of Hamburg,N/A,,,,Y,N,N/A,N/A,배제
1430,10.1016/j.uclim.2025.102328,"Li, MQ|Wang, CX|Wu, YL|Santamouris, M|Lu, S",2025,Assessing spatial inequities of thermal environment and blue-green intervention for vulnerable populations in dense urban areas,N/A,,,,Y,N,N/A,N/A,배제
1431,10.1177/23998083221131572,"Tokuda, EK|de Arruda, HF|Domingues, GS|Costa, LD|Shibata, FA|Cesar-Jr, RM|Comin, CH",2023,Estimating the effects of urban green regions in terms of diffusion,N/A,,,,N,N,도시대상·녹지분포 다룸/열환경지표 부재(확산 시뮬레이션),도시와 녹지의 공간분포를 다루지만 결과가 컨볼루션 기반 ‘확산’ 시뮬레이션에 한정되어 지표면온도·열섬강도·열쾌적성 등 구체적 도시 온열환경 지표를 직접 산출·검증하지 않아 제외합니다.,배제
1432,10.1016/j.buildenv.2023.110035,"Luo, PY|Yu, BJ|Li, PF|Liang, PP|Liang, Y|Yang, LC",2023,"How 2D and 3D built environments impact urban surface temperature under extreme heat: A study in Chengdu, China",N/A,,,,N,Y,N/A,N/A,진행
1433,10.1007/s00468-021-02230-8,"Ribeiro, AP|Bollmann, HA|de Oliveira, A|Rakauskas, F|Cortese, TTP|Rodrigues, MSC|Quaresma, CC|Ferreira, ML",2023,The role of tree landscape to reduce effects of urban heat islands: a study in two Brazilian cities,N/A,,,,Y,N,N/A,N/A,배제
1434,10.1016/j.jenvman.2025.126163,"Lu, G|Zhang, GP|Liu, KL|Cheng, Z|Liu, HB",2025,Decision-making framework for green infrastructure practices based on the quantification of ecosystem services supply-flow-demand: A review,N/A,,,,N,N,도시열환경 지표 없음,"""도시 GI 전반의 ES 정량화 리뷰 및 의사결정 프레임워크로, 연구 주제가 녹지 형태/구성 변수-열환경 관계가 아니며 결과변수도 지표온도·열섬강도·보행자 열쾌적성 등 도시열지표를 다루지 않음""",배제
1435,10.1007/s40725-022-00178-7,"Frank, SD|Backe, KM",2023,Effects of Urban Heat Islands on Temperate Forest Trees and Arthropods,N/A,,,,N,N,생물반응 중심·열환경 지표 아님,도시열섬을 노출로 두고 숲의 나무와 절지동물의 성장 분포 해충밀도 등 생태 반응을 다룬 리뷰임. 결과변수는 생물 생태 지표이며 지표온도 열섬강도 보행자 열쾌적성 같은 도시 온열환경 지표가 아님. 녹지 형태나 구성 변수도 핵심 분석 대상이 아님.,배제
1436,10.3390/insects12020128,"Ayers, AC|Rehan, SM",2021,Supporting Bees in Cities: How Bees Are Influenced by Local and Landscape Features,N/A,,,,N,N,결과변수-열지표아님,도시 맥락과 녹지 특성을 다루지만 결과는 벌의 반응 등 생태지표이며 도시 온열환경 지표인 지표온도 열섬강도 열쾌적성을 다루지 않음,배제
1437,10.3390/atmos11090974,"Bochenek, AD|Klemm, K",2020,The Impact of Passive Green Technologies on the Microclimate of Historic Urban Structures: The Case Study of Lodz,N/A,,,,Y,N,N/A,N/A,배제
1438,10.1016/j.envres.2023.117605,"Cardinali, M|Beenackers, MA|van Timmeren, A|Pottgiesser, U",2024,The relation between proximity to and characteristics of green spaces to physical activity and health: A multi-dimensional sensitivity analysis in four European cities,N/A,,,,N,N,결과변수 부적합(도시열환경 아님),도시 지역과 녹지 특성은 다루지만 결과변수가 신체활동·자가보고 건강으로 한정되어 있으며 지표온도·열섬강도·보행자 열쾌적성 등 도시 온열환경 지표를 분석하지 않아 포함 기준에 부합하지 않음,배제
1439,10.3390/f13020335,"Lin, W|Zeng, CC|Nie, WB|Nan, XG|Shen, SS|Shi, Y|Yan, H|Yang, F|Wu, RW|Bao, ZY",2022,"Study of the Vertical Structures, Thermal Comfort, Negative Air Ions, and Human Physiological Stress of Forest Walking Spaces in Summer",N/A,,,,N,N,비도시자연림/도시대상아님/PET도시맥락부재,자연보호구 숲길 대상 연구로 도시지역이 아니며 비도시 환경임. 수직구조와 PET을 다루지만 도시 맥락의 녹지 구성 및 도시 온열환경 지표 평가가 아님,배제
1440,10.3390/su10072366,"Ranagalage, M|Estoque, RC|Handayani, HH|Zhang, XM|Morimoto, T|Tadono, T|Murayama, Y",2018,Relation between Urban Volume and Land Surface Temperature: A Comparative Study of Planned and Traditional Cities in Japan,N/A,,,,Y,N,N/A,N/A,배제
1441,10.1016/j.ecolind.2018.11.068,"Wu, SY|Li, SC",2019,Ecosystem service relationships: Formation and recommended approaches from a systematic review,N/A,,,,N,N,비도시·열환경지표없음,도시지역에 한정되지 않은 일반 생태계 서비스에 대한 체계적 고찰이며 녹지의 형태/구성 속성은 논의하지만 결과변수로 도시 열환경 지표(LST·UHI·열쾌적성 등)를 정량적으로 다루지 않음.,배제
1442,10.1016/j.ufug.2024.128322,"Cuchi, T|Bobrowski, R|Wezyk, P|Breunig, FM|Pesck, VA",2024,Contributions to a global understanding of socioenvironmental justice related to urban forest: Trends from Brazilian cities in the southeastern Parana State,N/A,,,,Y,N,N/A,N/A,배제
1443,10.1155/2019/3985715,"Cao, W|Huang, L|Liu, LL|Zhai, J|Wu, D",2019,Overestimating Impacts of Urbanization on Regional Temperatures in Developing Megacity: Beijing as an Example,N/A,,,,Y,N,N/A,N/A,배제
1444,10.3390/su16072957,"Xu, H|Zheng, GR|Lin, XY|Jin, YF",2024,Study on the Microclimatic Effects of Plant-Enclosure Conditions and Water-Green Space Ratio on Urban Waterfront Spaces in Summer,N/A,,,,N,Y,N/A,N/A,진행
1445,10.1007/s12145-023-01119-z,"Naseri, N|Mostafazadeh, R",2023,Spatial relationship of Remote Sensing Ecological Indicator (RSEI) and landscape metrics under urban development intensification,N/A,,,,Y,N,N/A,N/A,배제
1446,10.1016/j.dib.2025.111652,"Villacis-Ormaza, M",2025,"Dataset on the thermal performance of green roofs and green walls in a temperate continental climate: An experimental approach in Quito, Ecuador",N/A,,,,N,N,도시열환경지표아님/건물실내성능,그린루프·그린월 실험이지만 결과변수는 실내 온도·습도로 건물 성능에 초점이며 도시 스케일의 열섬강도·지표온도·보행자 열쾌적성 등 도시 온열환경 지표를 다루지 않아 포함 기준에 부합하지 않음,배제
1447,10.1155/2021/2793474,"Sun, LS|Wang, JN|Xie, ZW|Li, RR|Wu, XY|Wu, YF",2021,Evaluating the Street Greening with the Multiview Data Fusion,N/A,,,,Y,N,N/A,N/A,배제
1448,10.3390/su12155967,"Simperler, L|Ertl, T|Matzinger, A",2020,Spatial Compatibility of Implementing Nature-Based Solutions for Reducing Urban Heat Islands and Stormwater Pollution,N/A,,,,N,Y,N/A,N/A,진행
1449,10.3390/land14020284,"Koutsanitis, S|Sinou, M|Kanetaki, Z|Tousi, E|Varelidis, G",2025,Thermal Performance Investigation in Historical Urban Neighborhoods Using ENVI-Met Simulation Software,N/A,,,,Y,N,N/A,N/A,배제
1450,10.1016/j.enbuild.2023.112976,"He, BJ|Wang, W|Sharifi, A|Liu, X",2023,"Progress, knowledge gap and future directions of urban heat mitigation and adaptation research through a bibliometric review of history and evolution",N/A,,,,N,N,서지리뷰/녹지형태 비포함/결과지표 미제시,도시열 완화·적응 전반에 대한 서지계량적 리뷰로 도시지역은 맞으나 연구주제가 녹지 형태·구성 변수를 다룬 실증 분석이 아니며 도시 온열환경 지표를 결과로 한 분석을 제공하지 않음,배제
1451,10.3390/rs15205025,"Wang, YC|Zhang, Y|Ding, N",2023,Regulatory Effect Evaluation of Warming and Cooling Factors on Urban Land Surface Temperature Based on Multi-Source Satellite Data,N/A,,,,Y,N,N/A,N/A,배제
1452,10.3390/su10093189,"Jiang, YF|Song, DR|Shi, TM|Han, XM",2018,Adaptive Analysis of Green Space Network Planning for the Cooling Effect of Residential Blocks in Summer: A Case Study in Shanghai,N/A,,,,Y,N,N/A,N/A,배제
1453,10.1002/eco.2431,"Chen, H|Huang, JJ|McBean, E|Dash, SS|Li, H|Zhang, JW|Lan, ZQ|Gao, JJ|Zhou, ZQ",2022,Evapotranspiration partitioning based on field-stable oxygen isotope observations for an urban locust forest land,N/A,,,,Y,N,N/A,N/A,배제
1454,10.3390/su16229801,"Varsak, NA|Altay, EE",2024,Thermal Comfort and Green Spaces: The Role of Temperature-Regulating Elements in Neighborhood Parks,N/A,,,,Y,N,N/A,N/A,배제
1455,10.1016/S1001-0742(11)60805-X,"Chen, LF|Peng, SL|Liu, JG|Hou, QQ",2012,"Dry deposition velocity of total suspended particles and meteorological influence in four locations in Guangzhou, China",N/A,,,,Y,N,N/A,N/A,배제
1456,10.3390/buildings15132261,"Zhou, HS|Wang, RC|Hou, H|Xie, B|Hu, TA",2025,Optimizing Urban Thermal Environments Through 2D/3D Landscape Pattern Analysis: A Machine Learning-Driven Approach for the Yangtze River Delta Urban Agglomeration,N/A,,,,Y,N,N/A,N/A,배제
1457,10.1016/j.uclim.2025.102376,"Wu, YH|Mashhoodi, B|Patuano, A",2025,Effective street tree and grass designs to cool European neighbourhoods,N/A,,,,N,Y,N/A,N/A,진행
1458,10.1007/s11355-023-00543-z,"Kim, YJ|Park, C|Lee, DK|Park, TY",2023,Connecting public health with urban planning: allocating walkable cooling shelters considering older people,N/A,,,,Y,N,N/A,N/A,배제
1459,10.1016/j.scitotenv.2021.149735,"Shen, ZC|Xu, XL|Xu, SW|Sun, DW",2022,A comparative study of land development patterns and regional thermal environments (RTEs) in typical urban agglomerations of China and America: A case study of Beijing-Tianjin-Hebei (BTH) and Boswash,N/A,,,,Y,N,N/A,N/A,배제
1460,10.1144/qjegh2015-077,"Busby, J",2015,UK shallow ground temperatures for ground coupled heat exchangers,N/A,,,,Y,N,N/A,N/A,배제
1461,10.1016/j.ufug.2021.127393,"Qin, HQ|Cheng, XX|Han, GF|Wang, YX|Deng, JF|Yang, YCA",2021,"How thermal conditions affect the spatial-temporal distribution of visitors in urban parks: A case study in Chongqing, China",N/A,,,,Y,N,N/A,N/A,배제
1462,10.1016/j.scs.2025.106541,"Kotharkar, R|Vidyasagar, A",2025,Cooling efficacy assessment of urban green spaces using machine learning-based multivariate landscape analysis,N/A,,,,Y,N,N/A,N/A,배제
1463,10.3390/su12083186,"Lai, S|Leone, F|Zoppi, C",2020,"Spatial Distribution of Surface Temperature and Land Cover: A Study Concerning Sardinia, Italy",N/A,,,,N,N,도시지역 아님; 지역(섬) 규모; 도시 한정 연구 미충족,사르데냐 섬 전체를 대상으로 토지피복과 LST를 분석해 도시화·농경지·산림 등 광역 토지이용을 비교함; 결과변수는 LST이고 녹지 변수도 있으나 연구대상이 특정 도시지역이 아니어서 도시지역 기준을 충족하지 않음,배제
1464,10.1016/j.scs.2021.103184,"Cruz, JA|Blanco, AC|Garcia, JJ|Santos, JA|Moscoso, AD",2021,"Evaluation of the cooling effect of green and blue spaces on urban microclimate through numerical simulation: A case study of Iloilo River Esplanade, Philippines",N/A,,,,Y,N,N/A,N/A,배제
1465,10.1088/1748-9326/ab3b99,"Chakraborty, T|Hsu, A|Manya, D|Sheriff, G",2019,Disproportionately higher exposure to urban heat in lower-income neighborhoods: a multi-city perspective,N/A,,,,N,Y,N/A,N/A,진행
1466,10.1016/j.uclim.2025.102311,"Giraldo-Charria, DL|Escobedo, FJ|Clerici, N|Quesada, B",2025,Urban forests mitigate extreme heat exposure in a vulnerable tropical city,N/A,,,,Y,N,N/A,N/A,배제
1467,10.1016/j.enbuild.2015.12.023,"Calcerano, F|Martinelli, L",2016,Numerical optimisation through dynamic simulation of the position of trees around a stand-alone building to reduce cooling energy consumption,N/A,,,,N,N,도시온열지표아님-건물냉방에너지,도시 맥락에서 나무 배치를 최적화하지만 결과변수가 건물 냉방 에너지 소비로서 도시 온열환경 지표인 기온 혹은 표면온도 혹은 보행자 열쾌적을 평가하지 않아 제외,배제
1468,10.1016/j.uclim.2023.101743,"Kucera, D|Jenerette, GD",2023,"Urban greenness and its cooling effects are influenced by changes in drought, physiography, and socio-demographics in Los Angeles, CA",N/A,,,,Y,N,N/A,N/A,배제
1469,10.3390/su16020792,"Hadba, L|Di Bitonto, MG|Oliveira, M|Mendonça, P|Zanelli, A|Silva, LT",2024,A Nature-Inspired Green-Blue Solution: Incorporating a Fog Harvesting Technique into Urban Green Wall Design,N/A,,,,N,Y,N/A,N/A,진행
1470,10.1016/j.landurbplan.2023.104713,"Lehnert, M|Pánek, J|Kopp, J|Geletic, J|Kvetonová, V|Jurek, M",2023,Thermal comfort in urban areas on hot summer days and its improvement through participatory mapping: A case study of two Central European cities,N/A,,,,N,N,인지지도/선호조사;객관지표없음;녹지구성분석아님,도시 대상이지만 시민의 주관적 열쾌적 인식과 선호를 수집하는 참여형 매핑 연구로서 녹지 형태·구성 변수를 정량 분석하지 않고 객관적 온열환경 지표를 사용하지 않음,배제
1471,10.1890/13-1961.1,"Dale, AG|Frank, SD",2014,Urban warming trumps natural enemy regulation of herbivorous pests,N/A,,,,Y,N,N/A,N/A,배제
1472,10.1016/j.envres.2025.121782,"Khomenko, S|Burov, A|Dzhambov, AM|de Hoogh, K|Helbich, M|Mijling, B|Hlebarov, I|Popov, I|Dimitrova, D|Dimitrova, R|Markevych, I|Germanova, N|Brezov, D|Iungman, T|Montana, F|Chen, X|Gehring, U|Khreis, H|Mueller, N|Zapata-Diomedi, B|Zhang, JW|Nieuwenhuijsen, M",2025,"Health burden and inequities of urban environmental stressors in Sofia, Bulgaria",N/A,,,,Y,N,N/A,N/A,배제
1473,10.1016/j.scs.2024.105232,"Rouhollahi, M|Behrend, M|Boland, J",2024,Optimising tree arrangement policy in Australian small-scale residential settings,N/A,,,,N,N,온열지표 부재,도시 주거지역에서 나무 배치 정책과 구성 변수를 다루지만 결과는 정책 가이드와 에너지 효율 및 수관 목표 제시에 그치며 지표온도 열섬 열쾌적성 등 도시 온열환경 지표를 측정 또는 모델링한 근거가 초록에 없음,배제
1474,10.3389/fpubh.2023.1310410,"Yang, Y|Zhang, YX|Sheng, SJ",2023,Residential greenness for mitigating impacts of extreme heat events on depression and supporting mental health,N/A,,,,N,N,결과변수-정신건강/도시열지표부재/문헌고찰,도시 맥락의 주거 녹지를 다루지만 결과변수가 우울 등 정신건강이며 표면온도·열섬강도·보행자 열쾌적성 등 도시 온열환경 지표를 직접 측정·분석하지 않은 문헌고찰로서 포함 기준에 부합하지 않음.,배제
1475,10.1016/j.landurbplan.2013.11.003,"Ketterer, C|Matzarakis, A",2014,"Human-biometeorological assessment of heat stress reduction by replanning measures in Stuttgart, Germany",N/A,,,,Y,N,N/A,N/A,배제
1476,10.3390/su17083655,"Tian, HL|Chen, S|Zhang, GQ|Hu, C|Zhang, WY|Feng, JP|Hong, T|Yu, H",2025,Research on Microclimate Influencing Factors and Thermal Comfort Improvement Strategies in Old Residential Areas in the Post-Urbanization Stage,N/A,,,,Y,N,N/A,N/A,배제
1477,10.1016/j.ufug.2023.128157,"Galalizadeh, S|Morrison-Saunders, A|Horwitz, P|Silberstein, R|Blake, D",2024,The cooling impact of urban greening: A systematic review of methodologies and data sources,N/A,,,,N,Y,N/A,N/A,진행
1478,10.1016/j.scs.2017.04.017,"Lu, J|Li, QS|Zeng, LY|Chen, J|Liu, GX|Li, YC|Li, WY|Huang, KL",2017,A micro-climatic study on cooling effect of an urban park in a hot and humid climate,N/A,,,,Y,N,N/A,N/A,배제
1479,10.3390/ijgi11050278,"Ren, ZQ|Li, Z|Wu, F|Ma, HQ|Xu, ZJ|Jiang, W|Wang, SH|Yang, J",2022,"Spatiotemporal Evolution of the Urban Thermal Environment Effect and Its Influencing Factors: A Case Study of Beijing, China",N/A,,,,N,Y,N/A,N/A,진행
1480,10.3390/rs10111814,"Zuo, SD|Dai, SQ|Song, XD|Xu, CD|Liao, YL|Chang, WY|Chen, Q|Li, YY|Tang, JF|Man, W|Ren, Y",2018,"Determining the Mechanisms that Influence the Surface Temperature of Urban Forest Canopies by Combining Remote Sensing Methods, Ground Observations, and Spatial Statistical Models",N/A,,,,Y,N,N/A,N/A,배제
1481,10.1016/j.landurbplan.2015.12.002,"Lanza, K|Stone, B",2016,Climate adaptation in cities: What trees are suitable for urban heat management?,N/A,,,,Y,N,N/A,N/A,배제
1482,10.1016/j.watres.2022.118109,"Moravej, M|Renouf, MA|Kenway, S|Urich, C",2022,What roles do architectural design and on-site water servicing technologies play in the water performance of residential infill?,N/A,,,,Y,N,N/A,N/A,배제
1483,10.3389/fpubh.2022.898136,"Han, SY|Ye, Y|Song, YF|Yan, SR|Shi, F|Zhang, YH|Liu, XD|Du, H|Song, DX",2022,A Systematic Review of Objective Factors Influencing Behavior in Public Open Spaces,N/A,,,,N,N,행동 중심 리뷰 온열지표 및 녹지구성 아님,공공개방공간의 행동과 환경 요인에 대한 체계적 문헌고찰로 도시 녹지 형태나 구성 변수를 주제로 하지 않으며 결과변수도 LST UHI 보행자 열쾌적성 등 온열지표가 아님,배제
1484,10.3390/buildings12111867,"Yang, JH|Zhao, Y|Zou, YK|Xia, DW|Lou, SW|Liu, W|Ji, KF",2022,Effects of Tree Species and Layout on the Outdoor Thermal Environment of Squares in Hot-Humid Areas of China,N/A,,,,N,Y,N/A,N/A,진행
1485,10.1016/j.buildenv.2021.108131,"Hassan, AM|Megahed, NA",2021,COVID-19 and urban spaces: A new integrated CFD approach for public health opportunities,N/A,,,,N,N,녹지 비포함·열환경 지표 아님,도시 공공공간을 다루지만 주제는 좌석 배치와 비말 확산 CFD이며 녹지 형태 또는 구성 변수를 다루지 않음 결과변수도 공기속도·비말 크기·침착률로 열환경 지표가 아님,배제
1486,10.3390/atmos14111652,"Zhang, XY|Ye, RH|Fu, XY",2023,Assessment of Urban Local High-Temperature Disaster Risk and the Spatially Heterogeneous Impacts of Blue-Green Space,N/A,,,,N,Y,N/A,N/A,진행
1487,10.1016/j.jclepro.2023.138541,"Pande, CB|Moharir, KN|Varade, AM|Abdo, HG|Mulla, S|Yaseen, ZM",2023,"Intertwined impacts of urbanization and land cover change on urban climate and agriculture in Aurangabad city (MS), India using google earth engine platform",N/A,,,,N,Y,N/A,N/A,진행
1488,10.3390/environments12020067,"Rahimi, E|Dong, PL|Jung, CL",2025,Global NDVI-LST Correlation: Temporal and Spatial Patterns from 2000 to 2024,N/A,,,,N,N,비도시 전지구 연구·도시초점 부재,연구대상이 전지구 생태계로서 도시지역 특화 연구가 아니며 녹지 형태나 구성 변수를 다루지 않고 결과변수인 LST도 도시 열환경 맥락에서 분석되지 않아 제외,배제
1489,10.1186/s40201-015-0195-x,"Yan, H|Dong, L",2015,"The impacts of land cover types on urban outdoor thermal environment: the case of Beijing, China",N/A,,,,Y,N,N/A,N/A,배제
1490,10.3390/land14030620,"Cotlier, GI|Jimenez, JC|Sobrino, JA",2025,Turbulence Theory for the Characterization of the Surface Urban Heat Island Signature,N/A,,,,Y,N,N/A,N/A,배제
1491,10.3390/atmos12111370,"Dimitrov, S|Popov, A|Iliev, M",2021,"An Application of the LCZ Approach in Surface Urban Heat Island Mapping in Sofia, Bulgaria",N/A,,,,N,Y,N/A,N/A,진행
1492,10.5194/gmd-10-385-2017,"Redon, EC|Lemonsu, A|Masson, V|Morille, B|Musy, M",2017,Implementation of street trees within the solar radiative exchange parameterization of TEB in SURFEX v8.0,N/A,,,,N,Y,N/A,N/A,진행
1493,10.1016/j.envint.2019.105132,"Mueller, N|Rojas-Rueda, D|Khreis, H|Cirach, M|Andrés, D|Ballester, J|Bartoll, X|Daher, C|Deluca, A|Echave, C|Milà, C|Márquez, S|Palou, J|Pérez, K|Tonne, C|Stevenson, M|Rueda, S|Nieuwenhuijsen, M",2020,Changing the urban design of cities for health: The superblock model,N/A,,,,Y,N,N/A,N/A,배제
1494,10.1016/j.enbuild.2022.111962,"Rouhollahi, M|Whaley, D|Byrne, J|Boland, J",2022,Potential residential tree arrangement to optimise dwelling energy efficiency,N/A,,,,Y,N,N/A,N/A,배제
1495,10.1007/s10584-019-02459-w,"Lapola, DM|Braga, DR|Di Giulio, GM|Torres, RR|Vasconcellos, MP",2019,Heat stress vulnerability and risk at the (super) local scale in six Brazilian capitals,N/A,,,,N,N,녹지변수부재,도시지역과 열환경지표(표면온도·열위험)는 다루지만 녹지 형태/구성 변수는 분석하지 않아 포함 기준에 부합하지 않음,배제
1496,10.36253/ijam-1071,"Farashi, A|Karimian, Z",2021,Predicting the potential habitat of Russian-Olive (Elaeagnus angustifolia) in urban landscapes,N/A,,,,N,N,도시열지표없음;도시한정아님,도시 조경과 녹지 활용을 언급하지만 연구는 러시안올리브 잠재 서식지 분포 예측과 제한 요인 평가가 목적이며 결과변수는 서식지 적합성이지 지표온도 열섬강도 보행자 열쾌적성 등 도시 온열환경 지표가 아님 또한 분석 범위가 국가 규모로 도시지역에 국한되지 않음,배제
1497,10.1016/j.uclim.2024.101900,"Jiang, YF|Li, CJ|Li, XL|Li, XH|Song, T|Liu, YQ",2024,Exploring the adaptive spatial patterns and impact factors for the cooling effect of park green spaces in riverfront area,N/A,,,,Y,N,N/A,N/A,배제
1498,10.1016/j.buildenv.2025.112622,"Chen, JF|Shi, XM|Shi, YY|Delina, LL",2025,Assessing heat vulnerability risk of Jinan and Guangzhou's older populations based on multisource remote sensing data,N/A,,,,Y,N,N/A,N/A,배제
1499,10.3390/rs70912135,"Zhao, QS|Myint, SW|Wentz, EA|Fan, C",2015,Rooftop Surface Temperature Analysis in an Urban Residential Environment,N/A,,,,N,Y,N/A,N/A,진행
1500,10.1016/j.ecolind.2014.02.036,"Lehmann, I|Mathey, J|Rössler, S|Bräuer, A|Goldberg, V",2014,Urban vegetation structure types as a methodological approach for identifying ecosystem services - Application to the analysis of micro-climatic effects,N/A,,,,N,Y,N/A,N/A,진행
1501,10.1016/j.buildenv.2022.109470,"Yan, JR|Zhao, LH|Zhang, Y|Zhang, L",2022,Wind tunnel study on convective heat transfer performance of vegetation canopies with different structures,N/A,,,,N,N,온열지표 아님; 풍동실험; 모델링 중심,도시 식생을 다루지만 주요 결과변수가 수관 대류 열전달계수(hc)로 도시 온열환경 지표(예: 표면온도·열섬강도·보행자 열쾌적성 등)를 직접 산출/평가하지 않았으며 인공 수관 풍동실험과 모델 제안에 집중함,배제
1502,10.1186/s12940-016-0103-6,"Salmond, JA|Tadaki, M|Vardoulakis, S|Arbuthnott, K|Coutts, A|Demuzere, M|Dirks, KN|Heaviside, C|Lim, S|Macintyre, H|McInnes, RN|Wheeler, BW",2016,Health and climate related ecosystem services provided by street trees in the urban environment,N/A,,,,N,N,리뷰 논문·열환경 지표 부재·다주제,도시 가로수를 다루지만 리뷰 성격으로 기온·지표온도·열섬강도·보행자 열쾌적성 등 도시 온열환경 지표를 직접·정량적으로 결과로 제시하지 않고 공기질·문화서비스 등 다주제를 포괄하여 본 스코프와 불일치,배제
1503,10.3390/buildings14010250,"Saroglou, ST|Selvan, SU|Windorfer, L|Weisser, WW|Joschinski, J|Hauck, TE|Perini, K|Mosca, F|Grobman, YJ|Barath, S",2024,Utilizing Design Objectives and Key Performance Indicators as a Means for Multi-Species Building Envelopes,N/A,,,,N,N,도시대상아님; 녹지구성변수아님; 도시온열지표아님,건물 외피의 다종 공존 설계를 위한 개념적 KPI 프레임워크 제안으로 연구 대상이 도시지역으로 특정되지 않음; 녹지 형태나 구성 변수 중심의 연구가 아님; 결과변수도 지표온도 열섬강도 보행자 열쾌적성 등 도시 온열환경 지표가 아님,배제
1504,10.1016/j.uclim.2025.102601,"Park, BJ|Kim, S|Lee, JH|Hwang, H|Lee, DK",2025,Analyzing residents' preferences for urban heatwave-adaptation facilities and associated demographic characteristics using a discrete choice experiment,N/A,,,,N,N,결과변수비적합 선호도연구,도시 맥락이지만 연구는 주민 선호와 인식에 대한 이산선택실험이며 녹지 형태 또는 구성의 물리적 영향 분석이 아니고 결과변수도 온열환경 지표가 아니라 선호도임,배제
1505,10.1016/j.jclepro.2023.140097,"Wang, AJ|Ren, C|Wang, JQ|Feng, ZB|Kumar, P|Haghighat, F|Cao, SJ",2024,Health assessment and mitigating solutions to heat-pollution induced by urban traffic,N/A,,,,Y,N,N/A,N/A,배제
1506,10.1016/j.landurbplan.2012.01.004,"Tang, JM|Chen, F|Schwartz, SS",2012,Assessing spatiotemporal variations of greenness in the Baltimore-Washington corridor area,N/A,,,,N,N,열지표없음/녹지패턴만,도시지역을 대상으로 녹지 구성과 변화를 원격탐사로 분석하였으나 지표온도나 열섬강도 등 도시 온열환경 지표를 결과로 다루지 않아 제외,배제
1507,10.3390/su12177204,"Li, J|Pan, Q|Peng, Y|Feng, T|Liu, SB|Cai, XX|Zhong, CX|Yin, YC|Lai, WB",2020,Perceived Quality of Urban Wetland Parks: A Second-Order Factor Structure Equation Modeling,N/A,,,,N,N,열환경지표아님/인지적품질,도시 습지공원을 다루지만 결과변수는 이용자 인지적 품질과 만족도로서 도시 온열환경 지표나 보행자 열쾌적성을 측정하지 않아 제외,배제
1508,10.3389/fevo.2024.1271182,"Kalaidjian, E|Kurth, M|Kucharski, J|Galaitsi, S|Yeates, E",2024,Human well-being and natural infrastructure: assessing opportunities for equitable project planning and implementation,N/A,,,,N,N,비열환경지표/비도시특정/웰빙프레임워크,자연기반 인프라의 웰빙 혜택 회계·공정성 프레임워크 제시로 도시지역에 국한되지 않고 녹지 형태/구성을 다루지 않으며 결과도 도시 온열환경 지표가 아님.,배제
1509,10.1109/JSTARS.2024.3397722,"Liu, T|Liu, XP|Cai, YT",2024,Urban Trees Expansion and Exposure Improvement in China: Insights From Satellite Observations (1985-2023),N/A,,,,Y,N,N/A,N/A,배제
1510,10.3390/urbansci9090361,"Moncada-Morales, GA|Verichev, K|López-Guerrero, RE|Carpio, M",2025,A Global Review of Vegetation's Interaction Effect on Urban Heat Mitigation Across Different Climates,N/A,,,,N,Y,N/A,N/A,진행
1511,10.1016/j.solener.2017.01.023,"Jamei, E|Rajagopalan, P",2017,Urban development and pedestrian thermal comfort in Melbourne,N/A,,,,N,Y,N/A,N/A,진행
1512,10.1016/j.envint.2023.107970,"Badaloni, C|De Sario, M|Caranci, N|de Donato, F|Bolignano, A|Davoli, M|Leccese, L|Michelozzi, P|Leone, M",2023,A spatial indicator of environmental and climatic vulnerability in Rome,N/A,,,,Y,N,N/A,N/A,배제
1513,10.1007/s41651-023-00155-z,"Tabassum, A|Basak, R|Shao, WY|Haque, MM|Chowdhury, TA|Dey, H",2023,Exploring the Relationship Between Land Use Land Cover and Land Surface Temperature: a Case Study in Bangladesh and the Policy Implications for the Global South,N/A,,,,Y,N,N/A,N/A,배제
1514,10.1007/s10661-020-8184-7,"Jana, C|Mandal, D|Sekhar, S|Shrimali|Alam, NM|Kumar, R|Sena, DR|Kaushal, R",2020,"Assessment of urban growth effects on green space and surface temperature in Doon Valley, Uttarakhand, India",N/A,,,,Y,N,N/A,N/A,배제
1515,10.1016/j.jclepro.2024.143077,"Liou, YA|Nguyen, QV|Nguyen, KA|Vo, TH",2024,Human-greenspace interactions with outdoor air: Landscape metric and PLS-SEM approach,N/A,,,,N,N,도시대상 불명; 대기오염 중심; 온열지표 부차적,연구범위가 대만 전역의 측정소 주변으로 도시지역에 한정되지 않음; 녹지 형태는 다루지만 주요 결과는 입자 및 기체 오염과 오존 등 대기오염 지표이며 온열환경 지표는 핵심이 아님; 표면온도 열섬 강도 보행자 열쾌적성 등은 분석하지 않음,배제
1516,10.1016/j.scs.2025.106531,"Barui, J|Das, S|Shib, S|Mondal, S|Saha, UD|Mitra, D|Bagchi, E|Kar, J|Prokop, P|Saha, O|Mukhopadhyay, U",2025,Intensification of land surface temperature and its seasonal variation in rapidly growing municipalities of Kolkata metropolitan area,N/A,,,,Y,N,N/A,N/A,배제
1517,10.3390/su13031511,"Saverino, KC|Routman, E|Lookingbill, TR|Eanes, AM|Hoffman, JS|Bao, R",2021,"Thermal Inequity in Richmond, VA: The Effect of an Unjust Evolution of the Urban Landscape on Urban Heat Islands",N/A,,,,Y,N,N/A,N/A,배제
1518,10.1371/journal.pone.0011061,"Bang, C|Sabo, JL|Faeth, SH",2010,Reduced Wind Speed Improves Plant Growth in a Desert City,N/A,,,,N,N,주제불일치 풍속-생산성; 온열지표 없음,도시 연구이지만 독립변수가 녹지 형태나 구성 변수가 아니고 결과변수도 지표온도 열섬강도 보행자 열쾌적성 등 도시 온열환경 지표가 아님,배제
1519,10.3390/ijgi13060190,"Wang, L|Zhang, LH|He, J",2024,"Analysing the Spatio-Temporal Variations of Urban Street Summer Solar Radiation through Historical Street View Images: A Case Study of Shanghai, China",N/A,,,,N,N,녹지변수부재/일사량중심,도시 대상이지만 녹지 형태·구성 변수를 다루지 않고 도심거리 등의 공간요인에 따른 일사량만 분석하며 열환경 지표(예: LST·열섬강도·보행자 열쾌적성) 직접 평가가 아니어서 제외,배제
1520,10.1007/s11442-021-1895-z,"Chen, MX|Xian, Y|Wang, PL|Ding, ZJ",2021,Climate change and multi-dimensional sustainable urbanization,N/A,,,,N,N,녹지변수아님/열환경지표아님/종설,도시화를 다루지만 녹지 형태나 구성 변수를 다루지 않으며 도시 열환경 지표를 결과로 분석하지 않는 개념적 종설임,배제
1521,10.1016/j.ufug.2019.126398,"Ramyar, R|Ramyar, A|Kialashaki, Y|Bryant, M|Ramyar, H",2019,Exploring reconfiguration scenarios of high-density urban neighborhoods on urban temperature-The case of Tehran (Iran),N/A,,,,N,Y,N/A,N/A,진행
1522,10.1080/13504509.2025.2460009,"Liu, C|Wu, W|Ouyang, JY|Yan, JS|Tang, LN",2025,Urban green spaces as regulators of thermal comfort for different age groups in the context of heat waves,N/A,,,,Y,N,N/A,N/A,배제
1523,10.3390/ijerph19010183,"Shan, ZR|An, YH|Xu, LE|Yuan, M",2022,"High-Temperature Disaster Risk Assessment for Urban Communities: A Case Study in Wuhan, China",N/A,,,,N,N,도시지역-예;녹지변수-부재;결과-리스크지수,도시 커뮤니티를 다루지만 녹지 형태/구성 변수가 핵심 독립변수로 명시되지 않았고 결과도 지표온도·UHI·열쾌적성 등 직접적 온열지표가 아닌 취약성·노출을 포함한 고온 재해 리스크 지수이므로 제외.,배제
1524,10.3390/su17051774,"Wang, M|Xu, HY|Zhao, JY|Sun, CH|Liu, YQ|Li, JJ",2025,The Carbon Sequestration Potential of Skyscraper Greenery: A Bibliometric Review (2003-2023),N/A,,,,N,N,문헌계량리뷰; 탄소격리 중심; 도시열지표 부재,도시 수직녹화를 다루지만 문헌계량 리뷰로서 1차 데이터의 도시 온열환경 지표를 정량 분석하지 않으며 주요 결과변수가 탄소격리에 집중되어 스크리닝 기준의 열환경 지표 포함 요건을 충족하지 않음,배제
1525,10.3390/land14091717,"Huang, X|Hou, LZ|Guan, SX|Li, HP|Sándor, J|Albert, F|Krisztina, FK|Li, HW",2025,Research on the Spatio-Temporal Differentiation of Environmental Heat Exposure in the Main Urban Area of Zhengzhou Based on LCZ and the Cooling Potential of Green Infrastructure,N/A,,,,Y,N,N/A,N/A,배제
1526,10.1016/j.scs.2025.106621,"Han, DL|Wang, MQ|Zhang, TT|Zhang, XD|Liu, J|Tan, YF",2025,"Sustainable urban greening in cold cities: A multi-objective framework for energy savings, emission reduction, and cost optimization",N/A,,,,N,N,도시열지표 부재·에너지/탄소/비용 중심,도시지역과 녹지 변수(GCR)는 다루지만 주요 결과가 에너지 절감과 탄소 저감과 비용 최적화에 집중되어 있으며 지표온도나 열섬강도나 보행자 열쾌적성 등 도시 온열환경 지표를 직접 보고하지 않음,배제
1527,10.15302/J-LAF-1-020084,"van der Velde, R|de Wit, S|Pouderoijen, M",2023,Cool Tree Architecture: A Descriptive Framework for a Tree Architecture Typology to Temper Urban,N/A,,,,N,N,온열지표결과부재-개념틀제안,도시와 녹지형태를 다루지만 C-TAT 등 개념적 분류 틀 제시에 집중하며 실제 도시 온열환경 지표(지표온도·UHI·열쾌적성 등)를 측정·모델링한 결과를 보고하지 않음,배제
1528,10.1016/j.buildenv.2020.106682,"Deng, J|Pickles, BJ|Smith, ST|Shao, L",2020,Infrared radiative performance of urban trees: spatial distribution and interspecific comparison among ten species in the UK by in-situ spectroscopy,N/A,,,,N,N,열환경 지표 부재(방사 특성만),도시 수목을 다루지만 결과변수가 트리 크라운 IR transflectance 등 방사 특성에 한정되어 있으며 지표온도 열섬강도 보행자 열쾌적성 MRT UTCI 등 도시 온열환경 지표를 직접 산출하지 않음,배제
1529,10.1016/j.buildenv.2025.113408,"Zhang, X|Ren, P|Yao, LY|Li, Q|Zhong, X|Liu, KX|Guo, TY|Yang, JH|Zhao, LH|Pauleit, S|Rahman, MA",2025,Investigating tree shading and thermal variations in a subtropical zone: Single Tree to Urban Squares,N/A,,,,N,Y,N/A,N/A,진행
1530,10.1038/s41893-025-01547-3,"Gillerot, L|Landuyt, D|Bourdin, A|Rozario, K|Shaw, T|Steinparzer, M|Stojek, K|Vanroy, T|Romero, AGC|Müller, S|Oh, RRY|Pross, T|Bonal, D|Bonn, A|Bruelheide, H|Godbold, D|Haluza, D|Jactel, H|Jaroszewicz, B|Kilpi, K|Marselle, MR|Ponette, Q|Scherer-Lorenzen, M|De Frenne, P|Muys, B|Verheyen, K",2025,Forest biodiversity and structure modulate human health benefits and risks,N/A,,,,N,N,비도시 산림; 도시열지표 아님,도시지역 대상 아님. 산림 전반의 생물다양성과 구조가 건강에 미치는 경로 평가. 열적 쾌적성은 포함되지만 도시 온열환경 지표나 도시 맥락이 아님.,배제
1531,10.1007/s11356-023-30119-1,"Zheng, DY|Huang, XJ|Qi, MY|Zhao, X|Zhang, YX|Yang, MH",2023,"Impact of built environment on urban surface temperature based on multi-source data at the community level in Beilin District, Xi'an, China",N/A,,,,Y,N,N/A,N/A,배제
1532,10.1016/j.ufug.2023.128039,"Fenoglio, MS|González, E|Tavella, J|Beccacecea, H|Moreno, ML|Fabian, D|Salvo, A|Estallo, EL|Calviño, A",2023,Native plants on experimental urban green roofs support higher community-level insect abundance than exotics,N/A,,,,Y,N,N/A,N/A,배제
1533,10.1016/j.ufug.2018.11.010,"Kolosna, C|Spurlock, D",2019,Uniting geospatial assessment of neighborhood urban tree canopy with plan and ordinance evaluation for environmental justice,N/A,,,,N,N,열환경지표부재,도시지역에서 도시수관과 정책을 다루지만 열환경 지표 지표온도 열섬 열쾌적성 등을 결과변수로 분석하지 않아 제외,배제
1534,10.1007/s40725-024-00213-9,"Wang, C|Jin, JL|Davies, C|Chen, WY",2024,Urban Forests as Nature-Based Solutions: a Comprehensive Overview of the National Forest City Action in China,N/A,,,,N,N,열환경지표 부재·정책리뷰,도시지역과 도시숲을 다루지만 정책·평가 개관 중심의 리뷰로서 도시 온열환경 지표를 결과변수로 분석하거나 보고하지 않아 포함 기준 미충족,배제
1535,10.1002/ecy.4449,"Youngsteadt, E|Prado, SG|Aquino, AKD|Valdeiglesias, JP|Ojeda, TG|Quispe, JSG",2024,Urbanization drives partner switching and loss of mutualism in an ant-plant symbiosis,N/A,,,,Y,N,N/A,N/A,배제
1536,10.1016/j.gecco.2022.e02055,"Zheng, JM|Tarin, MWK|Chen, GJ|Zhang, Q|Deng, CY",2022,"The characteristics of plant clusters influence on the cooling effect: A case study in a subtropical Island Park, China",N/A,,,,N,Y,N/A,N/A,진행
1537,10.1016/j.ufug.2021.127410,"Araújo, HCD|Martins, FS|Cortese, TTP|Locosselli, GM",2021,Artificial intelligence in urban forestry-A systematic review,N/A,,,,N,N,열환경 지표 없음,도시지역 및 녹지 주제이지만 AI-도시산림 전반 리뷰로서 지표온도/UHI/보행자 열쾌적성 등 도시 열환경 지표를 결과로 다루지 않음,배제
1538,10.1057/s41289-017-0049-5,"Xue, F|Gou, ZH|Lau, S",2017,The green open space development model and associated use behaviors in dense urban settings: Lessons from Hong Kong and Singapore,N/A,,,,Y,N,N/A,N/A,배제
1539,10.1007/s00484-025-02952-1,"Martinez, GS|Camarasa, C|Kazanci, OB",2025,"People-centered cooling: protecting health against hazardous heat, from the person to the planet",N/A,,,,N,N,주제비적합-도시녹지변수·열지표없음,도시 수준이 언급되나 전반적 개념틀로 특정 도시지역 연구 아님; 녹지 형태·구성 변수 미포함; 도시 온열환경 지표 결과 미제시,배제
1540,10.1007/s12665-024-11898-3,"Sangwan, A|Ananad, V|Kumar, N|Kumar, A|Jat, MK|Ahmed, R",2024,"Development of site suitability framework for urban greenspace: a case study of Sikar city, Rajasthan, India",N/A,,,,Y,N,N/A,N/A,배제
1541,10.1016/j.scitotenv.2021.149313,"Rafael, S|Correia, LP|Ascenso, A|Augusto, B|Lopes, D|Miranda, A",2021,Are green roofs the path to clean air and low carbon cities?,N/A,,,,Y,N,N/A,N/A,배제
1542,10.1007/s12649-022-01877-9,"Wang, H|Garg, A|Ping, Y|Sreedeep, S|Chen, R",2023,Effects of Biochar Derived from Coconut Shell on Soil Hydraulic Properties under Salt Stress in Roadside Bioretention,N/A,,,,N,N,열환경지표없음,도로변 생물여과 토양의 수리특성과 염분 및 바이오차 효과를 다루며 결과변수는 수분특성 투수계수 균열지표 등으로 도시 열환경 지표를 평가하지 않음,배제
1543,10.1002/ece3.71978,"Meola, V|Ekklisiarchos, I|Cistrone, L|Migliozzi, A|Russo, D",2025,Landscape and Season Influence Bat Activity and Richness in a Mediterranean Metropolitan Area,N/A,,,,Y,N,N/A,N/A,배제
1544,10.1016/j.jenvman.2025.126586,"Rodrigues, AB|Araujo, DCD|De Farias, VEM|Cabral, JJDP",2025,Predictive modelling of land use land cover dynamics for a coastal urban city in Brazil,N/A,,,,Y,N,N/A,N/A,배제
1545,10.1016/j.scitotenv.2020.142786,"Guan, CY|Yu, CP",2021,Evaluation of plant microbial fuel cells for urban green roofs in a subtropical metropolis,N/A,,,,N,Y,N/A,N/A,진행
1546,10.3390/land13010086,"Zhang, SN|Song, HX|Li, XP|Luo, SX",2024,"Urban Parks Quality Assessment Using Multi-Dimension Indicators in Chengdu, China",N/A,,,,N,N,열환경지표 부재,도시 공원 다차원 품질평가와 공간 형평성 연구로서 연구대상은 도시와 녹지이나 결과변수에 지표온도 열섬 열쾌적성 등 도시 온열환경 지표를 다루지 않아 포함 기준 미충족,배제
1547,10.1016/j.ufug.2023.128139,"Zhang, SN|Li, XP|Yang, M|Song, HX",2023,"Older adults' heterogeneous preferences for climate-proof urban blue-green spaces: A case of Chengdu, China",N/A,,,,N,N,도시연구는 해당이나 결과변수 열지표 아님,도시 UBGS에서 노년층의 선호와 인식만 조사했으며 지표온도 열섬강도 보행자 열쾌적성 등 도시 온열환경 지표를 측정 또는 분석하지 않아 포함 기준 미충족,배제
1548,10.3389/fevo.2022.804500,"Sang, AO|Thorpert, P|Fransson, AM",2022,"Planning, Designing, and Managing Green Roofs and Green Walls for Public Health - An Ecosystem Services Approach",N/A,,,,N,Y,N/A,N/A,진행
1549,10.1007/s11069-025-07532-5,"Sun, RS|Yang, L|Feng, C|Xiang, J|Liu, C|Zhou, JL|Liu, Y",2025,Spatiotemporal heterogeneity of temperature change and its dynamic response to river network system evolution in the South China,N/A,,,,Y,N,N/A,N/A,배제
1550,10.1016/j.worlddev.2018.02.035,"Mahon, L|Shih, WY",2018,"What might 'just green enough' urban development mean in the context of climate change adaptation? The case of urban greenspace planning in Taipei Metropolis, Taiwan",N/A,,,,N,N,정성적개념논의·온열지표미측정,도시(타이베이)와 녹지계획을 다루지만 equity/정책 중심의 개념적 논의로서 지표온도·도시열섬·보행자 열쾌적성 등 도시 온열환경 지표를 계량적으로 측정·분석하지 않음,배제
1551,10.1038/s41598-023-40449-2,"Dai, JP|Qin, JZ|Zhou, TY|Qin, XJ|Zhu, K|Peng, JS",2023,Study on the influence of urban tree canopy on thermal environment in Luoping County,N/A,,,,N,Y,N/A,N/A,진행
1552,10.1098/rsta.2024.0582,"Chu, ZH|Loria, AFR",2025,Influence of the underground urban morphology on subsurface heat islands,N/A,,,,N,N,지하SUHI/녹지변수비주요/지상온열지표아님,도시를 다루지만 핵심 주제가 지하 도시형태와 지하열섬(SUHI)이며 녹지 형태·구성은 부수적으로만 다룸. 결과도 지표온도·보행자 열쾌적 등 지상 온열지표가 아닌 지하 열섬 강도임.,배제
1553,10.1016/j.enbuild.2017.06.020,"Alvizuri, J|Cataldo, J|Smalls-Mantey, LA|Montalto, FA",2017,Green roof thermal buffering: Insights derived from fixed and portable monitoring equipment,N/A,,,,Y,N,N/A,N/A,배제
1554,10.3390/rs17183211,"Xu, F|Shen, Y|Zheng, MR|Zhang, XY|Zuo, YQ|Wang, XL|Zhang, MD",2025,Characterizing the Thermal Effects of Urban Morphology Through Unsupervised Clustering and Explainable AI,N/A,,,,Y,N,N/A,N/A,배제
1555,10.3390/w13243637,"Leiva, E|Rodríguez, C|Sánchez, R|Serrano, J",2021,Light or Dark Greywater for Water Reuse? Economic Assessment of On-Site Greywater Treatment Systems in Rural Areas,N/A,,,,N,N,비도시(농촌)/녹지변수아님/열환경지표아님,연구대상은 농촌지역 분산형 회색수 재이용 경제성 평가로 도시지역 아님; 주제는 녹지 형태·구성 변수가 아니며; 결과도 비용·경제성으로 도시 온열환경 지표와 무관하여 포함 기준 미충족,배제
1556,10.1080/17445647.2025.2537687,"Kvetonová, V|Pánek, J|Konícek, J|Lehnert, M",2025,"Wintertime thermal perception in a central European city: the case of Olomouc, Czechia",N/A,,,,Y,N,N/A,N/A,배제
1557,10.1016/j.ecolind.2025.113625,"Wang, L|Zhou, RY|Shen, ZM|Zhou, YF|Li, C|Jia, ZC|Li, WH|Zhou, GM",2025,Optimizing forest environments for human Comfort: The F-MECI approach,N/A,,,,N,N,비도시자연보호구역/도시열환경비해당,연구대상지가 자연보호구역 산림으로 도시지역이 아니며 결과변수도 도시 열환경 지표가 아닌 종합 쾌적성 지수(F-MECI)에 초점이 있어 스코프에 부합하지 않음,배제
1558,10.1007/s41207-025-00746-w,"Votsi, N|Papangelis, G|Varotsos, KV|Athanasopoulou, E|Koutsantoni, P|Karali, A|Karagianis, D|Sismanidis, P|Kiranoudis, CT|Keramitsoglou, I|Giannakopoulos, C|Gerasopoulos, E",2025,"A multi-faceted, integrated methodological approach to identify hotspots of combined urban environmental pressures in the climate change context",N/A,,,,Y,N,N/A,N/A,배제
1559,10.3390/rs15235617,"Huang, JW|Chu, CQ|Wang, L|Wu, ZF|Zhang, CJ|Geng, J|Zhu, YC|Yu, M",2023,Research on the Extraction Method Comparison and Spatial-Temporal Pattern Evolution for the Built-Up Area of Hefei Based on Multi-Source Data Fusion,N/A,,,,Y,N,N/A,N/A,배제
1560,10.1007/s00484-025-02971-y,"Parker, C|Mahlasi, C|Govindasamy, T|Radebe, L|Brink, NB|Jack, C|Doumbia, M|Kouakou, E|Chersich, M|Cisse, G|Makhanya, S",2025,"Quantifying intra-urban socio-economic and environmental vulnerability to extreme heat events in Johannesburg, South Africa",N/A,,,,N,Y,N/A,N/A,진행
1561,10.3390/land13040531,"Han, SY|Song, DX|Shi, F|Du, H|Zhang, YH|Yang, MJ",2024,Assessing Neighbourhood Preference: An Evaluation of Environmental Features within Small-Scale Open Spaces,N/A,,,,N,N,열환경 지표 부재,도시 소규모 공개공간과 녹지 및 SVF 등을 평가하지만 결과변수는 이용과 선호도로 도시 온열환경 지표를 다루지 않아 제외,배제
1562,10.1016/j.landusepol.2020.104564,"Yucekaya, M|Uslu, C",2020,An analytical model proposal to design urban open spaces in balance with climate: A case study of Gaziantep,N/A,,,,Y,N,N/A,N/A,배제
1563,10.1016/j.landurbplan.2024.105089,"Rahman, MA|Arndt, S|Bravo, F|Cheung, PK|van Doorn, N|Franceschi, E|del Río, M|Livesley, SJ|Moser-Reischl, A|Pattnaik, N|Rötzer, T|Paeth, H|Pauleit, S|Preisler, Y|Pretzsch, H|Tan, PY|Cohen, S|Szota, C|Torquato, PR",2024,"More than a canopy cover metric: Influence of canopy quality, water-use strategies and site climate on urban forest cooling potential",N/A,,,,N,Y,N/A,N/A,진행
