year, month, day, tmax, tavg, tmin, humid, wind, sunshine, rainfall, snow, cloud
2015, 1, 1, -3.4, -6.4, -8.5, 42.8, 3.6, 8.5, 0.0, 0.0, 1.1
2015, 1, 2, -0.5, -4.6, -8.3, 45.4, 2.2, 8.5, 0.0, 0.0, 2.1
2015, 1, 3, 2.4, -2.6, -9.9, 59.6, 1.2, 7.4, 0.0, 0.0, 5.0
2015, 1, 4, 8.5, 2.1, -2.1, 74.1, 1.1, 4.7, 0.0, 0.0, 4.6
2015, 1, 5, 9.3, 3.6, -2.9, 80.1, 1.1, 4.6, 2.0, 0.0, 7.0
2015, 1, 6, 4.2, -1.5, -6.1, 53.5, 3.4, 8.9, 2.4, 0.0, 3.0
2015, 1, 7, 0.2, -4.2, -6.9, 33.5, 2.5, 8.8, 0.0, 0.0, 0.9
2015, 1, 8, 0.8, -4.7, -10.2, 55.4, 1.3, 9.2, 0.0, 0.0, 0.0
2015, 1, 9, 3.3, -2.7, -8.1, 71.6, 1.1, 5.1, 0.0, 0.0, 1.4
2015, 1, 10, 5.8, -0.7, -6.8, 70.8, 1.3, 9.0, 0.0, 0.0, 0.5
2015, 1, 11, 3.6, -0.3, -2.9, 60.1, 2.8, 9.0, 0.0, 0.0, 2.1
2015, 1, 12, 3.9, -2.3, -7.3, 45.1, 1.3, 9.1, 0.0, 0.0, 0.0
2015, 1, 13, 6.7, 0.0, -7.1, 54.0, 0.7, 7.0, 0.0, 0.0, 5.4
2015, 1, 14, 7.6, 3.0, -0.6, 49.6, 0.8, 0.8, 0.0, 0.0, 9.5
2015, 1, 15, 9.2, 2.8, -0.9, 60.8, 1.2, 6.9, 0.0, 0.0, 2.6
2015, 1, 16, 3.7, 0.9, -1.5, 79.6, 2.6, 0.8, 0.8, 0.0, 8.9
2015, 1, 17, 0.5, -3.6, -6.4, 52.0, 2.7, 9.5, 0.0, 0.0, 1.0
2015, 1, 18, 3.1, -1.1, -7.1, 78.0, 1.7, 1.9, 4.7, 3.0, 7.8
2015, 1, 19, 4.6, 0.9, -2.6, 70.5, 2.5, 7.4, 0.5, 0.0, 2.0
2015, 1, 20, 5.6, -0.1, -6.1, 62.1, 0.9, 7.7, 0.0, 0.0, 4.5
2015, 1, 21, 7.6, 3.3, -1.3, 67.1, 1.1, 0.7, 0.8, 0.0, 8.9
2015, 1, 22, 8.3, 2.8, -0.9, 80.5, 1.1, 1.3, 0.0, 0.0, 7.4
2015, 1, 23, 4.9, 1.1, -2.3, 81.0, 1.3, 1.7, 0.0, 0.0, 6.0
2015, 1, 24, 8.9, 3.1, 0.2, 71.1, 1.1, 5.9, 0.0, 0.0, 6.4
2015, 1, 25, 5.5, 3.4, -0.4, 84.1, 2.2, 0.0, 5.5, 0.0, 9.1
2015, 1, 26, 6.5, 4.2, 0.8, 91.5, 1.6, 0.4, 0.8, 0.0, 8.9
2015, 1, 27, 1.4, -2.2, -6.2, 55.8, 2.6, 9.4, 0.0, 0.0, 1.3
2015, 1, 28, 2.4, -3.6, -7.6, 53.8, 1.6, 7.7, 0.0, 0.0, 2.6
2015, 1, 29, 4.0, 0.1, -4.8, 58.8, 1.3, 0.1, 0.0, 0.0, 8.9
2015, 1, 30, 1.5, -1.9, -5.6, 48.1, 2.9, 8.8, 0.0, 0.0, 1.9
2015, 1, 31, 1.1, -3.9, -7.1, 48.5, 1.8, 9.7, 0.0, 0.0, 0.0
2015, 2, 1, 4.3, -2.5, -9.1, 51.1, 1.3, 9.8, 0.0, 0.0, 0.3
2015, 2, 2, 6.4, -1.1, -6.4, 59.4, 0.9, 7.6, 0.0, 0.0, 2.1
2015, 2, 3, 6.5, -0.2, -5.1, 72.6, 1.0, 8.1, 0.0, 0.0, 4.6
2015, 2, 4, 6.1, 0.4, -4.7, 80.6, 1.4, 8.0, 0.0, 0.0, 3.4
2015, 2, 5, 5.5, 0.4, -3.9, 65.0, 1.9, 9.0, 0.0, 0.0, 0.0
2015, 2, 6, 6.2, -0.2, -5.0, 75.3, 1.3, 8.7, 0.0, 0.0, 3.1
2015, 2, 7, 6.5, 1.2, -3.0, 71.9, 1.6, 2.7, 0.0, 0.0, 5.6
2015, 2, 8, -1.3, -8.1, -10.5, 36.0, 4.2, 9.8, 0.0, 0.0, 0.0
2015, 2, 9, 1.1, -4.2, -11.7, 55.3, 2.6, 6.4, 0.7, 1.2, 4.0
2015, 2, 10, 7.6, 2.0, -2.9, 73.3, 2.1, 7.7, 0.0, 0.0, 4.1
2015, 2, 11, 8.3, 2.8, -1.2, 62.4, 1.4, 7.4, 0.0, 0.0, 4.4
2015, 2, 12, 3.0, -1.0, -3.5, 36.5, 3.4, 10.2, 0.0, 0.0, 0.1
2015, 2, 13, 3.7, -1.0, -5.3, 45.3, 2.3, 10.1, 0.0, 0.0, 0.0
2015, 2, 14, 8.6, 1.6, -4.4, 78.5, 1.3, 2.6, 0.0, 0.0, 3.9
2015, 2, 15, 12.9, 7.6, 0.0, 66.8, 2.3, 5.7, 0.0, 0.0, 8.5
2015, 2, 16, 8.4, 5.3, 3.6, 95.0, 2.9, 0.0, 12.3, 0.0, 10.0
2015, 2, 17, 4.0, 2.5, 1.3, 81.1, 2.7, 1.4, 0.1, 0.0, 9.5
2015, 2, 18, 3.3, 1.0, -1.6, 77.6, 1.6, 0.1, 0.0, 0.0, 7.6
2015, 2, 19, 8.6, 1.9, -3.8, 71.0, 1.1, 9.1, 0.0, 0.0, 1.6
2015, 2, 20, 11.2, 4.8, -3.1, 63.0, 1.2, 8.0, 0.0, 0.0, 4.4
2015, 2, 21, 7.3, 6.4, 5.6, 79.8, 2.6, 0.0, 6.6, 0.0, 9.6
2015, 2, 22, 7.4, 3.8, 0.8, 77.4, 3.0, 3.1, 2.1, 0.0, 7.6
2015, 2, 23, 6.0, 1.2, -1.0, 62.8, 1.9, 7.4, 0.0, 0.0, 3.3
2015, 2, 24, 7.8, 2.3, -1.8, 66.8, 1.4, 8.5, 0.0, 0.0, 3.6
2015, 2, 25, 12.1, 5.4, -0.6, 54.0, 1.9, 6.1, 0.1, 0.0, 8.0
2015, 2, 26, 5.3, 1.7, -2.6, 58.8, 3.7, 9.2, 0.8, 0.0, 3.4
2015, 2, 27, 4.3, -0.5, -4.5, 37.8, 2.6, 9.6, 0.0, 0.0, 2.9
2015, 2, 28, 7.4, 3.0, -2.7, 46.8, 1.4, 0.6, 0.0, 0.0, 9.0
2015, 3, 1, 6.0, 2.8, 0.4, 62.3, 2.9, 3.8, 0.1, 0.0, 5.6
2015, 3, 2, 10.1, 3.4, -3.0, 53.3, 1.4, 10.3, 0.0, 0.0, 0.1
2015, 3, 3, 8.5, 3.5, -0.9, 63.4, 2.6, 0.0, 3.5, 0.0, 8.6
2015, 3, 4, 2.9, -1.1, -3.6, 44.1, 4.1, 10.5, 0.0, 0.0, 1.1
2015, 3, 5, 5.9, -0.4, -5.5, 54.4, 1.5, 8.9, 0.0, 0.0, 3.0
2015, 3, 6, 10.7, 2.4, -4.4, 52.1, 1.3, 10.8, 0.0, 0.0, 1.0
2015, 3, 7, 11.6, 3.0, -4.3, 63.4, 1.5, 10.6, 0.0, 0.0, 0.3
2015, 3, 8, 16.0, 7.1, -1.8, 53.9, 1.2, 8.2, 0.0, 0.0, 4.0
2015, 3, 9, 8.4, 2.7, -4.4, 48.6, 3.8, 9.4, 0.0, 0.0, 4.1
2015, 3, 10, 1.3, -2.4, -6.0, 33.8, 4.6, 11.1, 0.0, 0.0, 0.0
2015, 3, 11, 7.7, 0.7, -5.3, 51.0, 3.3, 9.6, 0.0, 0.0, 1.1
2015, 3, 12, 7.8, 2.9, -3.8, 38.4, 1.9, 10.8, 0.0, 0.0, 2.4
2015, 3, 13, 11.5, 6.1, 2.4, 55.1, 2.4, 9.8, 1.1, 0.0, 3.1
2015, 3, 14, 11.6, 4.2, -1.9, 39.9, 1.5, 9.5, 0.0, 0.0, 2.1
2015, 3, 15, 12.8, 4.9, -2.1, 49.5, 1.3, 9.8, 0.0, 0.0, 1.6
2015, 3, 16, 18.6, 8.8, 0.0, 51.1, 1.0, 9.8, 0.0, 0.0, 2.3
2015, 3, 17, 17.8, 10.7, 3.8, 55.3, 0.9, 1.2, 0.0, 0.0, 8.1
2015, 3, 18, 13.8, 10.3, 7.4, 75.5, 2.4, 0.0, 5.9, 0.0, 9.9
2015, 3, 19, 20.1, 11.7, 5.4, 63.8, 1.4, 10.5, 0.0, 0.0, 2.8
2015, 3, 20, 21.8, 12.1, 5.4, 47.1, 1.3, 7.9, 0.0, 0.0, 5.5
2015, 3, 21, 18.2, 10.5, 4.0, 45.4, 1.4, 9.7, 0.0, 0.0, 0.8
2015, 3, 22, 15.0, 7.2, 1.9, 54.1, 2.9, 8.1, 0.0, 0.0, 2.5
2015, 3, 23, 9.7, 5.3, 0.9, 30.0, 3.4, 11.6, 0.0, 0.0, 0.1
2015, 3, 24, 12.0, 4.6, -1.9, 40.5, 1.8, 11.6, 0.0, 0.0, 0.0
2015, 3, 25, 14.0, 6.1, -1.2, 47.1, 1.7, 11.7, 0.0, 0.0, 0.0
2015, 3, 26, 14.9, 6.9, -0.6, 57.9, 1.9, 11.5, 0.0, 0.0, 0.0
2015, 3, 27, 17.0, 7.8, 0.9, 55.0, 1.6, 11.2, 0.0, 0.0, 0.3
2015, 3, 28, 17.9, 9.2, -0.5, 43.9, 1.6, 10.2, 0.0, 0.0, 3.3
2015, 3, 29, 15.3, 9.5, 5.7, 71.0, 1.4, 3.6, 0.0, 0.0, 4.8
2015, 3, 30, 21.7, 12.3, 3.7, 66.8, 1.4, 10.4, 0.0, 0.0, 1.9
2015, 3, 31, 15.0, 12.5, 7.5, 87.4, 1.5, 0.0, 1.9, 0.0, 8.8
2015, 4, 1, 17.8, 13.4, 11.1, 72.1, 3.0, 4.8, 0.9, 0.0, 7.9
2015, 4, 2, 21.9, 15.9, 10.3, 69.8, 4.9, 5.8, 30.5, 0.0, 7.9
2015, 4, 3, 16.2, 9.7, 6.9, 93.8, 1.8, 1.0, 13.4, 0.0, 6.5
2015, 4, 4, 18.7, 13.3, 8.6, 61.9, 3.5, 6.0, 0.3, 0.0, 7.4
2015, 4, 5, 12.2, 10.7, 9.9, 90.9, 1.9, 0.0, 0.9, 0.0, 10.0
2015, 4, 6, 15.3, 11.1, 7.7, 63.0, 2.2, 0.7, 0.0, 0.0, 9.0
2015, 4, 7, 14.0, 9.0, 4.8, 63.1, 2.0, 4.6, 0.0, 0.0, 7.3
2015, 4, 8, 14.2, 8.8, 4.9, 60.4, 2.0, 6.0, 0.0, 0.0, 4.0
2015, 4, 9, 15.7, 9.2, 4.7, 58.0, 1.4, 8.6, 0.0, 0.0, 3.3
2015, 4, 10, 19.6, 10.1, 3.0, 56.0, 1.8, 11.5, 0.0, 0.0, 0.0
2015, 4, 11, 20.7, 12.0, 4.0, 54.9, 1.6, 11.4, 0.0, 0.0, 0.8
2015, 4, 12, 19.9, 14.5, 6.9, 37.6, 2.8, 2.0, 0.0, 0.0, 7.8
2015, 4, 13, 17.2, 11.9, 7.6, 56.4, 4.1, 0.2, 2.4, 0.0, 9.4
2015, 4, 14, 9.9, 7.9, 7.0, 86.5, 1.7, 0.2, 5.9, 0.0, 10.0
2015, 4, 15, 18.4, 11.5, 6.3, 75.6, 1.9, 7.9, 2.5, 0.0, 4.9
2015, 4, 16, 16.2, 10.1, 7.1, 74.4, 2.8, 2.1, 4.3, 0.0, 4.9
2015, 4, 17, 18.0, 10.3, 3.1, 58.1, 2.1, 12.0, 0.0, 0.0, 1.0
2015, 4, 18, 22.8, 15.0, 3.6, 42.5, 1.1, 8.1, 0.0, 0.0, 5.0
2015, 4, 19, 17.8, 14.1, 11.7, 91.4, 2.1, 0.0, 25.7, 0.0, 10.0
2015, 4, 20, 16.6, 12.4, 8.6, 78.1, 2.1, 3.4, 6.3, 0.0, 6.1
2015, 4, 21, 21.4, 13.1, 6.0, 58.1, 1.6, 12.0, 0.0, 0.0, 1.5
2015, 4, 22, 20.2, 13.1, 7.7, 57.3, 1.9, 11.3, 0.0, 0.0, 2.0
2015, 4, 23, 21.4, 14.1, 6.1, 49.6, 1.8, 10.2, 0.0, 0.0, 2.5
2015, 4, 24, 23.0, 15.3, 9.9, 44.6, 1.9, 11.8, 0.0, 0.0, 0.5
2015, 4, 25, 23.3, 14.9, 7.3, 39.4, 1.6, 12.5, 0.0, 0.0, 0.0
2015, 4, 26, 25.8, 17.2, 7.6, 44.5, 1.6, 11.8, 0.0, 0.0, 0.3
2015, 4, 27, 25.9, 17.9, 10.9, 45.8, 1.6, 12.1, 0.0, 0.0, 1.0
2015, 4, 28, 26.1, 19.3, 9.7, 52.6, 1.3, 7.8, 0.0, 0.0, 7.0
2015, 4, 29, 17.8, 17.1, 16.2, 85.9, 2.3, 0.0, 6.1, 0.0, 9.5
2015, 4, 30, 27.4, 19.9, 14.5, 68.4, 1.4, 11.1, 0.0, 0.0, 3.5
2015, 5, 1, 26.2, 19.5, 13.8, 71.1, 1.7, 11.9, 0.0, 0.0, 0.0
2015, 5, 2, 26.5, 19.9, 14.0, 74.9, 1.5, 6.7, 1.7, 0.0, 6.3
2015, 5, 3, 19.7, 18.0, 15.2, 96.5, 1.4, 0.0, 3.4, 0.0, 9.4
2015, 5, 4, 21.3, 15.4, 10.7, 59.5, 3.2, 11.4, 0.0, 0.0, 1.9
2015, 5, 5, 20.3, 13.7, 7.3, 50.5, 2.1, 12.8, 0.0, 0.0, 0.4
2015, 5, 6, 22.1, 14.8, 8.7, 43.1, 1.5, 4.6, 0.0, 0.0, 6.5
2015, 5, 7, 24.5, 15.8, 9.1, 49.8, 1.6, 9.7, 0.0, 0.0, 4.6
2015, 5, 8, 21.6, 16.2, 11.3, 71.3, 1.7, 3.1, 0.0, 0.0, 8.1
2015, 5, 9, 23.0, 17.1, 12.8, 63.3, 2.0, 10.4, 0.0, 0.0, 5.5
2015, 5, 10, 25.4, 17.8, 11.1, 55.5, 1.5, 12.1, 0.0, 0.0, 1.0
2015, 5, 11, 23.1, 18.0, 12.9, 68.1, 3.3, 1.7, 14.6, 0.0, 7.5
2015, 5, 12, 19.1, 14.0, 10.3, 77.9, 4.3, 6.0, 10.5, 0.0, 6.4
2015, 5, 13, 24.5, 18.4, 10.5, 61.1, 3.3, 12.0, 0.0, 0.0, 1.8
2015, 5, 14, 27.1, 20.5, 13.3, 67.8, 2.2, 10.0, 0.0, 0.0, 4.3
2015, 5, 15, 21.8, 17.8, 14.1, 88.4, 1.6, 0.4, 0.0, 0.0, 7.0
2015, 5, 16, 25.6, 17.2, 9.8, 60.5, 1.8, 13.0, 0.0, 0.0, 0.3
2015, 5, 17, 26.0, 17.8, 10.2, 52.8, 1.4, 11.5, 0.0, 0.0, 4.8
2015, 5, 18, 23.0, 17.9, 13.4, 62.9, 1.8, 0.9, 0.0, 0.0, 8.3
2015, 5, 19, 18.0, 15.1, 12.9, 96.1, 1.8, 0.0, 1.3, 0.0, 9.0
2015, 5, 20, 21.1, 15.7, 9.9, 70.6, 2.3, 12.2, 0.0, 0.0, 1.8
2015, 5, 21, 26.6, 18.1, 11.1, 62.9, 1.9, 12.9, 0.0, 0.0, 2.0
2015, 5, 22, 27.8, 19.4, 12.4, 52.8, 1.8, 11.9, 0.0, 0.0, 3.0
2015, 5, 23, 28.5, 19.7, 11.8, 48.5, 1.7, 13.1, 0.0, 0.0, 1.5
2015, 5, 24, 27.4, 19.4, 12.0, 46.6, 1.8, 13.6, 0.0, 0.0, 0.0
2015, 5, 25, 27.5, 19.0, 12.7, 62.4, 1.8, 13.2, 0.0, 0.0, 0.0
2015, 5, 26, 29.6, 20.0, 12.2, 64.8, 1.6, 13.4, 0.0, 0.0, 0.0
2015, 5, 27, 31.3, 22.6, 12.4, 45.5, 1.4, 13.4, 0.0, 0.0, 2.3
2015, 5, 28, 31.8, 23.4, 15.7, 39.9, 1.7, 12.8, 0.0, 0.0, 2.3
2015, 5, 29, 29.9, 22.7, 16.8, 48.1, 1.8, 8.3, 0.0, 0.0, 6.9
2015, 5, 30, 22.4, 18.1, 15.6, 82.4, 1.8, 4.1, 1.1, 0.0, 7.4
2015, 5, 31, 29.0, 20.5, 14.6, 66.5, 1.5, 11.7, 0.0, 0.0, 3.6
2015, 6, 1, 28.5, 21.1, 13.9, 58.3, 1.5, 12.2, 0.0, 0.0, 5.1
2015, 6, 2, 29.7, 22.4, 17.6, 58.1, 1.8, 11.3, 0.0, 0.0, 7.4
2015, 6, 3, 27.9, 22.1, 17.2, 49.8, 3.2, 12.4, 0.0, 0.0, 3.0
2015, 6, 4, 30.6, 22.4, 14.3, 45.1, 1.6, 10.0, 0.0, 0.0, 5.1
2015, 6, 5, 21.8, 19.0, 16.5, 58.9, 1.5, 0.5, 0.3, 0.0, 8.5
2015, 6, 6, 27.1, 21.7, 15.6, 54.5, 1.9, 12.0, 0.0, 0.0, 3.9
2015, 6, 7, 30.5, 22.9, 17.2, 51.8, 1.8, 11.3, 0.0, 0.0, 3.0
2015, 6, 8, 26.9, 22.1, 17.8, 61.3, 1.5, 3.2, 0.0, 0.0, 8.0
2015, 6, 9, 27.8, 21.1, 17.3, 75.6, 2.2, 9.1, 0.0, 0.0, 4.3
2015, 6, 10, 33.6, 24.1, 15.9, 63.6, 1.6, 11.0, 0.0, 0.0, 2.4
2015, 6, 11, 28.5, 23.8, 18.8, 68.6, 2.2, 3.0, 0.2, 0.0, 7.1
2015, 6, 12, 29.7, 23.8, 18.6, 65.9, 2.4, 11.8, 0.3, 0.0, 5.8
2015, 6, 13, 29.7, 24.2, 18.6, 69.0, 2.2, 6.5, 1.0, 0.0, 7.1
2015, 6, 14, 27.7, 22.9, 18.7, 73.4, 1.8, 6.2, 7.4, 0.0, 6.8
2015, 6, 15, 30.2, 24.1, 19.9, 71.4, 1.6, 7.9, 0.0, 0.0, 6.9
2015, 6, 16, 30.0, 23.3, 18.5, 74.4, 1.9, 10.9, 0.0, 0.0, 4.1
2015, 6, 17, 29.2, 23.1, 18.9, 80.1, 1.5, 4.0, 0.8, 0.0, 6.1
2015, 6, 18, 30.3, 24.8, 20.5, 64.4, 2.0, 6.7, 0.0, 0.0, 7.3
2015, 6, 19, 30.0, 24.4, 21.0, 59.9, 2.6, 9.1, 0.0, 0.0, 5.0
2015, 6, 20, 22.3, 20.0, 17.7, 90.8, 1.3, 0.0, 3.8, 0.0, 8.3
2015, 6, 21, 29.9, 22.3, 16.2, 72.5, 1.6, 12.9, 0.0, 0.0, 1.5
2015, 6, 22, 30.0, 23.4, 18.1, 68.4, 1.8, 10.6, 0.0, 0.0, 4.3
2015, 6, 23, 31.3, 24.0, 18.8, 68.4, 1.7, 12.5, 0.0, 0.0, 3.3
2015, 6, 24, 31.5, 25.1, 19.6, 64.4, 1.7, 8.9, 0.0, 0.0, 7.0
2015, 6, 25, 27.7, 23.5, 20.5, 72.0, 2.0, 0.5, 1.8, 0.0, 9.4
2015, 6, 26, 25.4, 21.5, 18.6, 77.3, 3.0, 0.3, 14.6, 0.0, 9.6
2015, 6, 27, 30.1, 24.9, 20.4, 60.9, 2.1, 12.2, 0.0, 0.0, 3.5
2015, 6, 28, 30.1, 24.2, 19.2, 72.1, 1.9, 13.1, 0.0, 0.0, 3.6
2015, 6, 29, 30.8, 25.0, 19.5, 69.4, 1.8, 11.0, 0.0, 0.0, 6.4
2015, 6, 30, 30.4, 24.4, 21.4, 73.9, 1.5, 4.2, 0.0, 0.0, 8.6
2015, 7, 1, 27.8, 23.4, 20.0, 73.3, 3.0, 11.2, 0.0, 0.0, 4.9
2015, 7, 2, 29.9, 23.4, 19.6, 73.8, 2.4, 8.1, 0.0, 0.0, 5.4
2015, 7, 3, 28.8, 22.7, 18.8, 68.8, 2.2, 11.1, 0.0, 0.0, 3.5
2015, 7, 4, 30.2, 23.1, 16.8, 60.4, 1.8, 12.0, 0.0, 0.0, 1.5
2015, 7, 5, 29.7, 23.3, 18.1, 67.5, 2.0, 11.3, 0.0, 0.0, 3.3
2015, 7, 6, 31.8, 24.2, 18.6, 63.3, 1.6, 11.0, 0.0, 0.0, 4.0
2015, 7, 7, 28.2, 24.1, 20.2, 63.0, 2.1, 2.4, 0.0, 0.0, 8.6
2015, 7, 8, 25.8, 22.6, 19.7, 80.9, 3.4, 0.0, 1.1, 0.0, 9.4
2015, 7, 9, 30.1, 25.6, 22.6, 69.0, 3.2, 3.1, 0.0, 0.0, 7.9
2015, 7, 10, 33.5, 28.0, 23.4, 68.3, 1.7, 7.9, 0.0, 0.0, 5.4
2015, 7, 11, 35.0, 29.3, 24.7, 68.8, 1.8, 9.4, 0.2, 0.0, 7.0
2015, 7, 12, 26.7, 25.0, 24.0, 93.9, 4.4, 0.0, 21.1, 0.0, 10.0
2015, 7, 13, 25.4, 23.1, 21.5, 96.3, 3.7, 0.6, 16.3, 0.0, 9.0
2015, 7, 14, 31.0, 25.2, 21.9, 82.3, 2.0, 8.9, 0.0, 0.0, 5.8
2015, 7, 15, 34.3, 27.5, 21.2, 66.8, 2.1, 9.7, 0.0, 0.0, 4.1
2015, 7, 16, 29.5, 25.0, 21.1, 53.5, 4.0, 11.3, 0.0, 0.0, 3.5
2015, 7, 17, 29.5, 24.0, 19.0, 51.5, 2.9, 8.6, 0.0, 0.0, 6.1
2015, 7, 18, 27.4, 23.8, 22.4, 72.3, 1.6, 0.2, 0.2, 0.0, 9.6
2015, 7, 19, 29.1, 24.8, 20.6, 84.0, 1.4, 1.8, 9.7, 0.0, 8.6
2015, 7, 20, 30.8, 27.7, 24.0, 78.1, 2.0, 0.3, 0.0, 0.0, 8.1
2015, 7, 21, 30.5, 26.7, 24.3, 86.5, 1.4, 0.3, 0.3, 0.0, 9.4
2015, 7, 22, 31.5, 27.0, 24.2, 83.5, 1.4, 1.9, 0.3, 0.0, 8.4
2015, 7, 23, 30.9, 26.2, 24.2, 90.6, 1.3, 1.1, 14.5, 0.0, 9.6
2015, 7, 24, 25.3, 24.5, 23.5, 100.0, 1.1, 0.0, 23.8, 0.0, 10.0
2015, 7, 25, 27.4, 25.4, 23.6, 95.8, 2.1, 0.0, 56.4, 0.0, 10.0
2015, 7, 26, 32.9, 27.5, 24.0, 81.6, 1.6, 9.0, 14.7, 0.0, 6.5
2015, 7, 27, 30.0, 25.9, 24.0, 91.6, 1.4, 2.2, 2.5, 0.0, 8.1
2015, 7, 28, 32.1, 27.7, 24.5, 81.9, 1.7, 7.5, 0.0, 0.0, 7.5
2015, 7, 29, 29.6, 26.3, 23.9, 94.4, 1.4, 0.2, 64.7, 0.0, 8.5
2015, 7, 30, 33.7, 28.5, 25.3, 86.3, 2.1, 7.6, 0.0, 0.0, 6.8
2015, 7, 31, 32.8, 27.6, 25.2, 85.6, 1.7, 7.1, 0.0, 0.0, 7.1
2015, 8, 1, 32.7, 28.2, 25.3, 82.3, 2.0, 6.3, 0.0, 0.0, 6.8
2015, 8, 2, 30.5, 26.5, 23.0, 92.9, 1.5, 2.4, 19.0, 0.0, 8.9
2015, 8, 3, 31.8, 27.7, 24.8, 80.3, 2.9, 8.3, 0.0, 0.0, 5.4
2015, 8, 4, 31.8, 27.5, 24.3, 80.0, 3.0, 5.8, 0.0, 0.0, 6.4
2015, 8, 5, 33.7, 28.8, 26.0, 75.0, 2.4, 9.3, 0.0, 0.0, 5.4
2015, 8, 6, 34.7, 29.1, 24.2, 73.4, 1.1, 10.8, 0.0, 0.0, 3.5
2015, 8, 7, 35.3, 30.1, 25.5, 70.8, 0.8, 9.2, 0.0, 0.0, 3.5
2015, 8, 8, 33.5, 27.6, 24.7, 83.3, 1.6, 5.8, 2.0, 0.0, 6.6
2015, 8, 9, 31.2, 26.6, 23.2, 82.3, 1.6, 7.0, 0.0, 0.0, 6.9
2015, 8, 10, 31.0, 26.0, 23.3, 83.1, 1.5, 4.2, 0.0, 0.0, 6.8
2015, 8, 11, 30.3, 26.2, 22.6, 81.4, 1.4, 3.9, 0.0, 0.0, 6.1
2015, 8, 12, 33.4, 27.4, 22.3, 73.1, 1.7, 10.6, 0.0, 0.0, 2.3
2015, 8, 13, 32.1, 26.3, 23.6, 80.9, 1.7, 8.0, 1.3, 0.0, 5.1
2015, 8, 14, 32.4, 26.6, 23.3, 77.0, 1.6, 9.8, 0.0, 0.0, 3.9
2015, 8, 15, 32.5, 27.1, 22.9, 78.9, 1.5, 8.3, 0.0, 0.0, 4.9
2015, 8, 16, 31.6, 25.3, 21.1, 85.6, 1.4, 0.3, 31.1, 0.0, 8.1
2015, 8, 17, 33.0, 26.3, 20.2, 72.6, 1.3, 10.4, 0.0, 0.0, 3.3
2015, 8, 18, 33.4, 27.8, 24.1, 63.8, 1.6, 9.8, 0.0, 0.0, 4.5
2015, 8, 19, 30.1, 26.9, 23.9, 73.0, 1.1, 0.6, 0.0, 0.0, 7.8
2015, 8, 20, 29.8, 25.9, 23.7, 80.8, 1.5, 1.4, 0.0, 0.0, 9.4
2015, 8, 21, 28.5, 24.8, 22.7, 87.5, 1.1, 3.1, 0.5, 0.0, 7.4
2015, 8, 22, 30.3, 25.0, 22.1, 82.5, 1.3, 3.4, 0.3, 0.0, 6.5
2015, 8, 23, 32.3, 26.1, 21.4, 75.9, 1.1, 9.7, 0.0, 0.0, 5.8
2015, 8, 24, 30.9, 26.1, 23.3, 73.1, 2.5, 2.6, 1.4, 0.0, 7.3
2015, 8, 25, 25.1, 21.9, 19.7, 83.8, 3.1, 0.0, 6.4, 0.0, 9.8
2015, 8, 26, 27.4, 23.1, 19.7, 69.6, 1.8, 5.3, 0.0, 0.0, 7.1
2015, 8, 27, 29.7, 24.1, 19.8, 72.6, 1.7, 12.0, 9.0, 0.0, 2.5
2015, 8, 28, 29.4, 23.0, 18.2, 83.1, 1.1, 6.6, 0.0, 0.0, 4.0
2015, 8, 29, 30.7, 24.1, 19.1, 73.1, 1.0, 9.4, 0.0, 0.0, 1.4
2015, 8, 30, 31.4, 24.5, 18.9, 73.0, 1.4, 11.3, 0.0, 0.0, 1.3
2015, 8, 31, 31.2, 25.9, 20.6, 71.8, 1.5, 10.1, 0.0, 0.0, 3.8
2015, 9, 1, 30.8, 26.0, 23.0, 64.9, 2.4, 6.9, 0.1, 0.0, 7.3
2015, 9, 2, 27.3, 24.1, 21.9, 80.9, 2.0, 3.1, 1.6, 0.0, 8.1
2015, 9, 3, 28.2, 23.4, 19.7, 85.0, 1.8, 6.5, 0.0, 0.0, 2.3
2015, 9, 4, 30.6, 24.2, 19.9, 80.4, 1.5, 9.3, 0.0, 0.0, 5.3
2015, 9, 5, 25.7, 22.8, 20.6, 85.5, 1.9, 0.3, 0.3, 0.0, 8.5
2015, 9, 6, 26.5, 22.7, 19.7, 65.5, 2.6, 2.9, 0.0, 0.0, 5.6
2015, 9, 7, 28.6, 22.8, 16.3, 58.9, 1.7, 12.1, 0.0, 0.0, 0.6
2015, 9, 8, 28.6, 22.5, 15.6, 48.1, 2.2, 12.2, 0.0, 0.0, 0.0
2015, 9, 9, 29.3, 22.4, 14.2, 46.1, 2.5, 12.1, 0.0, 0.0, 0.3
2015, 9, 10, 28.0, 22.4, 17.1, 64.6, 1.7, 11.9, 0.0, 0.0, 0.0
2015, 9, 11, 25.7, 21.0, 16.9, 86.9, 1.6, 1.9, 4.7, 0.0, 9.3
2015, 9, 12, 24.0, 19.3, 16.1, 74.1, 1.0, 4.0, 0.2, 0.0, 7.9
2015, 9, 13, 26.4, 19.7, 13.0, 62.6, 1.3, 11.9, 0.0, 0.0, 0.0
2015, 9, 14, 28.3, 21.3, 14.6, 69.1, 0.7, 10.6, 0.0, 0.0, 3.8
2015, 9, 15, 27.6, 22.1, 16.2, 52.6, 1.7, 10.8, 0.0, 0.0, 3.9
2015, 9, 16, 25.2, 21.2, 16.1, 51.8, 2.2, 10.6, 0.0, 0.0, 4.9
2015, 9, 17, 27.4, 21.3, 15.4, 54.4, 2.3, 11.1, 0.0, 0.0, 1.3
2015, 9, 18, 27.8, 21.6, 15.9, 57.8, 1.5, 9.7, 0.0, 0.0, 2.5
2015, 9, 19, 28.5, 21.8, 16.6, 70.8, 1.1, 10.7, 0.0, 0.0, 1.8
2015, 9, 20, 28.0, 21.7, 17.9, 77.0, 1.1, 8.8, 0.0, 0.0, 4.5
2015, 9, 21, 29.1, 21.3, 15.7, 76.4, 0.7, 8.3, 0.0, 0.0, 2.5
2015, 9, 22, 30.5, 23.1, 16.2, 65.5, 1.1, 10.7, 0.0, 0.0, 0.8
2015, 9, 23, 24.5, 21.3, 18.1, 72.9, 1.3, 0.1, 0.0, 0.0, 7.3
2015, 9, 24, 29.9, 22.1, 15.8, 74.0, 1.1, 9.4, 0.0, 0.0, 1.8
2015, 9, 25, 29.2, 22.6, 18.0, 74.8, 1.4, 7.9, 0.0, 0.0, 3.3
2015, 9, 26, 27.8, 21.6, 16.5, 74.5, 1.2, 7.7, 0.0, 0.0, 4.9
2015, 9, 27, 29.7, 20.5, 12.8, 59.3, 1.0, 11.3, 0.0, 0.0, 0.0
2015, 9, 28, 30.0, 21.9, 13.1, 47.6, 1.2, 6.6, 0.0, 0.0, 4.9
2015, 9, 29, 28.3, 22.6, 15.3, 42.8, 2.0, 9.8, 0.0, 0.0, 3.6
2015, 9, 30, 25.1, 21.3, 19.6, 50.6, 2.9, 2.4, 0.0, 0.0, 9.3
2015, 10, 1, 20.4, 16.9, 12.5, 86.1, 3.4, 0.0, 25.3, 0.0, 8.1
2015, 10, 2, 22.4, 15.9, 7.6, 67.9, 2.4, 10.4, 0.0, 0.0, 2.3
2015, 10, 3, 25.3, 18.7, 14.2, 60.8, 2.6, 9.9, 0.0, 0.0, 4.4
2015, 10, 4, 24.4, 16.3, 11.2, 47.8, 1.4, 7.4, 0.0, 0.0, 5.1
2015, 10, 5, 25.9, 17.4, 10.5, 62.4, 1.1, 10.9, 0.0, 0.0, 0.4
2015, 10, 6, 26.6, 17.5, 10.5, 68.8, 1.1, 10.5, 0.0, 0.0, 0.0
2015, 10, 7, 26.5, 19.1, 12.2, 67.4, 0.7, 6.5, 0.0, 0.0, 4.6
2015, 10, 8, 25.9, 19.4, 13.9, 71.0, 1.4, 9.3, 0.0, 0.0, 3.6
2015, 10, 9, 20.8, 16.2, 11.5, 48.9, 2.3, 10.9, 0.0, 0.0, 1.4
2015, 10, 10, 17.4, 13.2, 9.8, 76.8, 1.6, 1.6, 12.6, 0.0, 6.8
2015, 10, 11, 15.6, 10.2, 6.5, 93.5, 1.0, 1.1, 4.7, 0.0, 7.1
2015, 10, 12, 18.0, 12.9, 8.3, 67.0, 1.7, 9.8, 0.0, 0.0, 2.9
2015, 10, 13, 22.2, 14.6, 6.7, 75.9, 1.5, 9.5, 0.0, 0.0, 1.5
2015, 10, 14, 24.6, 16.3, 10.6, 76.4, 0.7, 8.0, 0.0, 0.0, 2.4
2015, 10, 15, 26.6, 17.2, 10.7, 73.0, 0.7, 9.5, 0.0, 0.0, 3.5
2015, 10, 16, 24.6, 17.2, 12.8, 85.1, 0.9, 6.3, 0.0, 0.0, 4.6
2015, 10, 17, 26.7, 17.3, 11.3, 78.0, 0.7, 9.7, 0.0, 0.0, 0.0
2015, 10, 18, 25.1, 16.3, 10.6, 83.9, 0.7, 6.2, 0.0, 0.0, 1.5
2015, 10, 19, 24.4, 17.4, 12.2, 76.8, 0.9, 8.0, 0.0, 0.0, 2.8
2015, 10, 20, 25.0, 17.7, 13.2, 84.1, 0.6, 5.7, 0.0, 0.0, 4.3
2015, 10, 21, 24.0, 17.2, 12.6, 86.1, 0.8, 5.4, 0.0, 0.0, 3.1
2015, 10, 22, 23.3, 17.5, 13.1, 82.8, 1.1, 5.6, 0.0, 0.0, 4.6
2015, 10, 23, 22.6, 17.1, 14.0, 79.3, 1.3, 7.0, 0.0, 0.0, 4.8
2015, 10, 24, 22.8, 16.9, 11.7, 74.6, 1.5, 5.9, 3.4, 0.0, 4.6
2015, 10, 25, 22.4, 15.5, 10.4, 60.4, 1.2, 8.8, 0.0, 0.0, 1.4
2015, 10, 26, 20.9, 15.6, 10.8, 69.0, 1.8, 1.5, 0.1, 0.0, 8.3
2015, 10, 27, 17.7, 12.8, 7.6, 73.4, 2.4, 6.4, 18.3, 0.0, 5.0
2015, 10, 28, 17.7, 11.5, 6.1, 52.5, 1.8, 10.0, 0.0, 0.0, 1.1
2015, 10, 29, 15.4, 9.2, 3.4, 56.9, 1.7, 8.3, 3.0, 0.0, 3.6
2015, 10, 30, 11.5, 6.9, 4.2, 43.9, 2.5, 10.2, 0.0, 0.0, 0.0
2015, 10, 31, 12.7, 5.6, -0.1, 58.9, 1.2, 10.2, 0.0, 0.0, 0.0
2015, 11, 1, 12.5, 7.3, 0.7, 61.3, 0.8, 2.6, 0.0, 0.0, 6.4
2015, 11, 2, 16.7, 10.7, 5.1, 71.5, 1.0, 7.1, 0.0, 0.0, 4.3
2015, 11, 3, 19.1, 11.0, 5.2, 79.3, 0.5, 8.9, 0.0, 0.0, 0.1
2015, 11, 4, 20.6, 11.9, 4.9, 72.6, 0.5, 9.2, 0.0, 0.0, 1.9
2015, 11, 5, 19.9, 12.7, 7.2, 76.1, 0.9, 7.3, 0.0, 0.0, 2.4
2015, 11, 6, 20.7, 14.3, 7.5, 67.4, 3.3, 5.8, 3.1, 0.0, 6.3
2015, 11, 7, 12.9, 11.8, 10.4, 97.3, 3.5, 0.0, 21.4, 0.0, 10.0
2015, 11, 8, 12.9, 12.2, 11.5, 97.0, 3.1, 0.0, 12.9, 0.0, 10.0
2015, 11, 9, 13.0, 11.7, 10.5, 88.1, 1.5, 0.0, 2.8, 0.0, 9.8
2015, 11, 10, 14.7, 10.3, 6.5, 83.0, 0.9, 3.3, 0.0, 0.0, 5.1
2015, 11, 11, 17.4, 11.1, 5.9, 83.0, 0.3, 6.4, 0.0, 0.0, 4.0
2015, 11, 12, 19.7, 14.2, 8.2, 69.5, 2.3, 8.8, 0.0, 0.0, 3.9
2015, 11, 13, 14.1, 12.1, 11.1, 85.0, 2.5, 0.0, 20.2, 0.0, 9.8
2015, 11, 14, 14.0, 12.9, 11.2, 99.4, 0.4, 0.0, 3.6, 0.0, 9.6
2015, 11, 15, 19.5, 13.6, 10.1, 89.5, 0.8, 5.1, 0.1, 0.0, 6.3
2015, 11, 16, 15.4, 12.5, 9.1, 91.0, 1.6, 0.0, 11.8, 0.0, 9.0
2015, 11, 17, 20.2, 14.7, 11.4, 80.0, 1.1, 7.9, 0.6, 0.0, 6.3
2015, 11, 18, 14.1, 11.9, 9.3, 74.8, 3.3, 0.0, 4.1, 0.0, 9.1
2015, 11, 19, 11.8, 10.0, 8.0, 79.5, 1.9, 0.0, 0.0, 0.0, 8.6
2015, 11, 20, 14.1, 10.3, 7.9, 83.4, 1.0, 1.5, 0.0, 0.0, 6.8
2015, 11, 21, 15.0, 8.8, 5.1, 68.4, 1.1, 7.1, 0.0, 0.0, 2.3
2015, 11, 22, 16.5, 10.5, 4.2, 75.5, 1.1, 3.5, 4.4, 0.0, 7.4
2015, 11, 23, 11.4, 9.5, 8.3, 87.4, 2.1, 0.0, 9.7, 0.0, 9.8
2015, 11, 24, 9.9, 6.9, 3.0, 71.5, 2.2, 0.5, 1.0, 0.0, 8.4
2015, 11, 25, 6.0, 3.7, 1.3, 92.1, 2.2, 0.1, 11.8, 0.0, 9.9
2015, 11, 26, 2.2, -1.2, -3.1, 74.9, 3.0, 3.8, 3.7, 5.8, 7.4
2015, 11, 27, 2.5, -1.0, -4.8, 64.5, 2.0, 2.2, 0.0, 0.0, 7.1
2015, 11, 28, 3.4, 1.5, 0.0, 70.8, 1.5, 0.6, 0.0, 0.0, 7.8
2015, 11, 29, 5.3, 3.8, 2.2, 91.8, 1.9, 0.0, 4.2, 0.0, 9.9
2015, 11, 30, 9.4, 4.8, -0.4, 78.6, 1.5, 8.3, 0.6, 0.0, 3.3
2015, 12, 1, 11.4, 3.8, -2.0, 71.4, 0.8, 8.9, 0.0, 0.0, 1.8
2015, 12, 2, 9.2, 6.9, 3.0, 77.9, 2.1, 0.2, 17.8, 0.0, 9.3
2015, 12, 3, 4.4, 0.1, -2.3, 87.6, 3.0, 0.9, 16.7, 8.2, 8.8
2015, 12, 4, 1.7, -0.9, -4.6, 85.0, 1.1, 3.9, 0.0, 0.0, 6.3
2015, 12, 5, 9.1, 4.0, 0.6, 64.5, 1.5, 7.3, 0.0, 0.0, 5.4
2015, 12, 6, 7.3, 1.5, -1.5, 57.1, 0.9, 6.7, 0.0, 0.0, 5.1
2015, 12, 7, 8.0, 1.8, -4.1, 68.4, 0.9, 8.7, 0.0, 0.0, 2.4
2015, 12, 8, 9.5, 2.1, -2.5, 74.3, 0.6, 8.8, 0.0, 0.0, 0.1
2015, 12, 9, 13.0, 5.5, -2.2, 68.5, 1.2, 6.6, 0.0, 0.0, 4.9
2015, 12, 10, 10.8, 9.1, 7.4, 78.4, 1.6, 0.0, 0.8, 0.0, 9.4
2015, 12, 11, 13.4, 7.5, 4.2, 61.1, 2.4, 5.7, 0.0, 0.0, 2.1
2015, 12, 12, 11.0, 6.0, 0.1, 55.1, 1.8, 7.8, 0.0, 0.0, 2.6
2015, 12, 13, 12.8, 6.3, 1.9, 58.1, 0.9, 7.7, 0.0, 0.0, 3.5
2015, 12, 14, 8.0, 6.1, 1.9, 82.8, 0.9, 0.0, 3.6, 0.0, 9.8
2015, 12, 15, 8.7, 6.0, 3.3, 72.1, 2.2, 2.0, 0.0, 0.0, 7.9
2015, 12, 16, 4.3, 0.5, -3.4, 51.8, 3.2, 8.0, 0.0, 0.0, 2.6
2015, 12, 17, 0.9, -3.1, -5.9, 45.0, 2.3, 9.0, 0.0, 0.0, 0.0
2015, 12, 18, 1.5, -1.7, -7.0, 65.5, 1.0, 0.0, 0.0, 0.0, 6.0
2015, 12, 19, 7.6, 0.2, -4.4, 75.5, 0.7, 8.4, 0.0, 0.0, 0.6
2015, 12, 20, 5.8, 1.9, -3.7, 66.6, 0.7, 1.0, 0.0, 0.0, 6.5
2015, 12, 21, 6.9, 2.8, -0.9, 86.9, 1.4, 2.2, 5.8, 0.0, 6.6
2015, 12, 22, 9.2, 4.2, -0.4, 74.4, 1.6, 5.9, 0.0, 0.0, 7.8
2015, 12, 23, 12.5, 6.5, 2.5, 73.0, 1.2, 4.6, 0.3, 0.0, 4.9
2015, 12, 24, 7.7, 2.3, -0.1, 68.4, 1.7, 4.9, 0.0, 0.0, 3.5
2015, 12, 25, 5.2, 0.4, -3.0, 45.6, 1.8, 8.8, 0.0, 0.0, 2.6
2015, 12, 26, 8.0, 1.7, -2.2, 77.4, 1.8, 1.9, 1.0, 1.7, 3.5
2015, 12, 27, 0.5, -4.0, -7.4, 39.0, 2.2, 9.0, 0.0, 0.0, 0.0
2015, 12, 28, 1.4, -4.2, -8.8, 41.6, 1.6, 8.7, 0.0, 0.0, 0.1
2015, 12, 29, 3.7, -2.7, -9.3, 57.0, 1.0, 7.4, 0.0, 0.0, 3.8
2015, 12, 30, 6.0, 1.5, -3.4, 70.9, 1.7, 4.9, 3.3, 0.0, 7.0
2015, 12, 31, 5.8, 1.3, -2.6, 85.3, 1.4, 5.4, 0.0, 0.0, 4.4
2016, 1, 1, 5.7, 1.6, -4.2, 80.1, 0.8, 1.6, 0.0, 0.0, 5.4
2016, 1, 2, 10.3, 5.8, 1.2, 83.1, 1.0, 1.9, 0.0, 0.0, 6.4
2016, 1, 3, 10.7, 6.0, 2.7, 92.1, 0.6, 1.1, 0.0, 0.0, 7.5
2016, 1, 4, 7.5, 3.7, -1.0, 54.4, 2.3, 8.2, 0.0, 0.0, 4.5
2016, 1, 5, 2.6, -1.1, -3.4, 39.6, 2.2, 6.4, 0.0, 0.0, 3.3
2016, 1, 6, 3.7, -0.7, -4.6, 57.9, 1.4, 1.8, 0.0, 0.0, 5.5
2016, 1, 7, 3.0, -1.8, -5.6, 52.6, 1.8, 9.1, 0.0, 0.0, 1.4
2016, 1, 8, 3.1, -1.5, -7.3, 54.0, 1.4, 9.3, 0.0, 0.0, 2.0
2016, 1, 9, 4.0, 0.2, -3.6, 56.6, 1.7, 6.7, 0.0, 0.0, 4.4
2016, 1, 10, 6.7, 1.5, -1.8, 45.0, 1.7, 6.8, 0.0, 0.0, 3.1
2016, 1, 11, 2.8, -2.0, -5.0, 36.6, 1.8, 9.3, 0.0, 0.0, 1.5
2016, 1, 12, 1.7, -3.8, -8.0, 50.6, 1.8, 9.0, 0.0, 0.0, 1.6
2016, 1, 13, 1.8, -2.9, -7.3, 66.8, 1.5, 4.9, 2.7, 3.7, 5.3
2016, 1, 14, 1.1, -3.5, -10.2, 65.4, 0.9, 7.2, 0.8, 2.3, 3.5
2016, 1, 15, 5.0, -0.3, -4.2, 73.4, 0.8, 7.5, 0.2, 0.3, 2.5
2016, 1, 16, 4.9, 1.7, -2.3, 69.5, 1.5, 1.2, 0.2, 0.1, 7.4
2016, 1, 17, 6.5, 2.5, -1.5, 68.4, 1.3, 0.0, 0.0, 0.0, 6.5
2016, 1, 18, 1.8, -4.7, -10.2, 60.6, 4.2, 6.0, 0.0, 0.0, 5.1
2016, 1, 19, -6.8, -10.5, -12.9, 49.6, 4.2, 9.3, 0.0, 0.0, 0.4
2016, 1, 20, -5.0, -9.0, -12.6, 49.5, 1.4, 7.5, 0.0, 0.0, 2.6
2016, 1, 21, -1.4, -5.8, -9.8, 53.4, 1.5, 6.5, 0.0, 0.0, 4.3
2016, 1, 22, -1.5, -5.8, -10.6, 38.4, 2.0, 7.7, 0.0, 0.0, 5.1
2016, 1, 23, -6.1, -9.5, -14.3, 37.4, 4.1, 8.3, 0.0, 0.0, 4.1
2016, 1, 24, -8.5, -12.6, -16.2, 48.6, 2.8, 9.3, 0.0, 0.0, 0.0
2016, 1, 25, -2.4, -8.2, -14.4, 55.6, 1.4, 9.5, 0.0, 0.0, 1.0
2016, 1, 26, 3.3, -2.8, -6.5, 75.5, 1.2, 3.8, 0.7, 1.0, 5.5
2016, 1, 27, 4.8, -0.7, -5.5, 68.8, 1.2, 8.5, 0.0, 0.0, 2.6
2016, 1, 28, 5.2, 0.2, -6.8, 59.3, 0.8, 1.7, 0.0, 0.0, 6.9
2016, 1, 29, 6.5, 2.0, -1.6, 52.6, 1.1, 0.0, 0.0, 0.0, 7.0
2016, 1, 30, 7.5, 0.6, -4.1, 71.4, 1.2, 5.9, 0.0, 0.0, 3.3
2016, 1, 31, 0.7, -2.6, -4.9, 48.4, 2.2, 7.8, 0.0, 0.0, 4.0
2016, 2, 1, -0.4, -4.9, -8.0, 40.4, 2.1, 9.0, 0.0, 0.0, 0.9
2016, 2, 2, 2.3, -4.7, -10.5, 47.8, 1.3, 9.8, 0.0, 0.0, 0.0
2016, 2, 3, 5.4, -2.7, -9.1, 61.9, 0.9, 8.1, 0.0, 0.0, 2.3
2016, 2, 4, 6.2, 0.0, -4.6, 60.6, 2.0, 8.9, 0.0, 0.0, 3.8
2016, 2, 5, 4.2, -1.7, -7.4, 45.8, 1.7, 8.5, 0.0, 0.0, 2.8
2016, 2, 6, 2.8, -2.3, -7.7, 44.6, 2.0, 9.9, 0.3, 0.5, 0.0
2016, 2, 7, 3.9, -2.9, -9.5, 56.5, 1.2, 9.8, 0.0, 0.0, 1.1
2016, 2, 8, 7.3, 2.0, -5.0, 63.3, 2.7, 3.9, 0.0, 0.0, 6.1
2016, 2, 9, 7.5, 1.2, -3.5, 56.6, 2.5, 9.9, 0.0, 0.0, 0.8
2016, 2, 10, 10.9, 2.4, -5.6, 54.6, 0.7, 10.0, 0.0, 0.0, 0.0
2016, 2, 11, 14.8, 8.5, 0.3, 35.3, 2.2, 4.5, 0.2, 0.0, 6.3
2016, 2, 12, 10.9, 9.5, 7.4, 94.8, 1.8, 0.0, 27.4, 0.0, 10.0
2016, 2, 13, 16.6, 11.8, 4.4, 95.9, 2.1, 0.4, 14.3, 0.0, 10.0
2016, 2, 14, 4.5, -1.4, -5.0, 73.5, 4.3, 0.9, 0.0, 0.0, 8.4
2016, 2, 15, -0.5, -4.5, -8.6, 54.4, 2.9, 10.3, 0.1, 0.3, 2.4
2016, 2, 16, 3.4, -2.1, -7.3, 78.5, 2.0, 3.1, 0.5, 0.5, 4.1
2016, 2, 17, 6.2, 0.4, -5.6, 62.5, 1.7, 10.3, 0.0, 0.0, 0.3
2016, 2, 18, 8.6, 3.9, -2.8, 70.4, 2.2, 4.3, 0.0, 0.0, 4.3
2016, 2, 19, 4.9, 1.9, -1.5, 78.6, 0.6, 0.0, 0.0, 0.0, 7.5
2016, 2, 20, 8.4, 2.4, -2.2, 44.0, 2.3, 9.2, 0.0, 0.0, 2.0
2016, 2, 21, 5.5, 0.4, -5.1, 40.0, 2.0, 10.2, 0.0, 0.0, 2.8
2016, 2, 22, 4.9, 2.2, -1.7, 38.4, 0.8, 0.0, 0.1, 0.0, 9.5
2016, 2, 23, 7.1, 1.5, -3.1, 63.3, 2.6, 8.2, 0.3, 0.0, 5.4
2016, 2, 24, 2.4, -2.3, -6.2, 46.4, 2.3, 10.7, 0.0, 0.0, 0.0
2016, 2, 25, 5.9, 0.6, -5.8, 59.8, 2.2, 8.1, 0.0, 0.0, 3.0
2016, 2, 26, 8.1, 3.4, -1.8, 47.9, 1.7, 9.7, 1.1, 0.0, 4.8
2016, 2, 27, 7.9, 2.9, 0.3, 78.3, 0.9, 5.9, 5.3, 0.0, 7.5
2016, 2, 28, 7.6, 1.6, -2.1, 75.8, 1.1, 0.2, 3.0, 1.8, 6.5
2016, 2, 29, 0.0, -2.4, -4.4, 50.1, 3.3, 8.5, 0.0, 0.0, 2.5
2016, 3, 1, 3.5, -1.7, -7.0, 51.6, 1.9, 10.4, 0.0, 0.0, 1.9
2016, 3, 2, 9.8, 3.4, -2.7, 73.0, 2.0, 6.3, 0.0, 0.0, 6.6
2016, 3, 3, 13.7, 7.8, 3.8, 70.6, 1.5, 4.4, 0.0, 0.0, 6.0
2016, 3, 4, 19.7, 13.1, 8.2, 63.6, 2.1, 9.0, 3.6, 0.0, 6.6
2016, 3, 5, 15.1, 11.9, 9.0, 94.4, 2.3, 0.0, 51.2, 0.0, 8.8
2016, 3, 6, 14.6, 8.2, 4.8, 63.3, 2.1, 8.4, 0.0, 0.0, 4.3
2016, 3, 7, 12.5, 8.6, 3.0, 49.3, 1.1, 0.5, 0.0, 0.0, 8.0
2016, 3, 8, 7.0, 3.7, -0.2, 44.8, 2.6, 0.0, 0.0, 0.0, 8.5
2016, 3, 9, 7.3, 1.8, -1.2, 37.8, 3.1, 9.6, 0.0, 0.0, 4.1
2016, 3, 10, 5.5, 0.6, -2.5, 36.5, 3.0, 10.8, 0.0, 0.0, 2.3
2016, 3, 11, 5.2, 0.6, -3.8, 44.0, 2.3, 11.2, 0.0, 0.0, 0.1
2016, 3, 12, 8.7, 2.4, -3.1, 59.6, 1.6, 5.7, 0.0, 0.0, 5.8
2016, 3, 13, 8.6, 4.0, 1.0, 66.5, 0.9, 1.8, 0.0, 0.0, 7.4
2016, 3, 14, 10.2, 4.9, 0.6, 69.0, 2.0, 9.4, 0.0, 0.0, 3.6
2016, 3, 15, 12.9, 5.1, -2.2, 56.1, 1.2, 8.8, 0.0, 0.0, 4.0
2016, 3, 16, 14.8, 7.5, 2.7, 54.3, 1.3, 9.9, 0.0, 0.0, 2.8
2016, 3, 17, 16.4, 9.0, -0.1, 49.3, 0.6, 6.4, 0.0, 0.0, 6.3
2016, 3, 18, 20.6, 13.0, 8.8, 55.6, 1.3, 5.7, 0.0, 0.0, 5.1
2016, 3, 19, 17.1, 10.2, 4.6, 67.5, 1.7, 10.6, 0.0, 0.0, 0.0
2016, 3, 20, 16.9, 8.6, 3.0, 66.9, 1.5, 10.2, 0.0, 0.0, 0.4
2016, 3, 21, 17.4, 8.7, 2.8, 64.8, 1.5, 10.4, 0.0, 0.0, 0.0
2016, 3, 22, 14.8, 7.5, 1.4, 70.5, 1.4, 9.9, 0.0, 0.0, 4.0
2016, 3, 23, 14.1, 8.7, 4.2, 57.0, 2.0, 8.0, 0.0, 0.0, 4.0
2016, 3, 24, 13.5, 6.8, 1.0, 47.3, 1.6, 11.3, 0.0, 0.0, 0.4
2016, 3, 25, 12.6, 6.1, 0.7, 57.8, 1.2, 10.5, 0.0, 0.0, 1.4
2016, 3, 26, 13.2, 5.4, -0.1, 62.4, 1.1, 10.2, 0.0, 0.0, 1.0
2016, 3, 27, 13.9, 6.5, 0.8, 60.0, 1.5, 9.4, 0.0, 0.0, 0.9
2016, 3, 28, 17.9, 9.2, 0.6, 47.5, 0.7, 11.4, 0.0, 0.0, 0.8
2016, 3, 29, 18.1, 11.3, 6.0, 63.0, 2.4, 3.2, 0.0, 0.0, 6.8
2016, 3, 30, 18.9, 11.3, 6.3, 59.1, 1.1, 9.1, 0.0, 0.0, 3.1
2016, 3, 31, 22.2, 13.1, 4.2, 38.3, 0.8, 8.5, 0.0, 0.0, 4.8
2016, 4, 1, 24.3, 14.1, 5.4, 37.1, 0.9, 10.0, 0.0, 0.0, 2.6
2016, 4, 2, 23.3, 14.2, 6.8, 47.8, 1.4, 10.5, 0.0, 0.0, 2.8
2016, 4, 3, 14.0, 11.3, 9.1, 79.6, 0.9, 0.0, 0.3, 0.0, 8.4
2016, 4, 4, 20.1, 12.3, 5.1, 51.9, 1.1, 10.8, 0.0, 0.0, 4.1
2016, 4, 5, 18.7, 11.1, 4.1, 45.8, 1.5, 11.8, 0.0, 0.0, 1.4
2016, 4, 6, 23.6, 14.4, 5.4, 44.5, 0.7, 6.5, 4.2, 0.0, 7.3
2016, 4, 7, 20.9, 13.6, 9.8, 81.1, 2.0, 8.2, 7.9, 0.0, 6.3
2016, 4, 8, 20.6, 10.9, 7.9, 86.0, 1.5, 7.0, 0.0, 0.0, 5.9
2016, 4, 9, 18.1, 12.2, 8.2, 88.1, 1.0, 0.0, 0.0, 0.0, 8.0
2016, 4, 10, 21.5, 13.1, 8.0, 84.9, 1.3, 5.7, 0.0, 0.0, 5.8
2016, 4, 11, 19.8, 12.9, 7.1, 51.4, 1.6, 11.6, 0.0, 0.0, 0.3
2016, 4, 12, 20.3, 14.2, 9.7, 50.6, 1.6, 5.7, 0.0, 0.0, 6.4
2016, 4, 13, 22.0, 15.0, 11.1, 79.8, 1.2, 4.4, 3.8, 0.0, 5.6
2016, 4, 14, 17.8, 10.7, 7.1, 91.8, 1.8, 4.7, 0.0, 0.0, 3.6
2016, 4, 15, 24.2, 14.4, 6.1, 57.9, 2.0, 10.6, 0.0, 0.0, 2.5
2016, 4, 16, 21.6, 14.9, 8.3, 71.6, 2.6, 1.7, 29.6, 0.0, 7.6
2016, 4, 17, 15.0, 11.4, 9.1, 70.9, 5.1, 7.6, 17.7, 0.0, 5.6
2016, 4, 18, 19.5, 11.2, 6.0, 74.3, 2.8, 9.4, 3.2, 0.0, 4.3
2016, 4, 19, 19.8, 12.0, 7.0, 67.9, 1.9, 10.2, 0.0, 0.0, 5.6
2016, 4, 20, 19.6, 14.2, 9.7, 64.3, 1.6, 3.8, 0.4, 0.0, 8.9
2016, 4, 21, 19.3, 14.4, 10.9, 90.5, 2.5, 0.7, 12.1, 0.0, 9.3
2016, 4, 22, 23.8, 14.7, 11.1, 86.3, 2.4, 5.2, 0.0, 0.0, 7.8
2016, 4, 23, 21.3, 13.9, 9.0, 58.1, 1.6, 4.1, 0.0, 0.0, 7.5
2016, 4, 24, 24.3, 14.7, 6.8, 52.9, 1.4, 11.0, 0.0, 0.0, 2.9
2016, 4, 25, 26.1, 16.4, 8.3, 42.5, 1.6, 11.5, 0.0, 0.0, 1.0
2016, 4, 26, 29.7, 20.4, 9.7, 44.9, 1.4, 9.0, 0.0, 0.0, 6.1
2016, 4, 27, 20.6, 17.5, 15.5, 38.4, 2.8, 0.0, 0.0, 0.0, 9.8
2016, 4, 28, 22.1, 16.5, 12.2, 44.3, 1.6, 9.2, 0.0, 0.0, 5.3
2016, 4, 29, 22.6, 15.3, 10.3, 60.6, 2.0, 11.5, 0.0, 0.0, 1.3
2016, 4, 30, 23.4, 16.5, 9.8, 55.5, 2.5, 4.4, 0.0, 0.0, 5.1
2016, 5, 1, 27.8, 18.4, 10.8, 47.1, 1.7, 8.3, 0.0, 0.0, 4.4
2016, 5, 2, 28.4, 20.6, 14.9, 72.5, 2.0, 6.8, 21.3, 0.0, 7.4
2016, 5, 3, 18.5, 13.6, 9.7, 93.0, 5.0, 0.0, 38.1, 0.0, 9.9
2016, 5, 4, 21.3, 15.9, 11.1, 48.5, 6.1, 12.9, 0.0, 0.0, 1.3
2016, 5, 5, 26.9, 18.7, 8.1, 57.8, 1.6, 10.8, 3.1, 0.0, 4.0
2016, 5, 6, 19.3, 16.5, 12.3, 92.8, 1.5, 0.0, 1.1, 0.0, 9.0
2016, 5, 7, 22.6, 15.4, 9.2, 68.9, 2.0, 12.2, 0.0, 0.0, 2.9
2016, 5, 8, 26.5, 18.5, 9.7, 55.4, 1.8, 11.0, 0.0, 0.0, 5.0
2016, 5, 9, 26.7, 20.3, 14.1, 54.3, 1.6, 5.8, 0.0, 0.0, 8.0
2016, 5, 10, 19.2, 15.2, 13.4, 81.9, 2.2, 0.2, 16.2, 0.0, 9.6
2016, 5, 11, 23.6, 16.6, 11.0, 66.9, 2.0, 13.0, 0.0, 0.0, 2.0
2016, 5, 12, 24.7, 17.5, 10.9, 71.5, 2.2, 12.8, 0.0, 0.0, 3.6
2016, 5, 13, 25.0, 17.7, 12.3, 65.1, 2.1, 10.3, 0.0, 0.0, 3.5
2016, 5, 14, 26.7, 19.7, 14.1, 51.0, 2.3, 10.9, 0.0, 0.0, 5.1
2016, 5, 15, 25.2, 17.5, 12.6, 80.6, 2.5, 4.4, 39.8, 0.0, 8.3
2016, 5, 16, 22.2, 15.6, 10.6, 69.6, 2.5, 11.1, 2.7, 0.0, 3.3
2016, 5, 17, 27.1, 18.4, 9.9, 61.4, 1.3, 13.2, 0.0, 0.0, 0.0
2016, 5, 18, 30.3, 21.1, 11.9, 57.9, 1.3, 13.4, 0.0, 0.0, 1.3
2016, 5, 19, 31.8, 23.1, 13.8, 48.0, 1.2, 13.1, 0.0, 0.0, 0.0
2016, 5, 20, 31.4, 23.1, 15.2, 48.5, 1.5, 12.1, 0.0, 0.0, 1.9
2016, 5, 21, 30.3, 23.6, 17.1, 32.3, 2.0, 12.5, 0.0, 0.0, 4.0
2016, 5, 22, 31.0, 23.5, 16.5, 41.4, 1.8, 12.5, 0.0, 0.0, 4.8
2016, 5, 23, 29.6, 22.4, 16.3, 48.5, 1.6, 7.7, 0.0, 0.0, 7.4
2016, 5, 24, 20.7, 16.4, 13.5, 92.9, 1.9, 3.4, 34.1, 0.0, 6.5
2016, 5, 25, 24.1, 19.4, 13.5, 77.0, 1.8, 3.8, 0.0, 0.0, 7.5
2016, 5, 26, 24.7, 19.7, 16.9, 76.0, 1.4, 1.6, 0.0, 0.0, 7.4
2016, 5, 27, 27.8, 21.1, 14.6, 68.3, 1.4, 6.8, 0.0, 0.0, 7.6
2016, 5, 28, 27.2, 20.1, 15.0, 68.3, 1.6, 11.9, 0.0, 0.0, 2.6
2016, 5, 29, 26.9, 20.3, 15.5, 63.6, 1.6, 7.3, 0.0, 0.0, 4.1
2016, 5, 30, 28.7, 21.2, 14.6, 69.5, 2.0, 11.6, 0.0, 0.0, 0.0
2016, 5, 31, 27.6, 20.7, 15.8, 77.9, 1.9, 11.4, 0.0, 0.0, 3.6
2016, 6, 1, 29.6, 22.7, 16.5, 61.5, 1.9, 11.4, 0.0, 0.0, 2.6
2016, 6, 2, 29.1, 22.6, 16.1, 50.5, 1.8, 13.7, 0.0, 0.0, 0.8
2016, 6, 3, 28.3, 21.9, 15.7, 59.9, 1.5, 11.7, 0.0, 0.0, 4.3
2016, 6, 4, 24.2, 20.6, 18.4, 61.5, 1.4, 0.2, 0.2, 0.0, 8.8
2016, 6, 5, 31.1, 23.6, 15.3, 59.3, 1.4, 11.7, 0.0, 0.0, 3.1
2016, 6, 6, 26.4, 22.4, 19.9, 58.5, 2.5, 4.7, 0.0, 0.0, 8.1
2016, 6, 7, 27.9, 21.9, 17.6, 73.3, 1.9, 10.9, 0.0, 0.0, 5.0
2016, 6, 8, 27.1, 21.2, 17.3, 78.9, 2.0, 9.9, 0.0, 0.0, 4.5
2016, 6, 9, 29.8, 22.6, 17.2, 74.1, 1.6, 10.3, 0.0, 0.0, 3.9
2016, 6, 10, 30.3, 23.4, 18.4, 70.6, 1.8, 11.1, 0.0, 0.0, 3.4
2016, 6, 11, 29.6, 24.0, 20.5, 81.1, 1.8, 3.3, 1.1, 0.0, 7.9
2016, 6, 12, 28.0, 23.4, 19.6, 88.4, 1.8, 4.6, 0.4, 0.0, 8.6
2016, 6, 13, 28.5, 22.3, 17.9, 82.4, 1.9, 7.8, 0.0, 0.0, 4.8
2016, 6, 14, 29.4, 22.9, 18.1, 74.0, 1.7, 6.9, 0.0, 0.0, 7.0
2016, 6, 15, 25.7, 20.9, 17.7, 90.4, 2.2, 2.0, 27.6, 0.0, 9.4
2016, 6, 16, 25.7, 20.9, 18.4, 83.3, 2.5, 8.0, 0.0, 0.0, 4.8
2016, 6, 17, 29.1, 23.3, 17.8, 71.0, 2.1, 11.5, 0.0, 0.0, 1.9
2016, 6, 18, 29.2, 23.8, 19.2, 71.0, 1.7, 12.6, 0.0, 0.0, 1.1
2016, 6, 19, 29.3, 24.3, 20.3, 73.5, 1.8, 8.7, 0.0, 0.0, 4.4
2016, 6, 20, 30.7, 25.1, 19.0, 70.3, 1.4, 7.6, 0.0, 0.0, 6.9
2016, 6, 21, 30.9, 25.3, 20.2, 72.9, 1.5, 6.2, 0.0, 0.0, 6.5
2016, 6, 22, 31.1, 25.2, 21.9, 78.3, 1.8, 3.0, 0.8, 0.0, 6.6
2016, 6, 23, 31.4, 25.0, 21.2, 78.6, 1.8, 8.0, 0.7, 0.0, 6.6
2016, 6, 24, 26.7, 22.4, 19.6, 90.3, 2.1, 1.6, 6.4, 0.0, 7.9
2016, 6, 25, 27.7, 22.4, 18.7, 71.1, 2.8, 11.4, 0.0, 0.0, 2.4
2016, 6, 26, 30.7, 23.6, 17.8, 70.5, 2.0, 13.3, 0.0, 0.0, 1.1
2016, 6, 27, 30.1, 24.1, 19.2, 69.4, 1.3, 4.0, 0.0, 0.0, 6.1
2016, 6, 28, 30.2, 24.4, 19.6, 69.4, 1.6, 10.8, 0.0, 0.0, 5.8
2016, 6, 29, 29.0, 24.6, 21.2, 72.4, 2.0, 7.8, 0.0, 0.0, 7.6
2016, 6, 30, 29.0, 24.7, 22.7, 88.0, 2.2, 0.9, 0.2, 0.0, 9.6
2016, 7, 1, 28.0, 24.3, 22.7, 94.0, 2.4, 0.0, 104.2, 0.0, 9.9
2016, 7, 2, 27.5, 23.6, 20.9, 88.1, 2.0, 2.1, 2.5, 0.0, 8.3
2016, 7, 3, 26.3, 23.0, 20.6, 82.6, 1.2, 2.3, 0.0, 0.0, 7.4
2016, 7, 4, 23.6, 22.2, 21.0, 96.3, 2.2, 0.0, 43.7, 0.0, 9.5
2016, 7, 5, 27.0, 24.1, 22.1, 99.6, 2.6, 0.0, 37.2, 0.0, 10.0
2016, 7, 6, 27.3, 22.5, 20.0, 89.6, 1.4, 2.1, 0.8, 0.0, 8.3
2016, 7, 7, 28.5, 23.6, 19.8, 83.5, 1.0, 2.7, 0.0, 0.0, 8.3
2016, 7, 8, 33.7, 26.8, 20.3, 75.4, 1.4, 12.9, 0.0, 0.0, 2.0
2016, 7, 9, 32.9, 26.8, 21.8, 74.9, 1.8, 12.0, 0.0, 0.0, 3.0
2016, 7, 10, 33.3, 26.6, 21.6, 74.4, 1.3, 7.8, 0.0, 0.0, 6.6
2016, 7, 11, 34.2, 28.0, 23.0, 71.1, 1.4, 6.4, 0.2, 0.0, 8.0
2016, 7, 12, 30.4, 25.5, 21.3, 82.5, 1.6, 4.2, 5.5, 0.0, 8.0
2016, 7, 13, 29.3, 25.4, 22.2, 81.8, 1.8, 4.2, 0.0, 0.0, 6.1
2016, 7, 14, 31.4, 26.5, 23.4, 78.1, 1.6, 6.4, 0.2, 0.0, 6.8
2016, 7, 15, 28.7, 26.1, 23.0, 65.0, 2.8, 1.9, 1.6, 0.0, 8.9
2016, 7, 16, 23.5, 21.3, 20.1, 99.6, 3.5, 0.0, 49.2, 0.0, 10.0
2016, 7, 17, 23.2, 21.6, 20.6, 93.8, 1.9, 0.0, 3.4, 0.0, 9.9
2016, 7, 18, 28.9, 23.9, 20.5, 82.8, 1.2, 7.5, 0.0, 0.0, 5.1
2016, 7, 19, 32.8, 26.8, 19.9, 75.8, 1.2, 11.7, 0.0, 0.0, 3.3
2016, 7, 20, 33.2, 28.6, 23.9, 70.0, 2.1, 8.2, 0.0, 0.0, 5.3
2016, 7, 21, 32.1, 27.9, 24.6, 67.1, 2.4, 4.7, 0.0, 0.0, 7.9
2016, 7, 22, 33.9, 29.3, 25.1, 67.5, 2.0, 9.1, 0.0, 0.0, 6.6
2016, 7, 23, 32.1, 28.9, 26.8, 77.6, 1.8, 3.6, 0.1, 0.0, 7.8
2016, 7, 24, 32.5, 28.7, 26.8, 82.9, 1.6, 1.3, 0.0, 0.0, 9.0
2016, 7, 25, 32.5, 28.5, 25.8, 86.4, 1.7, 4.8, 0.0, 0.0, 5.9
2016, 7, 26, 32.7, 28.1, 24.5, 82.1, 1.8, 4.5, 0.0, 0.0, 5.8
2016, 7, 27, 29.6, 27.6, 25.4, 87.1, 2.4, 0.5, 0.3, 0.0, 9.0
2016, 7, 28, 30.9, 27.9, 25.4, 82.3, 1.9, 9.3, 4.9, 0.0, 5.6
2016, 7, 29, 27.8, 25.8, 23.6, 94.6, 1.3, 0.7, 57.5, 0.0, 9.6
2016, 7, 30, 33.2, 28.6, 25.8, 86.0, 1.6, 6.2, 6.4, 0.0, 6.3
2016, 7, 31, 33.7, 29.0, 25.9, 84.0, 1.5, 9.7, 0.0, 0.0, 5.3
2016, 8, 1, 32.5, 28.3, 25.7, 83.8, 1.5, 4.5, 0.0, 0.0, 7.3
2016, 8, 2, 30.7, 27.7, 25.4, 84.3, 1.2, 0.0, 0.0, 0.0, 8.4
2016, 8, 3, 34.7, 29.2, 24.4, 68.8, 1.4, 11.2, 0.0, 0.0, 5.5
2016, 8, 4, 35.1, 28.9, 24.7, 80.0, 1.1, 8.4, 0.0, 0.0, 2.3
2016, 8, 5, 35.6, 29.8, 25.6, 76.9, 1.4, 10.8, 0.0, 0.0, 1.5
2016, 8, 6, 35.4, 29.6, 25.5, 75.5, 1.6, 10.5, 0.0, 0.0, 1.9
2016, 8, 7, 34.9, 29.1, 25.4, 68.0, 1.6, 11.9, 0.0, 0.0, 1.3
2016, 8, 8, 35.0, 29.3, 24.5, 76.0, 1.4, 9.4, 0.0, 0.0, 2.9
2016, 8, 9, 34.3, 29.6, 26.4, 75.4, 1.8, 9.6, 0.0, 0.0, 3.4
2016, 8, 10, 34.1, 29.0, 25.3, 74.1, 1.7, 11.0, 0.0, 0.0, 3.9
2016, 8, 11, 35.5, 29.6, 24.7, 78.0, 1.6, 10.7, 0.0, 0.0, 0.9
2016, 8, 12, 35.0, 28.9, 25.0, 83.8, 1.7, 9.1, 0.0, 0.0, 3.3
2016, 8, 13, 34.6, 29.6, 26.2, 78.4, 1.9, 10.2, 0.0, 0.0, 4.8
2016, 8, 14, 33.4, 29.3, 26.1, 84.6, 1.9, 5.4, 0.0, 0.0, 6.0
2016, 8, 15, 34.1, 28.8, 25.4, 75.6, 1.7, 7.9, 0.0, 0.0, 6.6
2016, 8, 16, 34.4, 29.0, 24.2, 70.3, 1.5, 10.8, 0.0, 0.0, 3.4
2016, 8, 17, 34.6, 29.0, 24.7, 76.3, 1.3, 9.3, 0.3, 0.0, 4.4
2016, 8, 18, 35.1, 29.6, 25.4, 69.8, 1.4, 3.8, 0.0, 0.0, 7.3
2016, 8, 19, 34.2, 30.0, 26.2, 72.6, 1.5, 3.3, 0.0, 0.0, 7.6
2016, 8, 20, 35.4, 30.6, 27.6, 64.1, 1.7, 4.4, 0.0, 0.0, 6.6
2016, 8, 21, 36.5, 30.5, 27.6, 56.4, 1.9, 8.2, 0.0, 0.0, 5.5
2016, 8, 22, 35.1, 29.3, 25.1, 73.6, 1.4, 9.7, 0.0, 0.0, 3.3
2016, 8, 23, 33.6, 28.9, 26.3, 72.9, 2.2, 6.2, 0.3, 0.0, 7.1
2016, 8, 24, 33.8, 29.2, 25.9, 63.5, 1.8, 6.6, 0.0, 0.0, 5.3
2016, 8, 25, 34.0, 27.9, 24.0, 72.0, 1.9, 7.1, 0.0, 0.0, 5.5
2016, 8, 26, 26.4, 22.6, 20.2, 70.9, 3.2, 5.3, 17.0, 0.0, 5.8
2016, 8, 27, 29.1, 23.5, 17.1, 48.9, 2.8, 11.4, 0.0, 0.0, 4.8
2016, 8, 28, 24.3, 21.3, 18.8, 66.1, 2.3, 1.5, 0.3, 0.0, 7.9
2016, 8, 29, 28.6, 21.9, 17.1, 62.5, 2.3, 7.7, 0.0, 0.0, 5.0
2016, 8, 30, 25.5, 21.0, 16.1, 67.4, 2.5, 4.9, 0.0, 0.0, 6.1
2016, 8, 31, 22.0, 18.8, 16.6, 90.4, 3.9, 0.1, 55.1, 0.0, 9.3
2016, 9, 1, 29.8, 23.7, 16.3, 80.8, 2.6, 9.5, 0.0, 0.0, 4.1
2016, 9, 2, 29.2, 24.1, 19.6, 73.6, 3.2, 8.1, 0.8, 0.0, 7.3
2016, 9, 3, 29.7, 24.3, 21.1, 79.6, 1.9, 5.7, 0.0, 0.0, 6.0
2016, 9, 4, 30.4, 26.2, 21.4, 78.1, 1.1, 3.7, 0.0, 0.0, 7.9
2016, 9, 5, 31.5, 26.6, 22.7, 75.6, 1.5, 7.4, 0.0, 0.0, 4.3
2016, 9, 6, 29.0, 24.1, 20.2, 82.9, 1.5, 5.1, 0.0, 0.0, 6.9
2016, 9, 7, 28.5, 23.8, 20.7, 83.5, 1.5, 0.9, 0.0, 0.0, 6.9
2016, 9, 8, 27.1, 22.7, 20.7, 87.3, 1.1, 1.5, 29.1, 0.0, 8.8
2016, 9, 9, 28.2, 23.1, 20.1, 86.1, 1.4, 5.7, 0.0, 0.0, 6.0
2016, 9, 10, 28.4, 23.5, 19.1, 81.1, 1.1, 2.7, 0.0, 0.0, 6.6
2016, 9, 11, 27.8, 23.9, 20.6, 72.9, 1.5, 5.6, 0.0, 0.0, 7.8
2016, 9, 12, 28.9, 24.5, 21.4, 72.6, 1.3, 5.5, 0.0, 0.0, 4.4
2016, 9, 13, 29.7, 24.3, 20.5, 72.5, 1.4, 8.8, 0.0, 0.0, 5.6
2016, 9, 14, 28.9, 23.6, 19.3, 78.6, 1.5, 6.3, 0.0, 0.0, 5.9
2016, 9, 15, 28.4, 23.0, 18.1, 80.3, 1.1, 6.2, 0.0, 0.0, 9.0
2016, 9, 16, 28.2, 23.5, 19.4, 80.6, 1.1, 3.5, 0.0, 0.0, 9.4
2016, 9, 17, 26.6, 21.9, 19.1, 81.8, 2.4, 4.2, 26.6, 0.0, 7.1
2016, 9, 18, 28.8, 23.4, 20.6, 60.0, 2.4, 7.3, 0.0, 0.0, 7.0
2016, 9, 19, 27.3, 21.6, 17.4, 58.9, 2.8, 8.2, 0.0, 0.0, 3.3
2016, 9, 20, 26.0, 20.3, 15.1, 45.5, 2.5, 11.6, 0.0, 0.0, 0.5
2016, 9, 21, 24.1, 19.4, 14.1, 54.6, 1.7, 7.9, 0.0, 0.0, 5.8
2016, 9, 22, 26.5, 21.1, 17.3, 59.4, 1.5, 8.7, 0.0, 0.0, 4.1
2016, 9, 23, 27.6, 20.8, 15.4, 70.5, 1.3, 9.7, 0.0, 0.0, 1.4
2016, 9, 24, 28.3, 21.6, 16.1, 73.3, 1.2, 9.5, 0.0, 0.0, 2.6
2016, 9, 25, 28.3, 21.9, 17.2, 74.4, 0.8, 3.8, 0.0, 0.0, 8.0
2016, 9, 26, 27.1, 23.0, 18.9, 74.0, 1.5, 3.0, 0.0, 0.0, 8.3
2016, 9, 27, 23.5, 21.1, 19.0, 93.3, 1.0, 0.0, 11.3, 0.0, 9.9
2016, 9, 28, 23.3, 20.4, 18.5, 93.0, 0.9, 0.0, 0.0, 0.0, 9.8
2016, 9, 29, 24.0, 20.3, 18.4, 73.3, 3.1, 3.2, 0.0, 0.0, 8.9
2016, 9, 30, 23.5, 20.1, 17.8, 77.8, 1.6, 0.1, 0.0, 0.0, 9.1
2016, 10, 1, 24.5, 20.3, 17.5, 86.0, 0.8, 1.1, 0.0, 0.0, 8.1
2016, 10, 2, 21.7, 19.1, 16.8, 91.8, 1.9, 0.0, 16.7, 0.0, 9.6
2016, 10, 3, 28.2, 22.7, 17.6, 88.5, 2.0, 7.0, 3.3, 0.0, 4.6
2016, 10, 4, 28.9, 22.0, 13.9, 67.6, 2.3, 9.9, 0.0, 0.0, 1.5
2016, 10, 5, 26.8, 20.6, 17.0, 74.3, 2.5, 5.4, 3.0, 0.0, 3.8
2016, 10, 6, 24.0, 17.7, 13.6, 68.8, 1.8, 10.4, 0.0, 0.0, 1.8
2016, 10, 7, 24.7, 19.1, 14.3, 78.4, 2.4, 5.3, 18.0, 0.0, 8.3
2016, 10, 8, 22.7, 17.4, 11.6, 71.0, 2.6, 6.7, 20.5, 0.0, 5.6
2016, 10, 9, 17.0, 11.8, 7.5, 48.9, 2.8, 10.8, 0.0, 0.0, 2.4
2016, 10, 10, 21.3, 12.9, 7.0, 58.0, 1.0, 9.1, 0.0, 0.0, 4.6
2016, 10, 11, 21.3, 14.7, 9.7, 74.6, 0.7, 6.2, 0.0, 0.0, 4.1
2016, 10, 12, 20.9, 15.3, 11.3, 65.5, 1.4, 9.7, 0.0, 0.0, 5.4
2016, 10, 13, 21.9, 14.2, 8.2, 59.8, 0.8, 9.2, 0.0, 0.0, 5.0
2016, 10, 14, 23.6, 15.5, 9.0, 76.9, 0.6, 8.5, 0.0, 0.0, 0.0
2016, 10, 15, 26.8, 17.9, 11.1, 71.4, 0.7, 8.1, 0.0, 0.0, 3.9
2016, 10, 16, 19.5, 17.0, 15.4, 81.6, 1.1, 0.0, 2.1, 0.0, 9.3
2016, 10, 17, 22.8, 17.5, 14.3, 83.8, 1.2, 6.0, 0.0, 0.0, 6.5
2016, 10, 18, 21.5, 15.0, 10.8, 90.4, 0.8, 5.2, 0.0, 0.0, 4.4
2016, 10, 19, 24.6, 16.7, 11.4, 82.8, 0.9, 8.5, 0.0, 0.0, 0.8
2016, 10, 20, 25.1, 17.4, 10.8, 73.8, 1.7, 8.4, 0.0, 0.0, 2.9
2016, 10, 21, 19.8, 17.6, 16.4, 62.4, 3.3, 0.1, 0.0, 0.0, 9.8
2016, 10, 22, 21.8, 17.8, 14.6, 64.3, 1.5, 1.9, 0.0, 0.0, 8.1
2016, 10, 23, 17.9, 13.6, 10.1, 75.6, 3.2, 0.0, 3.5, 0.0, 8.4
2016, 10, 24, 19.6, 15.1, 8.1, 61.1, 2.1, 9.2, 0.0, 0.0, 4.9
2016, 10, 25, 19.0, 13.9, 11.0, 94.0, 2.1, 2.1, 30.7, 0.0, 6.4
2016, 10, 26, 16.6, 12.5, 8.7, 90.5, 0.9, 2.3, 0.0, 0.0, 4.3
2016, 10, 27, 19.8, 14.5, 8.6, 76.3, 2.0, 4.5, 0.0, 0.0, 6.4
2016, 10, 28, 17.7, 14.5, 11.2, 68.3, 1.8, 0.3, 1.3, 0.0, 8.3
2016, 10, 29, 13.0, 8.5, 3.9, 45.1, 2.5, 1.3, 0.0, 0.0, 6.9
2016, 10, 30, 15.5, 7.1, 0.0, 48.0, 1.0, 10.3, 0.0, 0.0, 0.8
2016, 10, 31, 10.2, 6.6, 1.8, 59.0, 1.8, 0.0, 0.0, 0.0, 7.8
2016, 11, 1, 8.1, 2.4, -1.2, 45.9, 2.2, 10.3, 0.0, 0.0, 0.0
2016, 11, 2, 10.9, 4.1, -2.7, 65.0, 1.2, 6.4, 0.7, 0.0, 2.4
2016, 11, 3, 14.8, 8.3, 3.8, 75.1, 1.3, 7.4, 0.4, 0.0, 4.1
2016, 11, 4, 16.5, 11.5, 4.7, 73.9, 1.9, 2.9, 0.0, 0.0, 6.5
2016, 11, 5, 20.0, 14.2, 9.7, 85.6, 1.4, 3.5, 0.0, 0.0, 7.1
2016, 11, 6, 19.1, 14.8, 11.9, 66.4, 3.4, 5.5, 0.0, 0.0, 7.1
2016, 11, 7, 18.6, 13.5, 8.9, 72.0, 2.6, 2.3, 2.9, 0.0, 8.8
2016, 11, 8, 9.2, 5.3, 0.4, 57.4, 3.2, 8.8, 0.3, 0.0, 2.8
2016, 11, 9, 9.5, 2.8, -2.3, 46.4, 1.6, 9.7, 0.0, 0.0, 2.0
2016, 11, 10, 11.5, 6.8, 1.1, 65.0, 1.6, 0.3, 0.3, 0.0, 9.0
2016, 11, 11, 14.8, 8.7, 4.6, 72.3, 1.8, 7.8, 3.1, 0.0, 3.4
2016, 11, 12, 17.8, 10.4, 3.0, 73.5, 1.2, 7.5, 0.0, 0.0, 3.0
2016, 11, 13, 18.4, 13.7, 9.7, 85.0, 1.2, 2.0, 0.8, 0.0, 7.9
2016, 11, 14, 17.5, 13.5, 9.9, 87.3, 1.1, 0.0, 3.0, 0.0, 7.4
2016, 11, 15, 11.3, 6.5, 2.7, 45.0, 2.5, 9.7, 0.0, 0.0, 0.0
2016, 11, 16, 12.6, 5.2, -1.3, 56.9, 0.9, 8.6, 0.0, 0.0, 1.3
2016, 11, 17, 16.5, 8.0, 2.1, 71.4, 0.5, 8.2, 0.0, 0.0, 2.3
2016, 11, 18, 15.4, 9.7, 2.8, 78.0, 1.0, 4.2, 1.3, 0.0, 5.5
2016, 11, 19, 14.8, 12.8, 10.8, 87.4, 1.4, 0.0, 0.1, 0.0, 9.9
2016, 11, 20, 16.4, 10.6, 5.3, 52.4, 2.1, 9.0, 0.0, 0.0, 1.6
2016, 11, 21, 13.9, 9.5, 3.7, 55.4, 1.2, 0.4, 0.0, 0.0, 6.8
2016, 11, 22, 9.0, 3.5, -1.2, 44.4, 3.3, 6.1, 0.6, 0.0, 7.3
2016, 11, 23, 4.4, -0.2, -3.7, 36.8, 2.5, 7.4, 0.0, 0.0, 4.3
2016, 11, 24, 3.8, -0.8, -4.6, 40.8, 2.0, 9.6, 0.0, 0.0, 0.0
2016, 11, 25, 7.3, 1.3, -3.9, 50.9, 1.0, 5.9, 0.0, 0.0, 3.9
2016, 11, 26, 3.8, 1.1, -2.0, 78.8, 1.5, 0.0, 1.9, 0.0, 7.4
2016, 11, 27, 8.3, 4.2, 0.2, 91.1, 0.9, 4.3, 0.5, 0.0, 6.8
2016, 11, 28, 7.3, 2.4, -0.8, 59.6, 2.3, 8.9, 0.0, 0.0, 0.0
2016, 11, 29, 8.2, 1.4, -3.9, 51.5, 0.8, 9.3, 0.0, 0.0, 0.0
2016, 11, 30, 10.5, 6.2, -1.2, 62.8, 1.0, 0.9, 1.5, 0.0, 8.3
2016, 12, 1, 8.9, 4.9, -0.5, 53.0, 2.7, 7.8, 0.0, 0.0, 1.8
2016, 12, 2, 8.7, 1.5, -4.2, 62.8, 1.1, 9.4, 0.0, 0.0, 0.0
2016, 12, 3, 11.5, 3.3, -2.8, 78.4, 0.6, 7.8, 0.0, 0.0, 2.5
2016, 12, 4, 8.7, 4.7, 0.4, 75.4, 0.7, 0.3, 0.0, 0.0, 8.1
2016, 12, 5, 12.0, 6.8, 1.7, 73.1, 2.5, 2.2, 0.5, 0.0, 7.9
2016, 12, 6, 4.9, -0.5, -3.6, 42.0, 2.1, 9.2, 0.0, 0.0, 0.0
2016, 12, 7, 8.6, 2.2, -4.4, 65.6, 1.5, 4.1, 0.0, 0.0, 5.0
2016, 12, 8, 7.8, 2.8, -3.8, 81.1, 1.1, 3.9, 3.8, 0.0, 6.1
2016, 12, 9, 6.3, 2.3, -2.4, 67.1, 2.6, 7.3, 1.1, 0.0, 3.0
2016, 12, 10, 5.2, -0.7, -5.0, 52.0, 1.5, 9.1, 0.0, 0.0, 0.0
2016, 12, 11, 5.5, -1.5, -7.2, 54.0, 0.7, 9.1, 0.0, 0.0, 0.4
2016, 12, 12, 8.8, 2.5, -4.5, 46.9, 0.8, 2.7, 0.0, 0.0, 6.9
2016, 12, 13, 8.7, 2.6, -1.4, 63.0, 1.5, 3.7, 0.0, 0.0, 5.5
2016, 12, 14, 1.6, -0.6, -2.4, 63.4, 1.8, 0.0, 0.0, 0.0, 6.9
2016, 12, 15, 0.6, -3.5, -6.2, 41.0, 2.7, 9.1, 0.0, 0.0, 0.0
2016, 12, 16, 1.4, -3.6, -8.8, 43.8, 1.7, 8.8, 0.0, 0.0, 2.6
2016, 12, 17, 10.1, 3.5, -2.4, 69.0, 1.2, 4.7, 0.0, 0.0, 5.9
2016, 12, 18, 8.1, 5.2, 1.5, 75.4, 1.4, 0.0, 0.0, 0.0, 7.5
2016, 12, 19, 12.6, 7.4, 3.8, 79.9, 1.7, 1.3, 1.5, 0.0, 7.8
2016, 12, 20, 14.6, 6.1, 1.9, 85.3, 0.5, 8.0, 0.0, 0.0, 2.6
2016, 12, 21, 13.6, 8.3, 1.2, 86.5, 2.3, 3.4, 32.6, 0.0, 8.0
2016, 12, 22, 13.1, 6.2, 2.7, 94.6, 3.4, 0.0, 21.5, 0.0, 10.0
2016, 12, 23, 2.7, -1.0, -2.5, 76.9, 3.1, 1.1, 1.1, 0.0, 9.4
2016, 12, 24, 1.8, -1.6, -3.7, 65.9, 1.0, 4.8, 0.0, 0.0, 6.0
2016, 12, 25, 7.5, 1.3, -4.9, 80.3, 0.6, 5.6, 0.0, 0.0, 4.6
2016, 12, 26, 5.5, 3.3, 0.7, 78.5, 1.1, 0.0, 0.1, 0.0, 8.9
2016, 12, 27, 3.0, -0.9, -5.7, 57.4, 3.0, 8.5, 0.2, 0.0, 2.9
2016, 12, 28, 3.2, -3.3, -8.5, 54.8, 1.3, 8.9, 0.0, 0.0, 1.5
2016, 12, 29, 0.3, -3.1, -5.7, 52.9, 2.5, 9.0, 1.0, 1.0, 1.4
2016, 12, 30, 3.5, -3.3, -9.5, 64.0, 0.9, 7.4, 0.0, 0.0, 3.9
2016, 12, 31, 5.5, 0.8, -3.8, 81.3, 0.7, 2.0, 0.0, 0.0, 6.6
2017, 1, 1, 8.2, 2.9, -2.8, 85.8, 0.7, 2.1, 0.0, 0.0, 7.0
2017, 1, 2, 10.3, 5.2, 2.7, 86.4, 1.6, 3.3, 0.6, 0.0, 6.9
2017, 1, 3, 8.5, 1.8, -2.9, 75.5, 1.2, 8.6, 0.0, 0.0, 0.5
2017, 1, 4, 10.9, 3.6, -1.2, 75.6, 1.2, 7.9, 0.0, 0.0, 2.4
2017, 1, 5, 8.3, 4.3, -1.7, 65.1, 2.0, 0.0, 0.0, 0.0, 8.4
2017, 1, 6, 11.4, 5.8, 0.6, 64.8, 2.2, 7.0, 0.0, 0.0, 3.4
2017, 1, 7, 10.7, 3.5, -1.6, 82.1, 0.6, 6.7, 0.0, 0.0, 4.3
2017, 1, 8, 11.9, 7.1, 2.3, 62.4, 1.7, 3.0, 0.0, 0.0, 7.4
2017, 1, 9, 6.0, 2.4, -2.1, 66.9, 2.6, 6.0, 0.2, 0.0, 4.0
2017, 1, 10, 3.1, -2.0, -6.0, 49.5, 2.5, 8.6, 0.0, 0.0, 1.1
2017, 1, 11, 2.7, -3.2, -8.8, 45.0, 1.7, 8.0, 0.0, 0.0, 1.5
2017, 1, 12, 3.0, -1.0, -4.8, 59.9, 2.0, 7.4, 1.9, 5.2, 4.0
2017, 1, 13, 0.0, -5.1, -7.5, 53.5, 2.3, 5.9, 0.4, 0.5, 2.3
2017, 1, 14, -3.7, -7.1, -8.8, 35.1, 4.0, 9.3, 0.0, 0.0, 0.0
2017, 1, 15, 0.0, -5.8, -10.6, 43.4, 1.8, 9.5, 0.0, 0.0, 0.0
2017, 1, 16, 3.0, -4.5, -11.1, 56.1, 0.8, 9.4, 0.0, 0.0, 0.0
2017, 1, 17, 4.4, -2.6, -9.0, 64.1, 0.7, 7.0, 0.0, 0.0, 4.1
2017, 1, 18, 3.7, -1.1, -4.8, 81.8, 0.8, 2.6, 0.0, 0.0, 4.6
2017, 1, 19, 4.9, -2.0, -6.8, 73.1, 1.0, 7.2, 0.0, 0.0, 4.4
2017, 1, 20, -0.8, -3.7, -7.4, 74.9, 2.6, 6.5, 3.9, 7.1, 4.3
2017, 1, 21, -1.1, -4.9, -11.2, 87.6, 1.3, 2.1, 1.8, 2.9, 5.9
2017, 1, 22, -2.1, -7.1, -10.1, 53.5, 3.2, 9.1, 0.1, 0.0, 0.0
2017, 1, 23, -3.2, -8.0, -11.5, 53.6, 1.8, 9.6, 0.0, 0.0, 0.0
2017, 1, 24, -0.3, -6.8, -13.6, 60.8, 1.4, 9.7, 0.0, 0.0, 0.0
2017, 1, 25, 2.4, -5.7, -12.6, 67.8, 1.0, 9.7, 0.0, 0.0, 0.0
2017, 1, 26, 3.5, -1.7, -10.0, 74.6, 1.5, 6.5, 0.0, 0.0, 5.6
2017, 1, 27, 3.9, -1.7, -5.8, 52.6, 3.1, 9.4, 3.5, 0.0, 1.8
2017, 1, 28, 5.1, -1.3, -9.0, 47.9, 1.0, 6.5, 0.0, 0.0, 5.8
2017, 1, 29, 3.0, 1.3, -0.2, 76.6, 0.9, 0.0, 7.0, 0.0, 10.0
2017, 1, 30, -0.2, -3.9, -7.4, 64.5, 2.9, 9.2, 0.0, 0.1, 3.0
2017, 1, 31, 0.9, -4.8, -10.1, 57.5, 1.3, 8.0, 0.0, 0.0, 4.0
2017, 2, 1, 2.4, -3.3, -7.4, 50.5, 2.3, 9.5, 0.0, 0.0, 0.9
2017, 2, 2, 4.4, -1.7, -9.8, 53.8, 1.9, 9.5, 0.0, 0.0, 3.0
2017, 2, 3, 7.4, 1.1, -3.4, 75.0, 1.2, 8.8, 0.0, 0.0, 1.8
2017, 2, 4, 4.9, 1.3, -4.6, 73.3, 0.8, 0.4, 0.0, 0.0, 7.3
2017, 2, 5, 3.9, 1.8, -0.6, 76.0, 1.7, 0.0, 1.3, 0.0, 7.3
2017, 2, 6, 3.3, -0.7, -3.2, 52.3, 3.0, 9.8, 0.0, 0.0, 0.1
2017, 2, 7, 3.4, -1.5, -5.9, 52.9, 1.3, 3.3, 0.0, 0.0, 5.6
2017, 2, 8, 2.5, -1.6, -5.7, 56.1, 1.5, 0.7, 0.0, 0.0, 6.4
2017, 2, 9, -0.9, -4.2, -6.1, 48.5, 3.2, 8.4, 0.0, 0.0, 2.0
2017, 2, 10, -1.9, -5.5, -8.2, 45.8, 3.6, 9.8, 0.0, 0.0, 1.0
2017, 2, 11, 0.2, -3.8, -8.2, 49.9, 2.8, 10.2, 0.0, 0.0, 0.6
2017, 2, 12, 4.2, -2.3, -9.1, 59.4, 1.6, 10.2, 0.0, 0.0, 0.1
2017, 2, 13, 4.7, -1.2, -7.3, 83.1, 0.8, 4.3, 1.0, 0.0, 3.6
2017, 2, 14, 6.5, 0.3, -4.0, 56.8, 1.8, 10.2, 0.0, 0.0, 0.0
2017, 2, 15, 8.5, 0.9, -5.8, 62.4, 0.9, 9.1, 0.0, 0.0, 0.0
2017, 2, 16, 12.6, 5.6, -4.4, 74.4, 1.6, 5.4, 0.3, 0.0, 5.9
2017, 2, 17, 9.6, 1.9, -4.1, 63.9, 3.4, 8.6, 4.0, 0.0, 3.8
2017, 2, 18, 4.0, -1.8, -7.2, 47.8, 2.4, 10.3, 0.0, 0.0, 0.3
2017, 2, 19, 6.8, 2.3, -4.2, 71.0, 2.0, 2.0, 4.6, 0.0, 6.9
2017, 2, 20, 5.5, -0.2, -4.0, 58.4, 3.6, 8.5, 2.2, 0.0, 2.3
2017, 2, 21, 6.8, -0.5, -7.5, 44.4, 1.1, 10.0, 0.0, 0.0, 3.6
2017, 2, 22, 3.5, 2.1, -0.1, 80.8, 2.2, 0.0, 9.1, 0.0, 9.6
2017, 2, 23, 3.9, -0.4, -3.4, 55.4, 3.7, 10.5, 0.0, 0.0, 1.9
2017, 2, 24, 5.0, -0.2, -6.4, 55.0, 1.7, 9.8, 0.0, 0.0, 2.6
2017, 2, 25, 9.1, 1.9, -4.7, 66.0, 1.8, 10.5, 0.0, 0.0, 1.1
2017, 2, 26, 10.1, 2.4, -4.0, 67.1, 1.7, 7.4, 0.0, 0.0, 1.4
2017, 2, 27, 11.0, 2.6, -3.6, 55.9, 1.2, 10.6, 0.0, 0.0, 0.0
2017, 2, 28, 13.0, 4.4, -3.4, 53.9, 1.3, 10.0, 0.0, 0.0, 0.9
2017, 3, 1, 11.5, 4.7, 1.1, 66.1, 1.3, 1.8, 6.2, 0.0, 9.3
2017, 3, 2, 5.6, 1.9, -1.8, 71.0, 2.9, 8.9, 0.3, 0.0, 3.5
2017, 3, 3, 11.1, 2.9, -3.4, 62.8, 1.6, 10.4, 0.0, 0.0, 2.3
2017, 3, 4, 12.9, 4.6, -2.5, 69.0, 1.1, 10.7, 0.0, 0.0, 0.0
2017, 3, 5, 11.3, 4.6, -0.9, 78.1, 1.5, 7.1, 1.3, 0.0, 5.9
2017, 3, 6, 5.6, 1.2, -1.8, 43.8, 3.5, 11.0, 0.0, 0.0, 1.1
2017, 3, 7, 2.8, -0.5, -2.9, 43.6, 3.5, 11.1, 0.0, 0.0, 2.1
2017, 3, 8, 6.1, 0.7, -5.6, 52.8, 2.8, 9.2, 0.0, 0.0, 3.1
2017, 3, 9, 10.1, 3.2, -3.5, 57.8, 2.8, 10.7, 0.0, 0.0, 0.4
2017, 3, 10, 12.2, 4.2, -2.7, 53.5, 1.5, 11.0, 0.0, 0.0, 0.1
2017, 3, 11, 16.7, 5.9, -2.4, 53.5, 1.1, 10.8, 0.0, 0.0, 3.3
2017, 3, 12, 15.1, 7.6, 1.7, 67.5, 1.6, 4.7, 0.0, 0.0, 8.6
2017, 3, 13, 12.9, 6.4, 1.3, 59.4, 2.2, 10.1, 0.0, 0.0, 3.4
2017, 3, 14, 12.2, 5.9, 0.9, 42.3, 2.9, 11.0, 0.0, 0.0, 0.0
2017, 3, 15, 12.8, 4.8, -1.5, 48.8, 1.6, 11.1, 0.0, 0.0, 0.0
2017, 3, 16, 13.3, 5.0, -1.8, 52.3, 1.5, 10.5, 0.0, 0.0, 2.5
2017, 3, 17, 15.9, 6.5, -0.7, 53.8, 1.5, 10.3, 0.0, 0.0, 1.0
2017, 3, 18, 16.9, 8.0, 3.4, 43.3, 1.7, 8.8, 0.0, 0.0, 3.4
2017, 3, 19, 18.7, 8.5, 0.1, 55.0, 1.0, 10.5, 0.0, 0.0, 0.5
2017, 3, 20, 15.0, 8.9, 2.9, 55.3, 1.2, 0.0, 0.0, 0.0, 8.1
2017, 3, 21, 13.0, 7.5, 2.8, 54.4, 2.4, 9.3, 0.0, 0.0, 2.0
2017, 3, 22, 13.8, 6.7, 0.1, 49.4, 1.9, 9.6, 0.0, 0.0, 4.4
2017, 3, 23, 14.6, 7.5, 2.7, 54.0, 1.8, 8.1, 0.0, 0.0, 3.8
2017, 3, 24, 14.4, 7.5, 1.1, 59.0, 1.5, 6.1, 0.0, 0.0, 7.1
2017, 3, 25, 12.4, 7.2, 2.3, 50.5, 1.8, 2.5, 0.0, 0.0, 6.0
2017, 3, 26, 10.9, 6.0, 1.9, 62.5, 2.0, 3.4, 0.0, 0.0, 8.4
2017, 3, 27, 12.0, 6.7, 3.3, 70.9, 2.5, 4.7, 0.0, 0.0, 5.5
2017, 3, 28, 13.2, 7.0, 2.3, 65.8, 1.7, 4.9, 0.0, 0.0, 7.8
2017, 3, 29, 14.9, 7.8, 1.9, 62.5, 1.7, 8.7, 0.0, 0.0, 3.6
2017, 3, 30, 17.3, 8.7, 0.8, 66.3, 1.8, 9.2, 0.0, 0.0, 5.1
2017, 3, 31, 12.9, 8.7, 5.4, 78.6, 1.8, 0.3, 1.2, 0.0, 8.9
2017, 4, 1, 14.7, 9.0, 5.1, 67.0, 1.9, 10.1, 1.0, 0.0, 5.3
2017, 4, 2, 15.9, 8.3, 1.8, 64.8, 1.8, 11.4, 0.0, 0.0, 0.6
2017, 4, 3, 19.1, 10.0, 2.1, 59.0, 1.6, 11.6, 0.0, 0.0, 0.0
2017, 4, 4, 22.5, 12.9, 3.3, 45.0, 1.6, 10.6, 0.0, 0.0, 4.6
2017, 4, 5, 14.7, 12.3, 10.2, 69.9, 2.0, 0.0, 33.8, 0.0, 9.9
2017, 4, 6, 13.3, 10.6, 8.9, 93.6, 2.3, 0.1, 1.2, 0.0, 9.6
2017, 4, 7, 22.2, 13.3, 8.0, 76.8, 1.5, 8.6, 0.0, 0.0, 5.6
2017, 4, 8, 19.3, 10.9, 6.6, 85.4, 1.8, 6.3, 0.1, 0.0, 8.6
2017, 4, 9, 18.2, 13.4, 8.7, 67.9, 2.7, 2.9, 0.6, 0.0, 8.4
2017, 4, 10, 22.0, 15.6, 10.3, 26.4, 2.9, 11.0, 0.0, 0.0, 5.4
2017, 4, 11, 19.0, 13.7, 9.9, 45.5, 3.1, 8.9, 0.0, 0.0, 4.5
2017, 4, 12, 16.6, 12.0, 8.0, 22.9, 3.4, 11.5, 0.0, 0.0, 1.5
2017, 4, 13, 20.4, 12.3, 4.8, 58.8, 2.1, 11.3, 0.0, 0.0, 3.1
2017, 4, 14, 18.7, 12.8, 6.7, 63.0, 2.7, 3.7, 0.0, 0.0, 6.6
2017, 4, 15, 25.3, 15.7, 8.1, 68.8, 1.5, 11.1, 0.0, 0.0, 2.0
2017, 4, 16, 25.4, 17.7, 10.5, 59.8, 1.0, 7.2, 0.0, 0.0, 7.3
2017, 4, 17, 17.2, 13.8, 10.7, 82.3, 1.4, 1.5, 7.9, 0.0, 7.3
2017, 4, 18, 18.0, 11.2, 8.1, 89.0, 2.7, 2.8, 7.9, 0.0, 5.3
2017, 4, 19, 18.0, 12.4, 5.6, 53.1, 2.4, 11.6, 0.0, 0.0, 1.6
2017, 4, 20, 17.2, 12.6, 8.7, 50.9, 1.6, 1.1, 0.0, 0.0, 7.5
2017, 4, 21, 19.8, 11.8, 4.9, 69.4, 1.7, 9.5, 0.0, 0.0, 3.6
2017, 4, 22, 22.5, 13.7, 6.0, 57.4, 1.8, 12.1, 0.0, 0.0, 0.5
2017, 4, 23, 22.4, 13.5, 6.0, 51.4, 1.8, 12.5, 0.0, 0.0, 0.0
2017, 4, 24, 22.1, 14.0, 5.8, 50.6, 2.1, 11.8, 0.0, 0.0, 2.9
2017, 4, 25, 21.8, 15.4, 10.2, 65.5, 2.1, 5.3, 0.0, 0.0, 7.9
2017, 4, 26, 21.0, 14.8, 9.6, 45.3, 2.7, 12.4, 0.0, 0.0, 3.4
2017, 4, 27, 20.1, 13.6, 7.1, 44.6, 2.8, 12.8, 0.0, 0.0, 0.1
2017, 4, 28, 22.1, 14.3, 7.4, 59.6, 2.7, 11.7, 0.0, 0.0, 1.6
2017, 4, 29, 24.5, 16.6, 8.3, 52.6, 2.2, 12.1, 0.0, 0.0, 0.4
2017, 4, 30, 28.1, 18.2, 12.5, 64.4, 2.3, 11.3, 0.0, 0.0, 0.0
2017, 5, 1, 27.7, 18.3, 10.5, 64.8, 1.6, 11.3, 0.0, 0.0, 1.3
2017, 5, 2, 26.8, 18.4, 11.7, 57.8, 1.4, 9.6, 0.0, 0.0, 3.1
2017, 5, 3, 29.4, 19.2, 11.0, 51.3, 1.4, 12.3, 0.0, 0.0, 0.0
2017, 5, 4, 28.1, 19.9, 12.5, 55.6, 1.5, 7.9, 0.0, 0.0, 7.0
2017, 5, 5, 27.7, 19.8, 14.5, 63.3, 2.4, 10.9, 0.0, 0.0, 5.5
2017, 5, 6, 21.1, 14.6, 8.6, 42.8, 3.3, 12.2, 0.0, 0.0, 2.4
2017, 5, 7, 22.3, 15.4, 8.7, 57.5, 2.4, 11.8, 0.0, 0.0, 1.3
2017, 5, 8, 23.7, 17.0, 9.3, 54.1, 1.6, 5.9, 0.0, 0.0, 7.0
2017, 5, 9, 21.3, 16.3, 13.6, 68.4, 2.0, 1.1, 2.9, 0.0, 9.8
2017, 5, 10, 20.9, 15.7, 13.2, 80.5, 2.1, 8.1, 4.6, 0.0, 6.0
2017, 5, 11, 25.0, 18.5, 12.5, 75.6, 1.3, 4.3, 0.3, 0.0, 7.4
2017, 5, 12, 22.9, 18.7, 14.6, 81.4, 1.4, 0.0, 0.2, 0.0, 7.4
2017, 5, 13, 24.1, 15.9, 11.2, 84.0, 2.6, 3.0, 3.5, 0.0, 5.5
2017, 5, 14, 20.1, 14.5, 9.5, 69.4, 3.1, 13.1, 0.0, 0.0, 0.0
2017, 5, 15, 20.6, 15.3, 9.9, 69.0, 2.5, 12.6, 0.0, 0.0, 2.6
2017, 5, 16, 22.4, 16.3, 12.6, 66.9, 1.9, 8.6, 0.0, 0.0, 6.3
2017, 5, 17, 25.7, 17.8, 9.9, 62.3, 1.7, 13.2, 0.0, 0.0, 0.3
2017, 5, 18, 27.1, 19.3, 11.2, 55.5, 1.7, 12.6, 0.0, 0.0, 1.1
2017, 5, 19, 28.3, 19.8, 12.7, 54.5, 1.8, 13.2, 0.0, 0.0, 0.0
2017, 5, 20, 26.4, 19.5, 12.8, 52.4, 2.1, 11.8, 0.0, 0.0, 5.1
2017, 5, 21, 26.7, 20.2, 13.5, 56.4, 1.8, 12.8, 0.0, 0.0, 2.4
2017, 5, 22, 28.0, 20.3, 13.0, 61.5, 1.6, 12.5, 0.0, 0.0, 2.8
2017, 5, 23, 24.4, 19.3, 15.0, 74.0, 1.6, 1.5, 7.1, 0.0, 9.3
2017, 5, 24, 26.7, 20.4, 15.6, 72.5, 1.9, 11.3, 3.9, 0.0, 4.1
2017, 5, 25, 24.5, 18.3, 12.7, 57.5, 3.2, 13.2, 0.0, 0.0, 0.8
2017, 5, 26, 22.8, 16.9, 11.4, 49.0, 2.6, 12.7, 0.0, 0.0, 1.5
2017, 5, 27, 25.6, 17.8, 11.4, 57.0, 1.9, 13.6, 0.0, 0.0, 0.1
2017, 5, 28, 27.3, 20.1, 11.9, 58.6, 2.2, 11.2, 0.0, 0.0, 0.8
2017, 5, 29, 29.4, 21.8, 16.4, 71.0, 1.8, 11.6, 0.0, 0.0, 0.9
2017, 5, 30, 30.3, 22.6, 16.6, 51.9, 1.7, 11.4, 0.0, 0.0, 4.8
2017, 5, 31, 28.4, 21.8, 15.7, 64.4, 1.5, 7.9, 0.0, 0.0, 6.1
2017, 6, 1, 26.3, 22.1, 18.3, 66.4, 2.8, 9.9, 0.0, 0.0, 4.5
2017, 6, 2, 25.7, 20.0, 13.6, 49.3, 2.5, 12.9, 0.0, 0.0, 2.8
2017, 6, 3, 25.8, 19.5, 15.0, 55.8, 2.7, 13.8, 0.0, 0.0, 1.8
2017, 6, 4, 28.1, 20.4, 12.5, 53.1, 2.1, 13.7, 0.0, 0.0, 1.1
2017, 6, 5, 30.2, 22.6, 13.7, 45.4, 1.5, 12.9, 0.0, 0.0, 4.0
2017, 6, 6, 22.7, 18.9, 14.7, 62.8, 3.1, 0.0, 6.0, 0.0, 9.6
2017, 6, 7, 19.3, 17.3, 15.2, 98.0, 2.1, 0.1, 6.1, 0.0, 9.1
2017, 6, 8, 26.4, 19.8, 15.3, 78.6, 2.2, 8.8, 0.0, 0.0, 6.1
2017, 6, 9, 27.2, 20.8, 15.5, 77.0, 2.5, 7.5, 0.0, 0.0, 4.8
2017, 6, 10, 27.6, 20.8, 15.8, 58.4, 1.8, 8.9, 0.5, 0.0, 7.0
2017, 6, 11, 29.6, 21.9, 12.6, 48.4, 1.9, 13.9, 0.0, 0.0, 0.5
2017, 6, 12, 27.2, 21.6, 17.3, 48.8, 2.8, 8.0, 0.0, 0.0, 5.0
2017, 6, 13, 26.3, 20.4, 16.4, 75.5, 2.1, 7.6, 0.3, 0.0, 5.6
2017, 6, 14, 26.3, 20.8, 17.2, 74.8, 2.4, 11.1, 0.0, 0.0, 2.8
2017, 6, 15, 29.0, 22.1, 16.2, 72.4, 1.9, 12.3, 0.0, 0.0, 1.3
2017, 6, 16, 32.2, 24.1, 18.5, 67.8, 1.9, 11.9, 0.0, 0.0, 0.0
2017, 6, 17, 29.7, 23.4, 18.3, 52.6, 1.9, 12.6, 0.0, 0.0, 0.0
2017, 6, 18, 32.0, 22.8, 15.3, 61.1, 1.7, 13.3, 0.0, 0.0, 0.0
2017, 6, 19, 30.3, 23.9, 17.0, 61.6, 1.5, 11.5, 0.0, 0.0, 4.9
2017, 6, 20, 31.8, 24.8, 17.9, 57.1, 1.5, 6.3, 0.0, 0.0, 6.5
2017, 6, 21, 30.7, 23.9, 19.8, 61.9, 2.4, 12.4, 0.0, 0.0, 3.4
2017, 6, 22, 30.5, 24.3, 20.1, 67.5, 2.1, 10.8, 0.0, 0.0, 3.4
2017, 6, 23, 33.2, 25.0, 19.0, 65.4, 1.7, 12.6, 0.0, 0.0, 3.0
2017, 6, 24, 27.6, 22.8, 19.5, 70.5, 1.0, 0.0, 2.7, 0.0, 9.3
2017, 6, 25, 29.9, 24.2, 19.8, 72.6, 1.4, 6.4, 0.5, 0.0, 7.5
2017, 6, 26, 30.3, 23.2, 20.0, 85.3, 2.1, 4.3, 7.3, 0.0, 8.8
2017, 6, 27, 30.8, 24.1, 20.2, 81.1, 2.2, 8.5, 4.2, 0.0, 7.0
2017, 6, 28, 30.6, 24.9, 21.3, 76.3, 1.6, 8.5, 0.0, 0.0, 6.5
2017, 6, 29, 31.4, 25.0, 20.2, 75.5, 1.6, 9.1, 0.0, 0.0, 3.9
2017, 6, 30, 31.2, 25.2, 21.4, 76.9, 1.9, 6.0, 0.0, 0.0, 7.4
2017, 7, 1, 28.1, 23.9, 21.4, 89.6, 1.1, 0.2, 15.6, 0.0, 9.5
2017, 7, 2, 26.5, 24.9, 23.5, 98.5, 1.8, 0.0, 85.0, 0.0, 10.0
2017, 7, 3, 27.8, 24.5, 23.5, 98.5, 2.7, 0.0, 12.4, 0.0, 10.0
2017, 7, 4, 31.2, 26.0, 22.8, 87.5, 1.6, 8.9, 82.3, 0.0, 5.9
2017, 7, 5, 33.6, 27.0, 22.7, 77.1, 1.2, 8.2, 0.0, 0.0, 4.5
2017, 7, 6, 34.0, 27.3, 22.3, 78.6, 1.6, 8.8, 0.0, 0.0, 5.1
2017, 7, 7, 28.7, 26.4, 24.3, 89.3, 2.1, 0.6, 6.1, 0.0, 8.4
2017, 7, 8, 28.2, 25.6, 23.7, 95.8, 1.9, 0.1, 19.3, 0.0, 9.8
2017, 7, 9, 31.8, 26.4, 22.6, 91.9, 1.3, 1.1, 28.0, 0.0, 9.6
2017, 7, 10, 26.1, 24.8, 23.2, 99.4, 2.2, 0.0, 69.5, 0.0, 10.0
2017, 7, 11, 32.0, 26.1, 22.2, 89.0, 1.7, 6.0, 1.3, 0.0, 8.6
2017, 7, 12, 31.9, 26.3, 23.2, 88.6, 1.7, 5.8, 0.0, 0.0, 5.5
2017, 7, 13, 32.3, 27.0, 21.5, 81.3, 1.2, 10.8, 0.0, 0.0, 1.9
2017, 7, 14, 33.9, 28.2, 24.4, 79.8, 1.9, 7.7, 0.2, 0.0, 6.6
2017, 7, 15, 26.1, 24.3, 22.7, 98.9, 1.4, 0.1, 74.7, 0.0, 10.0
2017, 7, 16, 27.2, 25.2, 22.9, 96.5, 1.4, 0.1, 77.8, 0.0, 10.0
2017, 7, 17, 29.1, 26.0, 23.5, 92.0, 1.4, 0.1, 0.9, 0.0, 9.9
2017, 7, 18, 31.0, 25.9, 23.0, 91.4, 1.4, 4.2, 1.3, 0.0, 8.0
2017, 7, 19, 34.8, 28.0, 24.5, 78.4, 1.4, 8.6, 0.0, 0.0, 6.8
2017, 7, 20, 34.4, 28.8, 24.7, 80.9, 1.5, 9.4, 0.0, 0.0, 4.0
2017, 7, 21, 32.6, 29.1, 26.2, 85.8, 1.6, 3.1, 5.1, 0.0, 8.0
2017, 7, 22, 32.5, 28.7, 26.7, 89.4, 1.5, 3.8, 0.2, 0.0, 9.3
2017, 7, 23, 29.2, 26.8, 25.7, 99.1, 1.6, 0.0, 63.3, 0.0, 10.0
2017, 7, 24, 27.7, 25.9, 24.9, 98.3, 0.6, 0.6, 19.4, 0.0, 9.0
2017, 7, 25, 35.8, 29.4, 25.3, 79.1, 1.4, 9.7, 0.0, 0.0, 5.8
2017, 7, 26, 32.2, 28.1, 24.3, 62.9, 2.9, 11.8, 0.0, 0.0, 2.8
2017, 7, 27, 30.7, 27.0, 24.4, 66.3, 1.6, 2.3, 0.8, 0.0, 8.5
2017, 7, 28, 27.4, 25.3, 23.7, 99.1, 1.0, 0.0, 16.5, 0.0, 9.9
2017, 7, 29, 30.7, 27.0, 24.8, 83.5, 2.6, 2.7, 0.0, 0.0, 7.0
2017, 7, 30, 32.8, 27.6, 23.9, 75.3, 1.7, 9.0, 0.0, 0.0, 5.5
2017, 7, 31, 26.6, 24.2, 23.1, 97.9, 1.2, 0.0, 104.8, 0.0, 9.6
2017, 8, 1, 33.6, 27.3, 23.2, 85.6, 1.2, 7.9, 0.8, 0.0, 6.1
2017, 8, 2, 34.2, 29.3, 25.2, 83.4, 0.8, 6.0, 0.0, 0.0, 4.6
2017, 8, 3, 32.7, 29.2, 26.2, 67.9, 2.6, 12.2, 0.0, 0.0, 4.0
2017, 8, 4, 35.4, 29.7, 25.1, 65.5, 1.7, 12.2, 0.0, 0.0, 4.1
2017, 8, 5, 36.9, 31.2, 27.0, 71.8, 1.5, 11.3, 0.0, 0.0, 3.5
2017, 8, 6, 33.4, 28.9, 25.5, 83.1, 1.5, 3.6, 2.7, 0.0, 7.0
2017, 8, 7, 33.6, 28.5, 25.2, 81.1, 1.9, 10.5, 0.0, 0.0, 3.5
2017, 8, 8, 32.1, 27.6, 24.6, 73.6, 1.5, 5.0, 0.0, 0.0, 8.0
2017, 8, 9, 29.6, 26.5, 23.8, 79.9, 1.9, 0.9, 6.6, 0.0, 9.6
2017, 8, 10, 25.6, 24.5, 23.3, 99.5, 0.7, 0.4, 11.3, 0.0, 9.6
2017, 8, 11, 32.0, 26.0, 23.5, 88.9, 1.4, 5.2, 6.9, 0.0, 6.8
2017, 8, 12, 32.4, 27.1, 23.0, 71.4, 1.7, 9.0, 0.0, 0.0, 4.6
2017, 8, 13, 27.3, 25.8, 24.0, 72.6, 3.3, 1.0, 0.0, 0.0, 9.5
2017, 8, 14, 25.6, 23.6, 22.3, 86.5, 2.9, 0.3, 8.0, 0.0, 9.8
2017, 8, 15, 23.8, 22.3, 21.1, 98.5, 2.8, 0.0, 50.9, 0.0, 10.0
2017, 8, 16, 27.9, 24.1, 21.6, 91.5, 2.5, 1.0, 1.9, 0.0, 9.4
2017, 8, 17, 29.8, 25.2, 22.1, 87.4, 2.0, 4.8, 0.2, 0.0, 6.8
2017, 8, 18, 30.9, 25.8, 22.6, 85.0, 1.2, 5.7, 0.0, 0.0, 5.6
2017, 8, 19, 28.9, 25.5, 22.3, 88.4, 1.7, 0.0, 13.7, 0.0, 8.6
2017, 8, 20, 27.0, 23.8, 22.1, 97.5, 3.0, 0.3, 130.8, 0.0, 10.0
2017, 8, 21, 28.6, 25.0, 23.2, 95.0, 2.0, 3.5, 22.6, 0.0, 7.8
2017, 8, 22, 32.1, 26.9, 23.0, 85.3, 1.3, 9.9, 0.0, 0.0, 4.3
2017, 8, 23, 31.4, 27.1, 23.7, 93.9, 2.1, 4.1, 34.8, 0.0, 8.8
2017, 8, 24, 29.2, 26.2, 23.5, 96.3, 3.1, 0.5, 38.1, 0.0, 9.1
2017, 8, 25, 31.5, 25.3, 20.9, 74.0, 1.6, 10.1, 0.0, 0.0, 5.8
2017, 8, 26, 29.6, 23.6, 17.6, 62.0, 1.7, 11.8, 0.0, 0.0, 1.9
2017, 8, 27, 26.6, 22.3, 18.5, 74.0, 0.7, 1.5, 0.0, 0.0, 8.4
2017, 8, 28, 26.1, 21.3, 18.3, 86.6, 1.2, 0.8, 30.4, 0.0, 9.1
2017, 8, 29, 24.3, 20.1, 17.4, 57.6, 2.6, 10.9, 0.0, 0.0, 6.0
2017, 8, 30, 23.6, 19.2, 16.0, 61.6, 1.2, 1.7, 0.0, 0.0, 8.1
2017, 8, 31, 28.2, 21.2, 15.1, 73.0, 0.9, 10.4, 0.0, 0.0, 1.4
2017, 9, 1, 29.7, 22.6, 15.8, 61.3, 1.6, 12.2, 0.0, 0.0, 0.1
2017, 9, 2, 29.5, 22.8, 17.5, 69.6, 1.5, 10.5, 0.0, 0.0, 2.6
2017, 9, 3, 29.1, 23.1, 17.6, 71.4, 1.4, 9.6, 0.0, 0.0, 3.1
2017, 9, 4, 29.2, 23.6, 17.9, 60.6, 1.5, 9.7, 0.0, 0.0, 5.8
2017, 9, 5, 23.8, 21.7, 19.8, 70.4, 1.4, 0.0, 0.0, 0.0, 9.8
2017, 9, 6, 22.9, 20.2, 18.3, 89.6, 0.6, 0.0, 1.3, 0.0, 10.0
2017, 9, 7, 27.7, 21.8, 16.5, 85.1, 1.4, 8.8, 0.0, 0.0, 5.8
2017, 9, 8, 29.8, 23.4, 19.6, 81.3, 1.3, 8.6, 0.0, 0.0, 4.0
2017, 9, 9, 29.4, 23.2, 18.5, 83.8, 1.2, 7.5, 0.0, 0.0, 4.3
2017, 9, 10, 25.2, 22.2, 18.6, 87.8, 0.8, 0.0, 0.0, 0.0, 8.1
2017, 9, 11, 25.1, 20.5, 18.2, 91.6, 1.6, 2.7, 15.7, 0.0, 6.5
2017, 9, 12, 27.6, 21.1, 16.7, 70.3, 1.5, 11.3, 0.0, 0.0, 0.4
2017, 9, 13, 27.5, 20.4, 13.9, 64.0, 1.5, 11.8, 0.0, 0.0, 0.0
2017, 9, 14, 28.8, 21.5, 13.7, 64.4, 1.1, 11.9, 0.0, 0.0, 1.4
2017, 9, 15, 27.7, 22.2, 17.8, 54.4, 3.3, 10.2, 0.0, 0.0, 3.3
2017, 9, 16, 26.3, 21.2, 16.6, 56.5, 3.0, 8.1, 0.0, 0.0, 2.4
2017, 9, 17, 28.5, 22.3, 18.3, 61.3, 1.7, 8.9, 0.0, 0.0, 3.3
2017, 9, 18, 27.3, 20.8, 14.9, 76.4, 1.6, 11.6, 0.0, 0.0, 0.9
2017, 9, 19, 27.0, 21.8, 17.5, 89.3, 2.2, 1.4, 7.8, 0.0, 8.5
2017, 9, 20, 23.9, 18.3, 12.3, 63.4, 2.0, 11.8, 0.0, 0.0, 0.9
2017, 9, 21, 26.5, 18.7, 12.6, 72.3, 1.1, 11.5, 0.0, 0.0, 0.3
2017, 9, 22, 27.6, 19.7, 14.4, 73.8, 1.5, 11.0, 0.0, 0.0, 3.0
2017, 9, 23, 27.0, 20.7, 16.2, 85.4, 1.3, 5.4, 0.0, 0.0, 5.3
2017, 9, 24, 27.6, 22.4, 18.9, 87.8, 1.5, 5.6, 0.0, 0.0, 6.3
2017, 9, 25, 29.7, 22.9, 18.0, 75.3, 1.1, 9.8, 0.0, 0.0, 3.6
2017, 9, 26, 29.3, 23.5, 18.3, 68.9, 1.5, 7.8, 0.0, 0.0, 5.4
2017, 9, 27, 26.6, 21.7, 17.6, 74.4, 1.5, 2.0, 1.3, 0.0, 8.8
2017, 9, 28, 24.9, 19.4, 13.6, 53.6, 2.8, 11.3, 0.0, 0.0, 2.3
2017, 9, 29, 21.9, 15.3, 8.6, 51.6, 1.4, 9.8, 0.0, 0.0, 3.3
2017, 9, 30, 25.9, 18.4, 11.7, 73.4, 1.2, 8.5, 0.0, 0.0, 2.6
2017, 10, 1, 21.8, 17.2, 14.8, 88.5, 1.8, 1.2, 10.0, 0.0, 8.6
2017, 10, 2, 28.6, 21.1, 15.4, 72.1, 2.0, 9.6, 1.6, 0.0, 2.9
2017, 10, 3, 22.8, 17.2, 12.8, 53.3, 1.9, 4.4, 0.0, 0.0, 5.5
2017, 10, 4, 23.2, 16.7, 10.1, 56.3, 1.3, 8.4, 0.0, 0.0, 5.5
2017, 10, 5, 22.2, 17.9, 14.2, 63.5, 2.4, 4.8, 0.0, 0.0, 7.9
2017, 10, 6, 21.5, 17.9, 13.4, 71.4, 2.2, 2.8, 0.0, 0.0, 8.0
2017, 10, 7, 26.3, 20.5, 16.6, 79.0, 0.8, 6.0, 0.0, 0.0, 7.1
2017, 10, 8, 27.1, 21.0, 17.5, 80.9, 1.2, 8.0, 0.0, 0.0, 5.1
2017, 10, 9, 27.8, 21.2, 16.8, 79.0, 1.2, 9.7, 0.0, 0.0, 4.3
2017, 10, 10, 25.3, 20.8, 16.8, 87.3, 1.0, 1.2, 0.1, 0.0, 7.6
2017, 10, 11, 21.2, 15.4, 12.2, 87.1, 2.5, 0.5, 16.8, 0.0, 9.1
2017, 10, 12, 13.9, 11.5, 7.3, 79.5, 1.5, 0.1, 0.2, 0.0, 7.0
2017, 10, 13, 18.3, 12.0, 4.4, 66.8, 1.5, 8.4, 0.0, 0.0, 4.6
2017, 10, 14, 20.2, 13.6, 6.4, 54.3, 1.5, 8.7, 0.0, 0.0, 4.8
2017, 10, 15, 21.6, 14.5, 7.1, 57.1, 1.4, 7.4, 0.0, 0.0, 5.4
2017, 10, 16, 21.8, 16.3, 13.1, 56.4, 1.2, 3.5, 0.0, 0.0, 7.8
2017, 10, 17, 22.9, 14.8, 7.0, 62.8, 0.9, 10.3, 0.0, 0.0, 0.9
2017, 10, 18, 18.1, 15.9, 13.5, 64.8, 2.5, 0.2, 0.0, 0.0, 9.0
2017, 10, 19, 21.9, 15.9, 11.5, 65.9, 1.3, 9.3, 0.0, 0.0, 4.4
2017, 10, 20, 23.8, 15.5, 9.2, 70.4, 0.9, 10.3, 0.0, 0.0, 0.3
2017, 10, 21, 24.6, 15.2, 8.5, 70.1, 0.7, 10.2, 0.0, 0.0, 0.0
2017, 10, 22, 22.4, 15.2, 7.4, 62.3, 2.6, 10.0, 0.0, 0.0, 1.1
2017, 10, 23, 19.1, 12.9, 8.6, 56.9, 1.5, 10.1, 0.0, 0.0, 0.1
2017, 10, 24, 20.1, 13.0, 8.1, 66.9, 1.1, 7.4, 0.0, 0.0, 3.0
2017, 10, 25, 20.2, 12.3, 6.9, 78.4, 1.1, 9.4, 0.0, 0.0, 1.8
2017, 10, 26, 19.9, 14.3, 8.6, 63.5, 0.8, 4.1, 0.0, 0.0, 7.8
2017, 10, 27, 23.3, 15.3, 10.0, 68.4, 0.7, 9.1, 0.0, 0.0, 2.3
2017, 10, 28, 24.1, 15.7, 8.4, 67.8, 1.0, 9.9, 0.0, 0.0, 0.0
2017, 10, 29, 18.1, 11.3, 6.2, 55.6, 2.9, 7.3, 0.0, 0.0, 0.3
2017, 10, 30, 13.3, 6.7, 2.1, 42.0, 1.9, 10.2, 0.0, 0.0, 0.0
2017, 10, 31, 16.9, 8.2, 0.3, 71.9, 1.0, 10.0, 0.0, 0.0, 1.3
2017, 11, 1, 19.2, 13.0, 7.8, 83.4, 1.2, 2.3, 0.0, 0.0, 9.1
2017, 11, 2, 19.2, 14.8, 11.6, 87.4, 1.3, 1.3, 0.0, 0.0, 7.6
2017, 11, 3, 18.4, 11.7, 6.3, 72.6, 2.4, 5.2, 2.2, 0.0, 4.1
2017, 11, 4, 14.2, 7.3, 3.0, 62.1, 1.7, 9.0, 0.0, 0.0, 2.4
2017, 11, 5, 15.5, 7.2, 0.4, 75.0, 0.9, 8.1, 0.0, 0.0, 2.0
2017, 11, 6, 16.5, 10.2, 4.8, 77.5, 1.1, 7.7, 0.0, 0.0, 4.9
2017, 11, 7, 20.0, 14.8, 6.4, 71.0, 1.3, 5.1, 0.0, 0.0, 9.1
2017, 11, 8, 18.2, 13.2, 6.6, 67.4, 2.7, 7.4, 0.2, 0.0, 3.1
2017, 11, 9, 16.6, 8.4, 1.8, 58.8, 0.8, 9.0, 0.0, 0.0, 0.0
2017, 11, 10, 16.8, 9.5, 4.3, 72.9, 2.4, 1.9, 9.6, 0.0, 4.1
2017, 11, 11, 11.3, 5.8, 1.0, 54.9, 2.0, 9.6, 0.0, 0.0, 0.0
2017, 11, 12, 12.1, 4.8, -1.3, 76.5, 0.9, 9.6, 0.0, 0.0, 1.8
2017, 11, 13, 11.7, 8.1, 1.0, 74.8, 1.5, 0.6, 7.8, 0.0, 8.3
2017, 11, 14, 12.5, 7.5, 3.5, 53.8, 2.3, 8.9, 0.0, 0.0, 1.1
2017, 11, 15, 8.7, 4.2, 0.2, 49.8, 2.4, 7.4, 0.2, 0.0, 3.1
2017, 11, 16, 7.8, 1.6, -2.4, 46.1, 1.3, 9.5, 0.0, 0.0, 0.0
2017, 11, 17, 6.8, 3.2, -2.8, 52.9, 1.5, 0.1, 0.2, 0.0, 7.3
2017, 11, 18, 2.9, -1.0, -3.9, 39.5, 3.5, 9.7, 0.0, 0.0, 0.0
2017, 11, 19, 5.5, -0.4, -6.1, 40.6, 2.1, 7.9, 0.0, 0.0, 2.3
2017, 11, 20, 6.1, 0.5, -4.6, 71.5, 1.4, 5.5, 0.7, 0.0, 3.4
2017, 11, 21, 8.4, 0.7, -5.2, 75.4, 0.9, 9.4, 0.0, 0.0, 0.3
2017, 11, 22, 12.2, 4.5, -1.1, 62.0, 2.2, 4.7, 0.1, 0.0, 5.3
2017, 11, 23, 6.5, 1.4, -3.2, 61.1, 1.9, 5.7, 1.9, 1.8, 4.9
2017, 11, 24, 4.5, 0.3, -2.5, 77.4, 1.3, 5.1, 1.5, 3.0, 4.8
2017, 11, 25, 9.7, 4.2, -3.6, 86.0, 2.4, 3.9, 13.0, 0.0, 6.9
2017, 11, 26, 10.2, 4.5, -0.5, 71.8, 1.5, 8.5, 0.2, 0.0, 2.1
2017, 11, 27, 9.4, 2.0, -3.5, 71.4, 0.7, 9.3, 0.0, 0.0, 0.8
2017, 11, 28, 12.2, 5.6, -0.7, 76.4, 0.7, 4.0, 0.0, 0.0, 6.9
2017, 11, 29, 8.5, 4.3, -1.5, 48.5, 2.5, 8.0, 0.0, 0.0, 4.6
2017, 11, 30, 3.8, -1.3, -4.3, 30.9, 3.0, 9.2, 0.0, 0.0, 1.9
2017, 12, 1, 4.6, -1.6, -6.3, 54.0, 1.6, 8.2, 0.0, 0.0, 2.0
2017, 12, 2, 7.1, 1.1, -5.0, 72.9, 1.0, 8.5, 0.0, 0.0, 3.1
2017, 12, 3, 7.9, 4.1, 1.2, 90.1, 0.8, 0.4, 4.0, 0.0, 9.0
2017, 12, 4, 4.4, -0.1, -5.0, 57.0, 3.1, 8.2, 0.4, 0.0, 2.0
2017, 12, 5, 0.7, -3.5, -6.8, 44.6, 2.4, 9.3, 0.0, 0.0, 2.0
2017, 12, 6, 5.7, 0.9, -3.8, 77.3, 1.9, 7.4, 3.2, 0.5, 6.3
2017, 12, 7, 7.2, 1.6, -2.7, 65.8, 1.9, 7.4, 0.2, 0.0, 4.0
2017, 12, 8, 0.8, -2.6, -5.5, 43.9, 2.4, 9.1, 0.0, 0.0, 3.1
2017, 12, 9, 4.4, -0.4, -5.2, 57.3, 1.1, 5.5, 0.0, 0.0, 5.8
2017, 12, 10, 7.2, 1.8, -1.4, 76.8, 2.3, 1.2, 7.6, 1.0, 6.6
2017, 12, 11, -1.3, -5.7, -9.8, 42.8, 4.1, 8.5, 0.0, 0.0, 0.1
2017, 12, 12, -3.2, -7.9, -11.2, 44.5, 2.2, 9.1, 0.0, 0.0, 0.0
2017, 12, 13, -1.9, -7.2, -11.3, 40.6, 1.8, 9.0, 0.0, 0.0, 0.0
2017, 12, 14, -0.6, -5.8, -11.5, 50.8, 0.8, 4.2, 0.0, 0.0, 5.5
2017, 12, 15, 1.6, -2.6, -8.6, 55.0, 0.8, 0.7, 0.0, 0.0, 6.9
2017, 12, 16, -0.9, -4.4, -7.3, 44.9, 2.9, 8.4, 0.0, 0.0, 0.1
2017, 12, 17, -0.7, -5.7, -11.0, 46.9, 1.7, 8.9, 0.0, 0.0, 1.3
2017, 12, 18, 6.6, 0.5, -5.4, 71.0, 2.1, 4.3, 1.2, 2.0, 6.6
2017, 12, 19, 0.5, -3.4, -7.7, 50.4, 2.2, 8.6, 0.0, 0.0, 0.3
2017, 12, 20, 2.7, -2.3, -9.3, 75.9, 1.6, 2.4, 1.1, 0.6, 6.6
2017, 12, 21, 4.1, -2.0, -6.2, 88.8, 1.0, 5.5, 0.0, 0.0, 1.0
2017, 12, 22, 7.9, 2.5, -4.2, 77.3, 1.1, 4.0, 0.0, 0.0, 7.3
2017, 12, 23, 9.0, 4.0, 1.9, 91.1, 0.6, 0.7, 0.0, 0.0, 8.1
2017, 12, 24, 5.2, 3.0, -0.3, 92.3, 1.8, 0.0, 17.0, 0.0, 7.3
2017, 12, 25, 1.9, -1.8, -4.6, 48.9, 2.5, 9.0, 0.0, 0.0, 2.1
2017, 12, 26, 1.1, -3.3, -7.3, 50.6, 2.8, 8.7, 0.0, 0.0, 2.0
2017, 12, 27, -1.6, -6.0, -9.5, 37.1, 1.8, 8.9, 0.0, 0.0, 0.0
2017, 12, 28, 3.4, -1.0, -8.4, 49.9, 1.0, 5.3, 0.0, 0.0, 7.8
2017, 12, 29, 7.8, 1.9, -2.3, 73.5, 1.1, 1.0, 0.0, 0.0, 5.5
2017, 12, 30, 4.8, 1.5, -2.8, 90.0, 1.0, 0.4, 3.3, 0.1, 9.9
2017, 12, 31, 5.1, 0.7, -2.1, 60.6, 2.4, 8.3, 0.5, 0.0, 1.8
2018, 1, 1, 4.7, -1.7, -6.9, 56.5, 1.0, 8.3, 0.0, 0.0, 0.9
2018, 1, 2, 3.3, -1.7, -5.7, 53.9, 1.6, 6.0, 0.0, 0.0, 4.1
2018, 1, 3, 1.6, -3.5, -6.9, 44.4, 2.2, 9.0, 0.0, 0.0, 2.3
2018, 1, 4, -0.3, -3.9, -7.8, 48.6, 1.2, 5.5, 0.0, 0.0, 6.0
2018, 1, 5, 2.5, -3.1, -6.4, 66.8, 1.5, 7.1, 0.0, 0.0, 2.5
2018, 1, 6, 3.9, -2.7, -8.4, 61.3, 1.3, 9.3, 0.0, 0.0, 0.0
2018, 1, 7, 3.1, -0.9, -7.6, 57.0, 0.8, 2.8, 0.0, 0.0, 7.1
2018, 1, 8, 4.0, 1.4, -1.1, 63.6, 1.9, 0.4, 2.0, 0.8, 9.8
2018, 1, 9, 0.4, -3.0, -5.4, 65.9, 2.8, 7.3, 1.1, 0.7, 5.3
2018, 1, 10, -2.5, -6.5, -10.2, 55.4, 3.0, 9.1, 0.5, 0.5, 1.4
2018, 1, 11, -5.8, -10.1, -13.2, 52.9, 2.8, 9.0, 0.0, 0.0, 0.6
2018, 1, 12, -4.7, -9.2, -14.3, 44.8, 1.5, 9.2, 0.0, 0.0, 2.5
2018, 1, 13, -0.6, -4.1, -7.4, 86.0, 1.4, 0.6, 0.7, 2.8, 7.1
2018, 1, 14, 5.2, 0.4, -5.7, 73.5, 1.6, 7.0, 0.0, 0.0, 5.1
2018, 1, 15, 8.9, 3.3, -1.3, 77.4, 1.1, 7.6, 0.4, 0.0, 5.3
2018, 1, 16, 6.9, 3.0, -2.5, 73.3, 0.7, 0.1, 0.0, 0.0, 9.5
2018, 1, 17, 8.1, 3.4, 0.6, 83.9, 0.9, 2.1, 0.6, 0.0, 8.3
2018, 1, 18, 6.8, 2.3, -0.6, 62.8, 1.7, 1.7, 0.0, 0.0, 7.6
2018, 1, 19, 7.1, 0.9, -2.9, 45.9, 1.4, 8.9, 0.0, 0.0, 3.4
2018, 1, 20, 7.2, 0.7, -3.6, 70.6, 1.2, 3.7, 0.0, 0.0, 4.9
2018, 1, 21, 6.1, -0.3, -5.7, 55.0, 0.9, 7.9, 0.0, 0.0, 2.1
2018, 1, 22, 6.2, 0.7, -4.1, 64.8, 1.8, 1.2, 2.1, 0.0, 8.3
2018, 1, 23, -4.1, -10.0, -13.7, 41.0, 3.9, 9.2, 0.0, 0.0, 0.1
2018, 1, 24, -8.4, -12.7, -14.8, 32.1, 3.8, 9.6, 0.0, 0.0, 0.0
2018, 1, 25, -7.9, -12.6, -15.2, 34.4, 3.0, 8.5, 0.0, 0.0, 3.0
2018, 1, 26, -9.0, -13.5, -16.8, 36.6, 2.7, 9.7, 0.0, 0.0, 0.0
2018, 1, 27, -1.8, -9.0, -16.0, 43.8, 1.4, 9.5, 0.0, 0.0, 1.6
2018, 1, 28, 0.3, -4.9, -8.0, 36.5, 2.3, 8.0, 0.0, 0.0, 3.5
2018, 1, 29, -3.4, -7.5, -10.6, 39.4, 2.6, 9.2, 0.0, 0.0, 0.5
2018, 1, 30, 0.0, -5.4, -13.0, 68.4, 1.2, 5.1, 0.5, 1.0, 4.5
2018, 1, 31, 1.4, -2.3, -6.1, 60.1, 1.3, 1.5, 0.0, 0.0, 7.1
2018, 2, 1, 3.6, -3.4, -9.3, 48.6, 1.4, 9.9, 0.0, 0.0, 0.0
2018, 2, 2, 4.4, -3.1, -9.5, 61.3, 1.3, 8.8, 0.0, 0.0, 1.9
2018, 2, 3, -2.8, -6.4, -10.0, 52.3, 3.4, 9.8, 0.4, 0.7, 1.5
2018, 2, 4, -4.6, -8.5, -11.8, 42.8, 2.7, 9.9, 0.0, 0.0, 0.0
2018, 2, 5, -4.0, -8.4, -11.7, 39.9, 2.9, 10.1, 0.0, 0.0, 0.0
2018, 2, 6, -4.8, -9.2, -12.9, 39.3, 2.9, 9.4, 0.0, 0.0, 0.8
2018, 2, 7, -1.2, -7.9, -14.6, 49.6, 1.4, 9.9, 0.0, 0.0, 1.0
2018, 2, 8, 3.4, -4.6, -11.2, 56.0, 0.8, 9.6, 0.0, 0.0, 0.1
2018, 2, 9, 6.2, 0.5, -6.9, 49.4, 1.1, 1.7, 0.0, 0.0, 6.9
2018, 2, 10, 5.9, -0.3, -6.5, 50.9, 2.7, 5.9, 0.0, 0.0, 6.5
2018, 2, 11, -0.4, -5.5, -8.3, 56.1, 2.3, 6.6, 1.9, 2.5, 3.8
2018, 2, 12, -1.6, -6.3, -12.9, 65.5, 2.0, 8.3, 1.0, 2.3, 3.1
2018, 2, 13, 5.3, -2.6, -11.3, 74.6, 1.8, 9.6, 0.0, 0.0, 1.5
2018, 2, 14, 9.1, 2.6, -4.0, 61.6, 2.3, 3.2, 0.0, 0.0, 6.3
2018, 2, 15, 5.9, -0.1, -4.0, 37.4, 2.3, 9.8, 0.0, 0.0, 3.8
2018, 2, 16, 6.0, -1.0, -7.2, 53.0, 1.6, 9.5, 0.0, 0.0, 3.5
2018, 2, 17, 2.4, -2.4, -6.2, 35.1, 2.6, 9.4, 0.0, 0.0, 1.8
2018, 2, 18, 5.8, -0.6, -5.2, 35.3, 1.1, 5.0, 0.0, 0.0, 6.4
2018, 2, 19, 7.4, 0.7, -4.2, 62.8, 1.1, 4.4, 0.0, 0.0, 5.8
2018, 2, 20, 7.5, 0.7, -4.2, 56.5, 1.7, 5.7, 0.1, 0.0, 5.8
2018, 2, 21, 5.4, -0.6, -4.4, 36.0, 2.4, 10.2, 0.0, 0.0, 2.5
2018, 2, 22, 5.9, 0.7, -5.3, 61.5, 2.0, 4.7, 0.0, 0.0, 4.9
2018, 2, 23, 10.3, 4.9, -0.7, 82.4, 2.3, 2.8, 2.8, 1.7, 7.9
2018, 2, 24, 8.3, 2.6, -1.9, 62.1, 2.0, 7.8, 0.0, 0.0, 6.3
2018, 2, 25, 8.8, 1.6, -2.5, 48.8, 1.5, 8.9, 0.0, 0.0, 2.6
2018, 2, 26, 11.1, 1.9, -4.2, 59.1, 1.2, 10.4, 0.0, 0.0, 0.8
2018, 2, 27, 7.7, 3.4, -2.7, 59.4, 0.8, 0.0, 0.0, 0.0, 7.5
2018, 2, 28, 8.8, 5.2, 2.4, 76.8, 3.1, 0.0, 22.9, 0.0, 10.0
2018, 3, 1, 3.8, 0.2, -3.7, 68.3, 4.3, 8.6, 2.9, 0.0, 5.5
2018, 3, 2, 6.3, -0.1, -6.2, 38.3, 1.5, 10.7, 0.0, 0.0, 2.3
2018, 3, 3, 16.8, 8.3, -1.0, 42.9, 1.7, 10.5, 0.0, 0.0, 4.3
2018, 3, 4, 13.9, 10.6, 7.6, 90.0, 1.4, 0.1, 13.1, 0.0, 9.9
2018, 3, 5, 11.3, 6.0, 2.1, 68.3, 3.7, 7.2, 7.2, 0.0, 5.8
2018, 3, 6, 11.9, 4.0, -2.0, 61.8, 1.3, 10.9, 0.0, 0.0, 2.4
2018, 3, 7, 12.2, 6.5, 0.1, 60.1, 3.0, 4.2, 2.5, 0.0, 8.0
2018, 3, 8, 9.3, 4.3, 1.4, 85.0, 2.3, 3.1, 6.9, 0.0, 7.3
2018, 3, 9, 10.0, 4.3, 1.0, 74.1, 1.4, 6.8, 0.0, 0.0, 5.9
2018, 3, 10, 10.8, 3.9, -1.5, 75.1, 1.7, 8.4, 0.0, 0.0, 2.5
2018, 3, 11, 13.4, 6.2, 1.3, 66.3, 1.4, 10.1, 0.0, 0.0, 2.1
2018, 3, 12, 16.7, 7.0, 0.1, 69.4, 1.2, 8.0, 0.0, 0.0, 1.0
2018, 3, 13, 19.4, 12.3, 2.3, 70.3, 1.8, 7.3, 0.0, 0.0, 5.4
2018, 3, 14, 23.2, 16.8, 12.9, 62.1, 2.1, 7.9, 0.0, 0.0, 5.0
2018, 3, 15, 15.5, 11.3, 8.0, 99.1, 1.7, 0.0, 46.5, 0.0, 9.9
2018, 3, 16, 11.9, 7.7, 4.6, 53.6, 3.4, 10.9, 0.0, 0.0, 2.9
2018, 3, 17, 14.5, 6.6, 1.4, 53.5, 2.3, 9.5, 0.0, 0.0, 4.3
2018, 3, 18, 12.7, 8.1, 4.2, 66.3, 0.9, 0.2, 1.3, 0.0, 9.9
2018, 3, 19, 10.8, 8.6, 6.9, 76.0, 3.5, 0.0, 3.5, 0.0, 9.8
2018, 3, 20, 9.4, 5.5, 2.5, 43.3, 5.3, 5.1, 0.0, 0.0, 6.8
2018, 3, 21, 2.7, 1.8, 0.1, 78.1, 2.8, 0.0, 2.1, 1.6, 10.0
2018, 3, 22, 11.4, 4.7, 0.3, 75.1, 2.1, 11.0, 0.0, 0.0, 2.0
2018, 3, 23, 13.2, 5.3, 0.3, 71.8, 1.5, 7.9, 0.0, 0.0, 6.1
2018, 3, 24, 14.7, 7.1, 2.3, 81.8, 1.8, 6.8, 0.0, 0.0, 5.1
2018, 3, 25, 18.4, 8.7, 4.5, 77.4, 1.5, 9.1, 0.0, 0.0, 4.8
2018, 3, 26, 19.5, 10.2, 4.6, 78.3, 1.4, 8.3, 0.0, 0.0, 3.8
2018, 3, 27, 21.3, 12.7, 4.6, 75.3, 1.5, 9.1, 0.0, 0.0, 1.1
2018, 3, 28, 21.1, 14.2, 8.2, 74.5, 2.0, 6.9, 0.0, 0.0, 3.6
2018, 3, 29, 21.5, 14.6, 9.7, 80.5, 1.5, 5.1, 0.0, 0.0, 4.0
2018, 3, 30, 21.2, 13.5, 7.5, 68.6, 2.0, 8.7, 0.0, 0.0, 1.5
2018, 3, 31, 21.3, 13.5, 7.1, 65.8, 1.7, 9.8, 0.0, 0.0, 0.5
2018, 4, 1, 18.0, 14.8, 9.3, 78.9, 1.1, 0.1, 0.0, 0.0, 8.9
2018, 4, 2, 25.0, 17.2, 12.0, 75.1, 1.5, 5.6, 0.0, 0.0, 4.4
2018, 4, 3, 23.8, 18.2, 14.1, 77.8, 1.8, 2.9, 0.0, 0.0, 7.8
2018, 4, 4, 16.6, 12.7, 10.2, 78.6, 3.0, 3.8, 19.1, 0.0, 7.9
2018, 4, 5, 10.3, 8.2, 7.5, 95.9, 3.7, 0.0, 16.3, 0.0, 10.0
2018, 4, 6, 9.3, 6.4, 3.5, 76.1, 3.6, 4.3, 8.9, 0.0, 9.3
2018, 4, 7, 9.8, 4.9, 2.6, 49.1, 4.7, 10.7, 0.0, 0.0, 4.0
2018, 4, 8, 10.2, 6.0, 0.0, 62.1, 2.2, 3.2, 0.5, 0.0, 6.1
2018, 4, 9, 16.8, 9.1, 0.9, 59.9, 0.7, 11.5, 0.0, 0.0, 0.4
2018, 4, 10, 22.4, 15.6, 5.3, 56.9, 3.4, 6.2, 1.1, 0.0, 5.3
2018, 4, 11, 18.1, 12.3, 8.2, 58.8, 3.0, 11.4, 0.0, 0.0, 3.9
2018, 4, 12, 20.5, 11.7, 4.9, 50.4, 1.8, 11.2, 0.0, 0.0, 0.9
2018, 4, 13, 19.7, 14.1, 5.4, 36.6, 2.2, 1.7, 0.0, 0.0, 8.1
2018, 4, 14, 14.4, 9.1, 7.2, 85.4, 2.7, 0.1, 9.6, 0.0, 9.4
2018, 4, 15, 14.9, 9.2, 5.7, 77.9, 2.0, 8.4, 0.0, 0.0, 4.5
2018, 4, 16, 19.3, 10.8, 3.2, 59.8, 1.4, 12.2, 0.0, 0.0, 1.0
2018, 4, 17, 20.6, 11.8, 4.8, 50.6, 1.3, 10.7, 0.0, 0.0, 1.0
2018, 4, 18, 19.4, 11.1, 3.2, 53.3, 1.2, 12.0, 0.0, 0.0, 0.0
2018, 4, 19, 21.7, 13.5, 4.1, 49.4, 1.3, 11.5, 0.0, 0.0, 0.6
2018, 4, 20, 27.0, 17.0, 8.5, 54.9, 0.9, 11.2, 0.0, 0.0, 0.0
2018, 4, 21, 27.3, 17.2, 8.7, 51.1, 1.3, 12.2, 0.0, 0.0, 3.4
2018, 4, 22, 21.2, 15.8, 11.8, 68.6, 2.2, 0.0, 4.5, 0.0, 8.6
2018, 4, 23, 13.1, 10.4, 9.5, 98.3, 4.2, 0.0, 66.2, 0.0, 10.0
2018, 4, 24, 16.5, 12.4, 8.2, 66.8, 2.8, 0.0, 2.6, 0.0, 8.1
2018, 4, 25, 24.1, 13.6, 3.7, 52.0, 1.1, 12.5, 0.0, 0.0, 0.3
2018, 4, 26, 22.5, 14.3, 7.1, 63.4, 1.4, 11.5, 0.0, 0.0, 4.0
2018, 4, 27, 22.8, 13.9, 7.4, 70.8, 1.2, 10.6, 0.0, 0.0, 0.5
2018, 4, 28, 22.4, 14.0, 8.2, 64.6, 1.3, 12.0, 0.0, 0.0, 0.0
2018, 4, 29, 24.0, 15.2, 7.2, 59.4, 1.2, 11.9, 0.0, 0.0, 2.4
2018, 4, 30, 25.8, 18.9, 11.7, 69.6, 1.2, 9.8, 0.0, 0.0, 4.4
2018, 5, 1, 25.1, 20.5, 17.6, 79.9, 1.3, 2.7, 0.0, 0.0, 7.9
2018, 5, 2, 20.6, 15.4, 10.7, 94.4, 2.4, 0.0, 4.1, 0.0, 9.9
2018, 5, 3, 16.8, 11.9, 6.9, 67.6, 3.3, 10.0, 0.0, 0.0, 2.1
2018, 5, 4, 20.3, 13.8, 8.2, 55.4, 3.1, 12.5, 0.0, 0.0, 1.0
2018, 5, 5, 25.1, 17.7, 8.6, 57.4, 2.2, 10.0, 0.0, 0.0, 5.5
2018, 5, 6, 19.2, 16.0, 14.5, 96.6, 2.0, 0.8, 22.7, 0.0, 9.4
2018, 5, 7, 27.1, 18.6, 13.4, 73.1, 1.3, 6.7, 0.0, 0.0, 5.9
2018, 5, 8, 22.8, 17.8, 12.4, 58.4, 3.5, 9.8, 0.0, 0.0, 5.0
2018, 5, 9, 22.2, 15.2, 9.9, 58.1, 2.3, 12.8, 0.0, 0.0, 0.0
2018, 5, 10, 22.5, 14.6, 9.5, 79.4, 2.0, 12.5, 0.0, 0.0, 2.5
2018, 5, 11, 22.2, 15.6, 10.9, 68.6, 1.7, 5.3, 0.0, 0.0, 9.5
2018, 5, 12, 16.3, 14.4, 11.7, 94.6, 1.5, 0.0, 36.0, 0.0, 10.0
2018, 5, 13, 19.3, 14.8, 11.3, 92.5, 1.8, 4.3, 0.5, 0.0, 7.4
2018, 5, 14, 25.7, 17.8, 10.8, 83.3, 1.3, 7.7, 0.0, 0.0, 5.4
2018, 5, 15, 29.1, 23.0, 14.1, 66.9, 1.0, 8.1, 0.0, 0.0, 6.6
2018, 5, 16, 24.5, 23.2, 21.8, 95.4, 1.9, 0.0, 28.3, 0.0, 10.0
2018, 5, 17, 24.8, 21.6, 19.5, 98.6, 1.5, 0.1, 64.8, 0.0, 10.0
2018, 5, 18, 20.0, 16.6, 12.6, 93.0, 1.6, 0.0, 5.2, 0.0, 8.4
2018, 5, 19, 24.3, 18.1, 10.6, 56.1, 3.2, 13.6, 0.0, 0.0, 1.0
2018, 5, 20, 23.7, 17.8, 12.6, 39.6, 2.7, 5.1, 0.0, 0.0, 4.0
2018, 5, 21, 22.9, 17.3, 9.2, 56.6, 2.3, 10.0, 0.0, 0.0, 2.8
2018, 5, 22, 23.8, 18.4, 15.1, 80.8, 1.3, 2.6, 13.6, 0.0, 8.3
2018, 5, 23, 22.9, 17.1, 11.9, 71.5, 2.6, 13.1, 6.6, 0.0, 1.8
2018, 5, 24, 24.9, 18.3, 10.3, 59.6, 2.2, 12.5, 0.0, 0.0, 0.8
2018, 5, 25, 26.6, 19.1, 12.0, 54.9, 1.5, 9.9, 0.0, 0.0, 4.0
2018, 5, 26, 29.5, 20.3, 12.0, 63.3, 1.3, 13.3, 0.0, 0.0, 1.0
2018, 5, 27, 24.6, 18.9, 14.8, 58.1, 1.3, 1.3, 0.0, 0.0, 7.0
2018, 5, 28, 29.4, 21.0, 12.7, 63.0, 1.5, 12.8, 0.0, 0.0, 2.8
2018, 5, 29, 26.8, 20.8, 17.5, 78.3, 1.5, 2.5, 10.9, 0.0, 9.3
2018, 5, 30, 25.3, 18.8, 14.4, 89.5, 1.8, 8.0, 3.7, 0.0, 5.0
2018, 5, 31, 26.2, 19.2, 13.4, 75.9, 1.7, 11.3, 0.0, 0.0, 2.1
2018, 6, 1, 29.9, 22.1, 14.9, 62.5, 1.7, 13.5, 0.0, 0.0, 0.0
2018, 6, 2, 29.5, 21.6, 14.6, 59.0, 1.6, 13.5, 0.0, 0.0, 1.4
2018, 6, 3, 30.9, 22.4, 14.0, 57.4, 1.2, 13.0, 0.0, 0.0, 3.9
2018, 6, 4, 27.3, 21.7, 16.4, 63.1, 1.6, 8.3, 0.0, 0.0, 7.5
2018, 6, 5, 30.1, 23.3, 18.6, 62.3, 1.6, 11.7, 0.0, 0.0, 3.3
2018, 6, 6, 27.9, 21.7, 16.6, 78.1, 1.6, 12.5, 0.0, 0.0, 0.6
2018, 6, 7, 29.0, 20.7, 16.5, 83.8, 1.6, 8.0, 0.0, 0.0, 3.8
2018, 6, 8, 26.9, 21.1, 17.6, 79.0, 2.1, 8.5, 0.0, 0.0, 5.1
2018, 6, 9, 29.5, 23.5, 17.1, 66.0, 2.4, 6.7, 0.1, 0.0, 7.5
2018, 6, 10, 25.8, 21.7, 17.2, 62.8, 3.3, 2.0, 1.4, 0.0, 9.8
2018, 6, 11, 23.8, 20.8, 18.2, 67.4, 1.9, 2.4, 0.0, 0.0, 8.1
2018, 6, 12, 27.8, 21.0, 17.5, 72.3, 2.0, 10.7, 0.3, 0.0, 4.6
2018, 6, 13, 27.3, 21.7, 16.9, 72.8, 1.7, 5.1, 0.0, 0.0, 7.3
2018, 6, 14, 25.9, 22.4, 18.5, 71.9, 2.6, 2.6, 3.4, 0.0, 8.8
2018, 6, 15, 26.3, 22.0, 17.7, 60.4, 3.5, 9.3, 0.3, 0.0, 4.9
2018, 6, 16, 29.1, 21.8, 16.3, 60.9, 2.4, 13.5, 0.0, 0.0, 0.8
2018, 6, 17, 28.6, 21.5, 16.4, 78.6, 1.2, 2.2, 0.0, 0.0, 7.8
2018, 6, 18, 30.6, 23.8, 18.7, 69.3, 1.5, 11.7, 0.0, 0.0, 3.5
2018, 6, 19, 26.0, 21.8, 17.5, 73.4, 1.5, 1.3, 0.0, 0.0, 8.4
2018, 6, 20, 28.9, 22.3, 18.1, 78.9, 2.3, 10.9, 0.0, 0.0, 5.4
2018, 6, 21, 28.8, 23.0, 18.8, 71.3, 2.4, 11.4, 0.0, 0.0, 4.1
2018, 6, 22, 32.6, 24.0, 16.9, 60.5, 1.7, 12.3, 0.0, 0.0, 5.6
2018, 6, 23, 30.8, 23.9, 20.1, 62.9, 1.8, 8.2, 0.0, 0.0, 7.5
2018, 6, 24, 33.3, 24.8, 19.9, 73.8, 2.0, 11.2, 0.0, 0.0, 3.5
2018, 6, 25, 33.1, 26.5, 20.0, 65.0, 1.3, 6.9, 0.0, 0.0, 7.3
2018, 6, 26, 26.0, 22.2, 19.6, 94.0, 2.8, 0.0, 95.5, 0.0, 10.0
2018, 6, 27, 28.0, 22.0, 18.8, 92.4, 1.7, 2.2, 0.2, 0.0, 9.0
2018, 6, 28, 26.3, 23.4, 20.7, 95.0, 1.4, 0.9, 3.1, 0.0, 9.8
2018, 6, 29, 29.9, 24.5, 21.5, 88.3, 1.3, 7.0, 1.0, 0.0, 5.5
2018, 6, 30, 29.7, 24.9, 20.7, 88.3, 1.3, 1.7, 1.7, 0.0, 8.5
2018, 7, 1, 23.9, 21.9, 20.8, 98.6, 2.4, 0.0, 105.7, 0.0, 9.9
2018, 7, 2, 28.0, 23.0, 20.4, 98.9, 1.7, 0.3, 76.3, 0.0, 9.9
2018, 7, 3, 33.5, 26.5, 22.6, 85.8, 2.0, 8.7, 17.7, 0.0, 5.8
2018, 7, 4, 32.3, 26.4, 22.6, 84.1, 1.9, 11.4, 0.0, 0.0, 6.6
2018, 7, 5, 30.8, 25.7, 22.4, 84.0, 1.7, 3.2, 0.3, 0.0, 8.6
2018, 7, 6, 27.5, 24.3, 22.2, 67.3, 3.3, 2.5, 0.0, 0.0, 8.3
2018, 7, 7, 29.6, 24.3, 20.4, 57.5, 2.9, 9.0, 0.0, 0.0, 3.9
2018, 7, 8, 28.2, 23.3, 18.5, 58.4, 2.9, 10.4, 0.0, 0.0, 5.8
2018, 7, 9, 23.6, 21.1, 20.3, 91.0, 3.0, 0.0, 11.5, 0.0, 9.6
2018, 7, 10, 27.9, 24.7, 20.5, 88.6, 1.7, 0.0, 2.9, 0.0, 9.9
2018, 7, 11, 30.9, 27.2, 24.2, 85.3, 1.5, 0.9, 4.2, 0.0, 9.3
2018, 7, 12, 31.1, 27.4, 25.0, 83.5, 1.5, 5.4, 0.0, 0.0, 6.4
2018, 7, 13, 32.4, 27.3, 24.0, 81.0, 1.5, 7.2, 0.1, 0.0, 5.3
2018, 7, 14, 32.8, 27.9, 23.9, 77.3, 1.7, 10.5, 0.0, 0.0, 4.0
2018, 7, 15, 34.0, 27.9, 23.4, 77.1, 1.5, 11.5, 0.0, 0.0, 2.5
2018, 7, 16, 33.7, 27.8, 22.8, 73.6, 1.4, 13.5, 0.0, 0.0, 0.0
2018, 7, 17, 32.4, 27.2, 22.3, 75.3, 1.6, 13.3, 0.0, 0.0, 0.9
2018, 7, 18, 33.4, 27.6, 22.6, 75.9, 1.3, 13.2, 0.0, 0.0, 0.8
2018, 7, 19, 33.4, 27.6, 22.1, 73.5, 1.6, 13.2, 0.0, 0.0, 0.3
2018, 7, 20, 34.0, 28.5, 22.8, 71.1, 1.3, 12.6, 0.0, 0.0, 0.9
2018, 7, 21, 36.7, 29.3, 23.1, 63.9, 1.3, 13.2, 0.0, 0.0, 0.0
2018, 7, 22, 37.5, 31.1, 23.9, 60.0, 1.3, 11.2, 0.0, 0.0, 3.6
2018, 7, 23, 36.0, 31.2, 28.2, 60.6, 1.6, 9.5, 0.0, 0.0, 6.0
2018, 7, 24, 36.5, 30.6, 25.6, 68.8, 1.7, 12.2, 0.0, 0.0, 2.9
2018, 7, 25, 33.9, 29.6, 27.3, 71.9, 2.2, 6.3, 0.0, 0.0, 4.6
2018, 7, 26, 34.2, 29.4, 25.9, 76.8, 1.6, 7.6, 0.0, 0.0, 3.3
2018, 7, 27, 35.7, 29.8, 26.4, 78.5, 1.7, 10.1, 0.0, 0.0, 3.3
2018, 7, 28, 34.9, 28.9, 25.9, 86.6, 1.1, 3.9, 4.0, 0.0, 5.8
2018, 7, 29, 35.9, 30.9, 25.3, 60.5, 2.2, 11.6, 0.0, 0.0, 2.3
2018, 7, 30, 36.3, 31.6, 26.6, 57.9, 1.9, 10.7, 0.0, 0.0, 3.3
2018, 7, 31, 37.5, 31.9, 27.8, 58.5, 2.1, 12.1, 0.0, 0.0, 1.9
2018, 8, 1, 39.3, 32.0, 26.6, 66.0, 1.5, 13.2, 0.0, 0.0, 0.9
2018, 8, 2, 38.1, 32.0, 27.8, 63.9, 1.5, 9.7, 0.0, 0.0, 2.0
2018, 8, 3, 37.6, 32.0, 28.0, 63.8, 1.9, 12.2, 0.0, 0.0, 2.0
2018, 8, 4, 35.0, 30.2, 27.2, 72.6, 2.0, 10.7, 0.0, 0.0, 2.3
2018, 8, 5, 34.3, 29.7, 26.2, 78.9, 2.5, 10.8, 0.0, 0.0, 5.6
2018, 8, 6, 34.8, 29.8, 27.2, 79.9, 1.7, 7.1, 1.0, 0.0, 7.3
2018, 8, 7, 36.4, 30.5, 27.4, 69.1, 2.3, 9.2, 0.0, 0.0, 2.6
2018, 8, 8, 36.0, 30.2, 26.1, 75.3, 2.0, 10.3, 0.0, 0.0, 3.9
2018, 8, 9, 34.1, 29.4, 26.2, 80.5, 1.9, 5.7, 0.0, 0.0, 5.3
2018, 8, 10, 37.0, 31.2, 26.7, 65.8, 1.9, 11.3, 0.0, 0.0, 3.0
2018, 8, 11, 35.6, 30.6, 26.8, 62.6, 2.6, 9.0, 0.0, 0.0, 2.9
2018, 8, 12, 35.6, 30.3, 25.8, 65.5, 2.3, 9.8, 2.8, 0.0, 6.6
2018, 8, 13, 36.7, 31.0, 26.2, 70.1, 1.5, 9.7, 0.0, 0.0, 5.9
2018, 8, 14, 37.1, 31.8, 27.8, 62.9, 1.2, 7.6, 0.0, 0.0, 6.6
2018, 8, 15, 39.2, 32.4, 28.6, 60.1, 2.1, 11.3, 0.0, 0.0, 4.4
2018, 8, 16, 35.9, 30.0, 24.7, 56.5, 3.7, 11.0, 0.0, 0.0, 4.4
2018, 8, 17, 32.5, 26.9, 22.3, 47.8, 4.0, 12.6, 0.0, 0.0, 0.3
2018, 8, 18, 32.1, 25.8, 21.5, 56.4, 2.5, 10.8, 0.0, 0.0, 3.1
2018, 8, 19, 33.8, 27.1, 22.0, 62.0, 1.4, 9.1, 0.0, 0.0, 7.1
2018, 8, 20, 32.8, 28.3, 24.3, 65.4, 2.3, 4.8, 0.0, 0.0, 8.0
2018, 8, 21, 30.1, 25.6, 23.2, 82.4, 2.0, 3.8, 5.7, 0.0, 7.0
2018, 8, 22, 37.2, 30.6, 23.1, 64.5, 2.2, 11.9, 0.0, 0.0, 4.6
2018, 8, 23, 33.2, 29.5, 24.9, 66.0, 3.2, 0.6, 3.7, 0.0, 9.9
2018, 8, 24, 28.0, 24.7, 22.9, 91.1, 2.9, 0.5, 12.2, 0.0, 9.4
2018, 8, 25, 29.6, 24.7, 21.0, 80.8, 2.0, 4.5, 0.0, 0.0, 6.6
2018, 8, 26, 25.9, 21.7, 19.0, 82.3, 1.7, 0.5, 4.0, 0.0, 7.5
2018, 8, 27, 24.6, 22.4, 19.3, 99.4, 1.2, 0.0, 53.1, 0.0, 10.0
2018, 8, 28, 25.4, 23.5, 22.3, 100.0, 1.2, 0.0, 124.8, 0.0, 9.9
2018, 8, 29, 29.6, 26.1, 22.8, 88.3, 2.2, 2.9, 8.5, 0.0, 9.1
2018, 8, 30, 31.4, 26.7, 24.4, 85.3, 2.0, 6.5, 1.9, 0.0, 8.3
2018, 8, 31, 30.0, 24.7, 21.3, 78.6, 1.6, 7.7, 0.9, 0.0, 4.6
2018, 9, 1, 30.7, 25.3, 19.9, 68.8, 2.7, 11.1, 0.0, 0.0, 1.6
2018, 9, 2, 29.9, 25.1, 20.2, 62.8, 2.7, 9.1, 0.0, 0.0, 5.4
2018, 9, 3, 28.5, 24.3, 22.5, 85.0, 1.9, 1.1, 17.7, 0.0, 9.6
2018, 9, 4, 29.3, 23.8, 20.0, 77.0, 2.1, 10.0, 0.0, 0.0, 4.5
2018, 9, 5, 29.0, 23.6, 18.1, 72.1, 2.3, 11.1, 0.0, 0.0, 1.5
2018, 9, 6, 28.8, 23.1, 19.7, 83.6, 1.9, 2.6, 6.7, 0.0, 7.1
2018, 9, 7, 25.4, 21.4, 17.9, 65.9, 2.5, 9.5, 1.0, 0.0, 6.3
2018, 9, 8, 28.2, 21.3, 14.0, 61.9, 1.4, 12.1, 0.0, 0.0, 0.0
2018, 9, 9, 28.3, 21.2, 14.2, 65.3, 1.0, 10.3, 0.0, 0.0, 1.4
2018, 9, 10, 28.0, 23.0, 18.2, 56.4, 2.6, 10.7, 0.0, 0.0, 2.4
2018, 9, 11, 25.7, 21.4, 16.2, 56.3, 2.6, 8.4, 0.0, 0.0, 5.8
2018, 9, 12, 27.6, 22.5, 16.1, 60.9, 2.0, 10.4, 0.0, 0.0, 4.6
2018, 9, 13, 28.0, 23.5, 20.4, 69.6, 2.2, 5.4, 0.0, 0.0, 8.0
2018, 9, 14, 25.1, 23.1, 20.4, 74.8, 2.2, 0.1, 0.2, 0.0, 8.9
2018, 9, 15, 23.6, 21.7, 20.1, 93.5, 1.2, 0.0, 6.9, 0.0, 9.9
2018, 9, 16, 25.4, 21.9, 20.6, 92.8, 1.2, 0.0, 1.6, 0.0, 10.0
2018, 9, 17, 27.8, 21.8, 17.9, 75.5, 1.3, 11.4, 0.0, 0.0, 4.4
2018, 9, 18, 26.9, 21.3, 16.4, 72.0, 1.3, 7.2, 0.0, 0.0, 6.4
2018, 9, 19, 26.9, 21.4, 18.1, 69.9, 1.2, 0.7, 0.1, 0.0, 9.4
2018, 9, 20, 20.3, 19.0, 17.6, 92.0, 2.2, 0.0, 5.7, 0.0, 9.9
2018, 9, 21, 22.1, 19.2, 17.6, 93.4, 1.7, 0.1, 20.0, 0.0, 9.3
2018, 9, 22, 26.5, 20.2, 14.7, 75.4, 1.7, 10.6, 0.5, 0.0, 2.6
2018, 9, 23, 25.7, 19.0, 14.6, 67.5, 1.4, 6.7, 1.3, 0.0, 5.9
2018, 9, 24, 23.3, 17.1, 11.9, 63.9, 1.7, 11.1, 0.0, 0.0, 1.3
2018, 9, 25, 24.1, 17.3, 9.2, 61.8, 1.4, 10.5, 0.0, 0.0, 2.9
2018, 9, 26, 24.8, 18.9, 16.0, 58.3, 2.5, 7.0, 0.0, 0.0, 4.6
2018, 9, 27, 24.8, 18.5, 11.6, 58.1, 1.6, 10.4, 0.0, 0.0, 0.9
2018, 9, 28, 21.3, 17.7, 13.8, 66.5, 2.1, 2.7, 0.0, 0.0, 5.6
2018, 9, 29, 27.0, 19.6, 13.4, 70.0, 1.5, 11.2, 0.0, 0.0, 0.3
2018, 9, 30, 22.4, 17.2, 12.9, 64.4, 2.1, 10.8, 0.0, 0.0, 0.6
2018, 10, 1, 20.8, 15.7, 10.8, 64.1, 2.3, 6.7, 0.1, 0.0, 5.4
2018, 10, 2, 21.8, 14.8, 8.9, 74.1, 1.3, 11.0, 0.0, 0.0, 0.5
2018, 10, 3, 24.6, 16.4, 9.8, 72.5, 0.8, 11.0, 0.0, 0.0, 0.3
2018, 10, 4, 25.6, 19.3, 11.6, 64.3, 2.1, 8.9, 0.0, 0.0, 5.8
2018, 10, 5, 19.4, 17.1, 15.6, 89.4, 2.0, 0.0, 27.2, 0.0, 9.9
2018, 10, 6, 22.6, 17.7, 14.8, 91.3, 2.7, 2.4, 76.0, 0.0, 6.9
2018, 10, 7, 22.2, 16.4, 11.4, 65.8, 1.6, 10.4, 0.0, 0.0, 1.9
2018, 10, 8, 21.2, 13.7, 7.4, 63.9, 0.8, 9.3, 0.0, 0.0, 3.6
2018, 10, 9, 19.7, 14.9, 8.9, 67.8, 1.3, 1.9, 0.0, 0.0, 8.6
2018, 10, 10, 16.2, 12.7, 8.0, 63.8, 2.5, 6.8, 3.0, 0.0, 5.1
2018, 10, 11, 15.5, 9.8, 4.0, 60.3, 2.0, 8.3, 0.0, 0.0, 1.8
2018, 10, 12, 17.8, 10.3, 3.9, 68.8, 1.0, 11.0, 0.0, 0.0, 0.0
2018, 10, 13, 19.7, 11.6, 5.0, 71.0, 0.8, 10.7, 0.0, 0.0, 0.0
2018, 10, 14, 21.0, 13.1, 5.8, 69.8, 1.0, 9.7, 0.0, 0.0, 4.4
2018, 10, 15, 21.8, 14.2, 8.6, 84.5, 1.1, 7.7, 0.0, 0.0, 2.5
2018, 10, 16, 20.7, 13.6, 8.9, 76.5, 0.9, 5.9, 0.0, 0.0, 6.3
2018, 10, 17, 19.0, 11.4, 6.6, 72.5, 1.2, 10.5, 0.0, 0.0, 0.0
2018, 10, 18, 18.8, 10.7, 5.0, 86.9, 1.3, 7.3, 3.8, 0.0, 3.5
2018, 10, 19, 20.5, 12.7, 6.0, 67.5, 1.5, 10.8, 0.0, 0.0, 0.0
2018, 10, 20, 21.6, 12.2, 5.5, 72.9, 0.7, 10.1, 0.0, 0.0, 1.6
2018, 10, 21, 21.1, 12.0, 5.2, 70.3, 0.8, 10.3, 0.0, 0.0, 2.1
2018, 10, 22, 20.1, 12.2, 6.7, 72.3, 0.7, 6.3, 0.0, 0.0, 5.4
2018, 10, 23, 16.3, 10.7, 7.5, 94.0, 0.9, 4.1, 5.9, 0.0, 4.3
2018, 10, 24, 19.3, 11.6, 6.0, 80.5, 1.0, 10.1, 0.0, 0.0, 0.6
2018, 10, 25, 21.5, 12.8, 5.6, 69.8, 0.7, 9.5, 0.0, 0.0, 3.4
2018, 10, 26, 14.7, 12.4, 10.1, 79.9, 1.9, 2.0, 7.2, 0.0, 7.9
2018, 10, 27, 13.6, 9.8, 5.5, 55.9, 2.8, 8.6, 0.0, 0.0, 4.1
2018, 10, 28, 16.1, 9.1, 5.0, 82.5, 1.8, 3.2, 9.4, 0.0, 7.0
2018, 10, 29, 13.5, 7.7, 3.9, 70.3, 2.0, 5.6, 0.1, 0.0, 5.5
2018, 10, 30, 12.5, 6.6, -0.2, 61.1, 1.6, 10.4, 0.0, 0.0, 3.1
2018, 10, 31, 13.1, 7.5, 2.9, 66.6, 1.5, 10.3, 0.0, 0.0, 1.1
2018, 11, 1, 16.7, 7.5, 0.6, 71.5, 1.0, 10.3, 0.0, 0.0, 0.0
2018, 11, 2, 19.9, 9.9, 2.4, 73.6, 0.7, 10.1, 0.0, 0.0, 0.0
2018, 11, 3, 19.5, 10.3, 3.6, 76.3, 0.8, 9.9, 0.0, 0.0, 0.1
2018, 11, 4, 20.6, 10.9, 3.6, 69.8, 1.1, 9.6, 0.0, 0.0, 1.6
2018, 11, 5, 18.7, 10.9, 4.6, 82.4, 0.8, 8.2, 0.0, 0.0, 4.0
2018, 11, 6, 18.1, 11.5, 6.5, 87.3, 0.9, 2.6, 0.0, 0.0, 7.6
2018, 11, 7, 17.6, 13.9, 11.1, 83.6, 1.5, 0.5, 1.7, 0.0, 9.1
2018, 11, 8, 15.4, 13.2, 11.9, 98.0, 2.5, 0.0, 64.0, 0.0, 10.0
2018, 11, 9, 16.6, 12.2, 8.6, 76.5, 3.5, 6.3, 0.0, 0.0, 6.9
2018, 11, 10, 17.8, 11.2, 6.8, 81.0, 1.4, 8.5, 0.0, 0.0, 2.1
2018, 11, 11, 12.1, 8.3, 4.8, 80.1, 0.9, 0.5, 0.0, 0.0, 6.1
2018, 11, 12, 15.9, 8.0, 2.4, 67.3, 1.1, 9.7, 0.0, 0.0, 0.0
2018, 11, 13, 15.7, 7.8, 1.9, 73.4, 0.8, 9.4, 0.0, 0.0, 0.3
2018, 11, 14, 17.4, 8.7, 2.4, 77.0, 0.7, 9.2, 0.0, 0.0, 0.4
2018, 11, 15, 16.9, 8.8, 2.8, 74.6, 0.7, 8.5, 0.0, 0.0, 4.5
2018, 11, 16, 15.8, 8.9, 5.3, 75.5, 1.5, 4.3, 0.0, 0.0, 5.3
2018, 11, 17, 11.8, 5.8, 0.0, 57.9, 1.5, 6.0, 0.0, 0.0, 5.5
2018, 11, 18, 12.0, 6.4, 0.6, 64.4, 0.9, 4.5, 0.0, 0.0, 8.0
2018, 11, 19, 14.2, 6.8, 1.6, 64.6, 1.2, 8.2, 0.0, 0.0, 1.9
2018, 11, 20, 12.6, 5.5, -1.1, 51.1, 1.2, 9.2, 0.0, 0.0, 1.9
2018, 11, 21, 8.7, 5.7, 1.9, 83.8, 1.1, 0.0, 5.4, 0.0, 8.8
2018, 11, 22, 8.6, 2.9, -2.4, 48.6, 2.0, 9.5, 0.0, 0.0, 0.3
2018, 11, 23, 7.9, 2.0, -4.3, 43.9, 1.1, 8.7, 0.0, 0.0, 2.9
2018, 11, 24, 5.1, 3.6, 0.3, 77.1, 2.7, 1.4, 7.0, 2.4, 8.0
2018, 11, 25, 11.9, 6.0, 2.8, 83.9, 1.1, 6.3, 0.0, 0.0, 5.0
2018, 11, 26, 14.2, 5.8, 0.7, 80.8, 0.8, 8.8, 0.0, 0.0, 0.0
2018, 11, 27, 12.6, 7.0, 0.8, 71.6, 1.0, 0.5, 0.0, 0.0, 6.3
2018, 11, 28, 12.6, 5.3, 1.6, 35.3, 1.5, 6.2, 0.0, 0.0, 3.8
2018, 11, 29, 9.4, 3.9, -1.0, 52.8, 0.9, 0.6, 0.0, 0.0, 5.0
2018, 11, 30, 9.7, 2.8, -2.7, 57.8, 1.1, 9.2, 0.0, 0.0, 1.4
2018, 12, 1, 12.6, 4.8, -0.3, 61.8, 0.7, 7.0, 0.0, 0.0, 5.3
2018, 12, 2, 13.4, 8.6, 0.9, 62.6, 1.7, 2.5, 0.0, 0.0, 5.9
2018, 12, 3, 13.4, 11.8, 9.3, 94.8, 1.4, 0.0, 10.3, 0.0, 9.5
2018, 12, 4, 11.9, 7.7, 0.9, 75.6, 2.7, 3.1, 10.0, 0.0, 7.0
2018, 12, 5, 6.7, 1.6, -3.0, 43.6, 1.8, 6.4, 0.0, 0.0, 6.5
2018, 12, 6, 8.6, 2.8, -0.5, 62.3, 2.1, 6.1, 1.0, 0.7, 7.3
2018, 12, 7, -0.2, -5.6, -8.3, 41.8, 3.8, 8.9, 0.0, 0.0, 2.1
2018, 12, 8, -2.6, -6.7, -10.2, 42.1, 2.8, 9.1, 0.0, 0.0, 0.6
2018, 12, 9, -0.7, -6.2, -11.1, 36.1, 1.7, 8.5, 0.0, 0.0, 1.8
2018, 12, 10, 5.8, -3.0, -9.0, 45.5, 0.8, 7.1, 0.0, 0.0, 2.8
2018, 12, 11, 3.8, 0.2, -3.6, 59.3, 0.9, 0.0, 0.0, 0.0, 8.1
2018, 12, 12, 3.9, -1.1, -4.4, 44.8, 2.0, 9.0, 0.0, 0.0, 0.0
2018, 12, 13, 3.9, -2.1, -5.5, 67.3, 1.8, 4.3, 2.7, 4.2, 5.0
2018, 12, 14, 1.4, -4.2, -9.2, 60.0, 1.3, 9.1, 0.0, 0.0, 0.0
2018, 12, 15, 3.4, -3.2, -9.5, 64.4, 0.6, 8.0, 0.0, 0.0, 3.4
2018, 12, 16, 3.2, -0.1, -4.1, 71.4, 1.0, 0.4, 0.0, 0.0, 7.9
2018, 12, 17, 7.4, 1.6, -2.8, 65.1, 1.6, 7.6, 0.0, 0.0, 1.3
2018, 12, 18, 9.3, 1.2, -4.5, 74.0, 1.1, 6.2, 0.0, 0.0, 3.1
2018, 12, 19, 10.4, 2.7, -2.0, 74.5, 0.9, 7.6, 0.0, 0.0, 3.1
2018, 12, 20, 11.7, 2.6, -2.1, 61.5, 0.6, 6.9, 0.0, 0.0, 4.4
2018, 12, 21, 11.3, 4.8, -2.4, 56.9, 0.8, 4.3, 0.0, 0.0, 7.4
2018, 12, 22, 13.1, 6.6, 0.6, 60.4, 1.1, 7.6, 0.0, 0.0, 4.3
2018, 12, 23, 9.4, 3.7, -2.6, 43.9, 2.7, 8.5, 0.0, 0.0, 2.3
2018, 12, 24, 4.2, -2.1, -5.6, 45.6, 1.4, 8.7, 0.0, 0.0, 0.3
2018, 12, 25, 3.2, -0.5, -5.8, 69.0, 1.0, 0.7, 0.1, 0.0, 6.6
2018, 12, 26, 4.3, -0.4, -5.1, 41.0, 2.5, 8.1, 0.0, 0.0, 5.0
2018, 12, 27, -4.8, -8.5, -11.6, 32.3, 3.5, 9.1, 0.0, 0.0, 0.6
2018, 12, 28, -5.3, -9.9, -13.2, 40.6, 2.2, 9.0, 0.0, 0.0, 0.8
2018, 12, 29, -1.8, -6.4, -9.8, 37.6, 2.9, 9.1, 0.0, 0.0, 0.0
2018, 12, 30, -0.5, -6.7, -11.6, 46.3, 1.2, 8.7, 0.0, 0.0, 0.9
2018, 12, 31, 1.4, -4.9, -12.4, 59.0, 1.0, 8.9, 0.0, 0.0, 2.6
2019, 1, 1, 0.2, -4.4, -9.0, 64.8, 1.8, 5.3, 0.0, 0.0, 2.1
2019, 1, 2, 1.5, -5.3, -10.7, 61.1, 1.1, 9.0, 0.0, 0.0, 0.0
2019, 1, 3, 4.2, -3.7, -10.1, 52.3, 0.9, 9.1, 0.0, 0.0, 0.0
2019, 1, 4, 4.2, -2.3, -8.7, 73.9, 0.6, 3.7, 0.0, 0.0, 5.0
2019, 1, 5, 2.8, -2.4, -6.4, 45.0, 1.7, 8.8, 0.0, 0.0, 1.8
2019, 1, 6, 3.1, -3.5, -7.8, 53.9, 1.1, 7.9, 0.0, 0.0, 2.8
2019, 1, 7, 4.7, -2.6, -8.5, 73.5, 1.0, 6.9, 0.0, 0.0, 3.8
2019, 1, 8, 2.4, -2.8, -7.3, 43.1, 2.5, 8.8, 0.0, 0.0, 0.4
2019, 1, 9, 1.4, -4.6, -10.6, 39.3, 1.0, 8.8, 0.0, 0.0, 5.9
2019, 1, 10, 2.0, -1.2, -4.0, 59.1, 1.1, 2.4, 0.0, 0.0, 7.3
2019, 1, 11, 7.3, 2.2, -1.1, 70.1, 0.8, 6.4, 0.0, 0.0, 7.8
2019, 1, 12, 9.1, 2.4, -2.8, 64.6, 1.0, 4.5, 0.0, 0.0, 5.0
2019, 1, 13, 8.1, 0.2, -5.6, 77.9, 1.1, 8.7, 0.0, 0.0, 0.0
2019, 1, 14, 4.7, 0.0, -4.5, 87.3, 0.7, 0.0, 0.0, 0.0, 6.1
2019, 1, 15, 3.9, -1.1, -6.7, 63.5, 2.5, 3.6, 0.0, 0.0, 3.5
2019, 1, 16, -0.4, -4.5, -9.4, 49.5, 2.0, 8.5, 0.0, 0.0, 4.6
2019, 1, 17, 5.7, -0.4, -4.5, 60.8, 1.6, 9.1, 0.1, 0.1, 2.4
2019, 1, 18, 7.4, -0.4, -7.6, 66.6, 0.8, 8.7, 0.0, 0.0, 2.4
2019, 1, 19, 9.2, 2.4, -2.4, 70.5, 0.8, 6.1, 0.0, 0.0, 6.6
2019, 1, 20, 4.0, -0.4, -5.1, 45.1, 3.1, 9.4, 0.0, 0.0, 1.1
2019, 1, 21, 6.4, -1.3, -8.1, 64.8, 1.9, 2.6, 0.0, 0.0, 3.8
2019, 1, 22, 7.8, 0.4, -4.9, 79.8, 1.3, 8.2, 0.0, 0.0, 1.3
2019, 1, 23, 9.1, 1.5, -4.2, 60.0, 1.8, 8.7, 0.0, 0.0, 0.5
2019, 1, 24, 7.4, -0.8, -6.4, 42.9, 1.4, 9.6, 0.0, 0.0, 0.9
2019, 1, 25, 4.4, -1.2, -6.3, 44.4, 2.2, 9.3, 0.0, 0.0, 2.1
2019, 1, 26, 3.6, -2.6, -6.1, 41.6, 2.5, 9.7, 0.0, 0.0, 0.0
2019, 1, 27, 5.4, -0.9, -8.8, 64.9, 1.5, 7.7, 0.0, 0.0, 4.1
2019, 1, 28, 5.0, 1.7, -3.1, 48.5, 3.0, 8.5, 0.4, 0.0, 2.6
2019, 1, 29, 7.4, -0.7, -6.7, 44.9, 1.2, 9.5, 0.0, 0.0, 2.9
2019, 1, 30, 8.9, 2.0, -4.1, 66.0, 1.1, 8.4, 0.0, 0.0, 6.3
2019, 1, 31, 2.4, -1.1, -5.5, 34.1, 2.4, 3.5, 0.0, 0.0, 7.0
2019, 2, 1, 4.8, -2.2, -8.6, 64.1, 1.6, 6.9, 0.0, 0.0, 2.6
2019, 2, 2, 7.0, 1.5, -5.4, 70.5, 1.4, 1.1, 0.0, 0.0, 7.6
2019, 2, 3, 6.1, 3.7, 1.2, 98.1, 2.3, 0.0, 22.7, 0.0, 8.9
2019, 2, 4, 4.6, -0.3, -3.5, 50.8, 1.8, 8.4, 0.0, 0.0, 2.6
2019, 2, 5, 10.1, 1.3, -5.4, 54.5, 0.9, 7.6, 0.0, 0.0, 3.9
2019, 2, 6, 11.6, 4.8, -2.2, 66.4, 0.9, 2.3, 0.0, 0.0, 8.9
2019, 2, 7, 6.1, -0.9, -7.3, 50.4, 3.4, 8.7, 0.0, 0.0, 5.0
2019, 2, 8, 0.4, -5.1, -9.5, 38.8, 2.0, 7.8, 0.0, 0.0, 6.4
2019, 2, 9, -0.5, -4.2, -7.5, 31.8, 2.8, 9.9, 0.0, 0.0, 4.8
2019, 2, 10, -0.4, -4.3, -8.8, 41.1, 1.5, 0.7, 0.0, 0.0, 7.5
2019, 2, 11, 3.1, -2.5, -7.5, 44.0, 2.0, 9.8, 0.0, 0.0, 0.0
2019, 2, 12, 5.3, -0.1, -5.7, 47.6, 1.6, 8.6, 0.0, 0.0, 5.6
2019, 2, 13, 3.8, -1.4, -4.9, 34.8, 2.2, 9.4, 0.0, 0.0, 2.9
2019, 2, 14, 6.7, -0.2, -5.7, 35.1, 1.3, 9.1, 0.0, 0.0, 7.1
2019, 2, 15, 1.0, -0.6, -2.2, 81.6, 1.5, 0.0, 2.6, 1.5, 9.0
2019, 2, 16, 2.2, -1.7, -4.2, 65.4, 2.2, 9.1, 0.1, 0.1, 3.8
2019, 2, 17, 4.9, -1.9, -8.3, 57.5, 1.6, 10.4, 0.0, 0.0, 0.1
2019, 2, 18, 6.1, 0.3, -6.2, 65.3, 0.9, 4.8, 0.0, 0.0, 7.3
2019, 2, 19, 4.1, 1.1, -1.1, 96.0, 1.3, 0.2, 8.0, 3.9, 8.5
2019, 2, 20, 5.4, 1.5, -1.9, 79.9, 1.8, 0.8, 0.0, 0.0, 6.3
2019, 2, 21, 8.9, 0.9, -4.3, 75.8, 1.1, 9.7, 0.0, 0.0, 0.9
2019, 2, 22, 11.3, 2.3, -3.5, 75.1, 1.1, 8.7, 0.0, 0.0, 6.4
2019, 2, 23, 14.8, 4.9, -2.0, 62.5, 1.1, 8.4, 0.0, 0.0, 3.1
2019, 2, 24, 13.6, 5.0, -2.0, 66.8, 1.3, 10.2, 0.0, 0.0, 2.1
2019, 2, 25, 11.0, 3.8, -1.1, 74.3, 1.6, 6.9, 0.0, 0.0, 4.3
2019, 2, 26, 11.9, 4.2, -3.5, 57.6, 1.4, 9.2, 0.0, 0.0, 3.9
2019, 2, 27, 12.8, 6.7, 2.4, 52.4, 1.4, 5.0, 0.0, 0.0, 8.0
2019, 2, 28, 14.0, 5.0, -1.4, 61.3, 1.4, 8.7, 0.0, 0.0, 3.1
2019, 3, 1, 13.9, 4.8, -1.5, 68.6, 1.6, 9.6, 0.0, 0.0, 0.5
2019, 3, 2, 14.6, 6.1, -1.9, 61.9, 0.9, 6.2, 0.0, 0.0, 6.0
2019, 3, 3, 16.6, 8.1, -1.2, 55.6, 1.0, 8.0, 0.0, 0.0, 5.8
2019, 3, 4, 15.9, 7.7, 3.0, 68.0, 1.4, 8.6, 0.0, 0.0, 3.3
2019, 3, 5, 13.8, 7.3, 1.8, 74.0, 1.3, 2.7, 0.0, 0.0, 9.5
2019, 3, 6, 12.4, 7.2, 3.2, 75.3, 1.5, 1.2, 0.0, 0.0, 6.4
2019, 3, 7, 13.8, 5.7, -0.1, 72.4, 1.8, 10.0, 0.0, 0.0, 1.3
2019, 3, 8, 13.8, 4.8, -1.3, 61.4, 1.6, 11.1, 0.0, 0.0, 0.6
2019, 3, 9, 15.9, 6.5, -2.3, 48.8, 1.0, 9.5, 0.0, 0.0, 6.5
2019, 3, 10, 16.1, 10.1, 4.3, 34.3, 1.4, 1.0, 0.0, 0.0, 7.3
2019, 3, 11, 10.5, 5.4, 1.2, 81.9, 1.6, 1.8, 2.7, 0.0, 6.4
2019, 3, 12, 9.2, 4.3, 0.5, 69.6, 2.7, 1.3, 0.0, 0.0, 5.6
2019, 3, 13, 8.9, 3.9, -0.9, 45.8, 3.5, 10.8, 0.0, 0.0, 0.6
2019, 3, 14, 11.0, 4.7, -3.3, 60.3, 1.8, 6.5, 0.0, 0.0, 4.8
2019, 3, 15, 12.5, 5.5, 1.2, 77.6, 1.9, 3.9, 2.0, 0.0, 7.0
2019, 3, 16, 10.4, 4.6, -0.2, 76.8, 1.9, 4.5, 0.0, 0.0, 5.4
2019, 3, 17, 12.8, 5.4, -0.7, 68.4, 1.6, 9.1, 0.0, 0.0, 1.5
2019, 3, 18, 14.5, 5.9, -1.6, 55.8, 1.3, 8.0, 0.0, 0.0, 6.4
2019, 3, 19, 18.2, 9.0, 0.5, 65.9, 1.2, 9.6, 0.0, 0.0, 1.5
2019, 3, 20, 16.1, 10.1, 4.6, 85.4, 1.6, 0.0, 23.6, 0.0, 9.1
2019, 3, 21, 12.0, 7.3, 2.2, 83.1, 3.2, 4.1, 4.6, 0.0, 6.5
2019, 3, 22, 10.0, 4.4, -0.3, 44.1, 3.0, 11.0, 0.0, 0.0, 1.0
2019, 3, 23, 9.3, 3.1, -2.0, 56.1, 2.3, 8.4, 1.5, 0.0, 2.3
2019, 3, 24, 10.6, 3.8, -2.5, 60.6, 2.0, 11.7, 0.0, 0.0, 0.4
2019, 3, 25, 14.0, 7.0, 0.5, 64.5, 2.0, 7.2, 0.0, 0.0, 4.0
2019, 3, 26, 17.8, 10.4, 3.8, 60.0, 1.3, 9.6, 0.0, 0.0, 2.9
2019, 3, 27, 17.5, 11.6, 5.3, 71.0, 2.8, 4.6, 0.0, 0.0, 7.0
2019, 3, 28, 15.4, 9.2, 5.2, 59.4, 2.1, 9.7, 0.0, 0.0, 5.5
2019, 3, 29, 15.2, 9.5, 5.8, 41.8, 2.2, 10.4, 0.0, 0.0, 4.4
2019, 3, 30, 10.0, 5.4, 3.0, 83.5, 3.2, 1.9, 4.7, 0.0, 8.9
2019, 3, 31, 9.0, 4.7, 2.6, 55.0, 3.7, 4.0, 0.5, 0.0, 5.3
2019, 4, 1, 11.5, 5.1, -1.9, 49.4, 2.3, 12.0, 0.0, 0.0, 1.9
2019, 4, 2, 13.2, 6.2, -1.1, 55.4, 2.3, 12.0, 0.0, 0.0, 0.4
2019, 4, 3, 14.4, 6.7, 0.1, 56.3, 2.0, 11.8, 0.0, 0.0, 0.5
2019, 4, 4, 17.3, 8.9, 0.9, 52.3, 2.4, 11.7, 0.0, 0.0, 0.0
2019, 4, 5, 16.9, 10.1, 4.7, 56.4, 2.6, 9.2, 0.0, 0.0, 3.1
2019, 4, 6, 13.9, 9.7, 2.9, 51.4, 1.3, 1.4, 0.0, 0.0, 8.0
2019, 4, 7, 20.9, 13.0, 5.8, 41.3, 1.6, 8.9, 0.0, 0.0, 4.0
2019, 4, 8, 18.1, 11.4, 4.9, 34.6, 2.4, 10.8, 0.0, 0.0, 3.5
2019, 4, 9, 14.8, 9.5, 4.8, 53.5, 3.9, 0.0, 18.1, 0.0, 9.8
2019, 4, 10, 10.6, 7.4, 4.9, 84.1, 2.1, 0.2, 2.8, 0.0, 8.3
2019, 4, 11, 15.5, 8.3, 2.4, 76.1, 1.5, 4.8, 0.0, 0.0, 5.8
2019, 4, 12, 18.7, 9.9, 2.8, 63.5, 1.7, 11.5, 0.0, 0.0, 2.3
2019, 4, 13, 18.7, 11.0, 3.3, 47.1, 1.4, 10.7, 0.0, 0.0, 5.0
2019, 4, 14, 13.8, 9.2, 5.9, 55.6, 2.0, 4.5, 0.6, 0.0, 5.6
2019, 4, 15, 18.8, 10.2, 1.7, 51.8, 1.6, 12.2, 0.0, 0.0, 0.0
2019, 4, 16, 23.8, 14.2, 3.5, 39.3, 1.2, 10.4, 0.0, 0.0, 5.4
2019, 4, 17, 23.2, 14.5, 7.0, 53.4, 1.7, 12.4, 0.0, 0.0, 2.5
2019, 4, 18, 18.8, 12.7, 8.2, 82.6, 1.8, 2.5, 0.0, 0.0, 7.0
2019, 4, 19, 19.2, 14.1, 9.5, 69.1, 2.1, 5.4, 0.0, 0.0, 5.6
2019, 4, 20, 20.4, 15.0, 9.9, 69.9, 1.9, 6.1, 0.1, 0.0, 8.3
2019, 4, 21, 20.3, 14.3, 11.8, 86.9, 1.5, 4.0, 0.8, 0.0, 8.1
2019, 4, 22, 29.2, 18.1, 8.5, 63.4, 1.3, 11.0, 0.0, 0.0, 2.6
2019, 4, 23, 25.7, 19.1, 13.0, 65.4, 1.3, 3.7, 0.0, 0.0, 9.0
2019, 4, 24, 25.9, 18.2, 14.7, 81.0, 1.5, 6.7, 12.9, 0.0, 5.6
2019, 4, 25, 17.5, 13.9, 8.7, 86.3, 2.4, 0.0, 5.8, 0.0, 9.5
2019, 4, 26, 11.6, 8.7, 7.2, 88.1, 1.6, 0.0, 1.9, 0.0, 8.5
2019, 4, 27, 18.5, 11.4, 3.2, 65.9, 1.6, 9.9, 0.0, 0.0, 4.6
2019, 4, 28, 16.8, 12.1, 8.2, 66.9, 1.2, 1.3, 0.0, 0.0, 8.5
2019, 4, 29, 16.1, 12.0, 7.5, 77.0, 0.9, 2.2, 0.6, 0.0, 6.0
2019, 4, 30, 23.1, 14.7, 7.3, 67.6, 1.6, 9.9, 0.0, 0.0, 4.3
2019, 5, 1, 21.1, 14.3, 9.2, 70.9, 2.0, 11.2, 0.0, 0.0, 1.0
2019, 5, 2, 25.3, 15.0, 7.2, 55.1, 1.8, 12.8, 0.0, 0.0, 0.0
2019, 5, 3, 26.9, 16.3, 7.2, 53.1, 1.4, 12.6, 0.0, 0.0, 0.3
2019, 5, 4, 26.9, 17.2, 9.5, 58.0, 1.3, 9.3, 0.0, 0.0, 5.8
2019, 5, 5, 27.5, 18.1, 10.6, 52.1, 1.6, 11.1, 0.0, 0.0, 5.4
2019, 5, 6, 20.0, 13.5, 8.6, 44.0, 3.2, 13.1, 0.0, 0.0, 0.0
2019, 5, 7, 22.5, 14.1, 6.7, 50.8, 2.0, 13.1, 0.0, 0.0, 0.0
2019, 5, 8, 22.7, 14.7, 7.4, 57.9, 2.1, 11.9, 0.0, 0.0, 5.3
2019, 5, 9, 23.0, 15.7, 10.4, 56.3, 1.9, 12.3, 0.0, 0.0, 4.0
2019, 5, 10, 26.6, 16.2, 7.7, 63.9, 1.5, 12.1, 0.0, 0.0, 3.6
2019, 5, 11, 27.0, 17.7, 10.0, 54.0, 1.3, 12.6, 0.0, 0.0, 2.1
2019, 5, 12, 28.8, 19.3, 10.6, 49.8, 1.4, 11.1, 0.0, 0.0, 3.0
2019, 5, 13, 24.8, 18.0, 13.0, 58.6, 1.4, 1.6, 0.0, 0.0, 7.9
2019, 5, 14, 27.2, 19.2, 12.6, 63.3, 1.4, 11.6, 0.0, 0.0, 2.5
2019, 5, 15, 27.9, 19.9, 13.7, 66.6, 1.4, 8.7, 0.0, 0.0, 4.6
2019, 5, 16, 30.5, 22.3, 15.0, 58.9, 1.4, 11.9, 0.0, 0.0, 3.1
2019, 5, 17, 28.4, 22.5, 15.5, 58.6, 1.1, 3.1, 0.0, 0.0, 8.3
2019, 5, 18, 25.0, 21.4, 18.1, 60.5, 3.7, 2.0, 0.0, 0.0, 9.4
2019, 5, 19, 21.6, 19.3, 17.4, 95.8, 2.4, 0.0, 16.5, 0.0, 10.0
2019, 5, 20, 19.5, 15.7, 10.7, 72.5, 3.6, 9.8, 2.2, 0.0, 4.0
2019, 5, 21, 24.2, 16.7, 9.4, 65.6, 2.6, 13.4, 0.0, 0.0, 0.0
2019, 5, 22, 27.4, 19.4, 10.7, 57.1, 2.3, 12.8, 0.0, 0.0, 0.8
2019, 5, 23, 29.9, 20.7, 12.4, 61.1, 1.4, 13.3, 0.0, 0.0, 0.0
2019, 5, 24, 32.6, 23.1, 14.6, 63.0, 1.6, 12.5, 0.0, 0.0, 1.3
2019, 5, 25, 30.2, 23.0, 16.9, 57.3, 1.5, 8.6, 0.0, 0.0, 7.6
2019, 5, 26, 31.2, 23.8, 16.9, 51.6, 1.6, 11.5, 0.0, 0.0, 6.1
2019, 5, 27, 22.9, 17.4, 14.4, 88.4, 3.2, 0.0, 8.0, 0.0, 8.6
2019, 5, 28, 24.6, 18.0, 11.0, 53.6, 2.4, 10.7, 0.0, 0.0, 2.5
2019, 5, 29, 27.1, 19.0, 11.8, 59.0, 2.2, 13.4, 0.0, 0.0, 0.4
2019, 5, 30, 26.8, 19.3, 12.3, 60.1, 2.3, 6.6, 0.0, 0.0, 7.9
2019, 5, 31, 24.2, 18.9, 14.4, 59.9, 2.4, 12.1, 0.0, 0.0, 2.1
2019, 6, 1, 24.6, 17.9, 12.6, 71.6, 1.5, 7.1, 0.0, 0.0, 5.8
2019, 6, 2, 28.1, 20.5, 12.4, 55.4, 1.4, 13.0, 0.0, 0.0, 1.0
2019, 6, 3, 28.8, 22.3, 14.1, 55.8, 1.6, 12.2, 0.0, 0.0, 0.8
2019, 6, 4, 29.3, 21.8, 16.0, 66.6, 2.1, 12.9, 0.0, 0.0, 2.3
2019, 6, 5, 29.2, 21.6, 17.9, 76.5, 1.7, 8.8, 0.0, 0.0, 6.1
2019, 6, 6, 26.3, 21.2, 16.8, 83.9, 1.7, 0.0, 10.7, 0.0, 9.5
2019, 6, 7, 24.5, 19.9, 17.1, 82.0, 2.7, 3.7, 38.7, 0.0, 7.8
2019, 6, 8, 28.4, 21.7, 15.2, 69.0, 1.5, 10.6, 0.0, 0.0, 5.8
2019, 6, 9, 27.1, 21.7, 17.4, 74.5, 1.9, 5.6, 1.2, 0.0, 8.4
2019, 6, 10, 23.9, 19.5, 16.0, 73.6, 2.7, 4.2, 10.1, 0.0, 8.1
2019, 6, 11, 26.3, 20.5, 15.9, 60.4, 1.9, 11.2, 0.0, 0.0, 3.4
2019, 6, 12, 26.2, 20.6, 14.6, 73.4, 1.7, 12.8, 0.0, 0.0, 0.8
2019, 6, 13, 29.3, 22.5, 15.1, 64.3, 1.6, 12.4, 0.0, 0.0, 3.9
2019, 6, 14, 28.5, 22.4, 17.7, 67.5, 1.5, 5.8, 0.0, 0.0, 6.8
2019, 6, 15, 26.8, 21.6, 17.1, 73.0, 2.3, 12.1, 0.3, 0.0, 2.1
2019, 6, 16, 28.4, 20.9, 15.3, 69.8, 1.5, 10.5, 0.0, 0.0, 4.1
2019, 6, 17, 26.5, 21.0, 17.2, 72.1, 1.9, 11.3, 0.2, 0.0, 4.9
2019, 6, 18, 25.2, 21.1, 17.9, 81.8, 1.7, 1.4, 2.2, 0.0, 9.5
2019, 6, 19, 27.0, 21.9, 18.8, 82.1, 1.5, 4.3, 0.5, 0.0, 7.5
2019, 6, 20, 28.7, 22.6, 19.5, 78.3, 1.9, 5.6, 0.0, 0.0, 7.8
2019, 6, 21, 27.2, 22.5, 18.7, 79.1, 1.9, 5.3, 0.0, 0.0, 6.3
2019, 6, 22, 31.0, 24.2, 18.1, 53.5, 2.0, 11.4, 0.0, 0.0, 2.8
2019, 6, 23, 30.8, 24.2, 17.1, 50.3, 2.2, 12.7, 0.0, 0.0, 3.0
2019, 6, 24, 30.7, 24.2, 19.2, 58.5, 2.0, 13.7, 0.0, 0.0, 1.4
2019, 6, 25, 32.7, 25.0, 17.2, 58.6, 1.5, 13.6, 0.0, 0.0, 1.8
2019, 6, 26, 28.0, 24.3, 19.4, 67.3, 1.9, 0.1, 0.2, 0.0, 9.3
2019, 6, 27, 29.7, 25.0, 21.1, 78.3, 1.6, 1.5, 0.1, 0.0, 8.9
2019, 6, 28, 29.8, 24.0, 21.1, 80.0, 1.5, 3.1, 0.7, 0.0, 9.6
2019, 6, 29, 26.0, 22.9, 20.0, 85.6, 1.4, 1.0, 3.9, 0.0, 7.8
2019, 6, 30, 28.0, 23.5, 19.7, 84.6, 1.8, 1.5, 0.0, 0.0, 7.9
2019, 7, 1, 29.0, 23.2, 19.6, 76.1, 2.0, 9.2, 0.0, 0.0, 5.6
2019, 7, 2, 30.2, 23.9, 19.7, 75.3, 2.1, 10.1, 0.0, 0.0, 3.6
2019, 7, 3, 28.8, 23.9, 19.9, 78.0, 1.5, 3.5, 0.0, 0.0, 5.5
2019, 7, 4, 31.6, 24.1, 18.4, 74.5, 1.7, 9.7, 0.0, 0.0, 3.6
2019, 7, 5, 35.0, 26.8, 19.3, 62.6, 1.5, 11.2, 0.0, 0.0, 4.0
2019, 7, 6, 35.1, 28.6, 20.3, 48.6, 2.4, 13.1, 0.0, 0.0, 1.3
2019, 7, 7, 31.9, 27.0, 23.6, 49.3, 3.4, 7.8, 0.0, 0.0, 6.5
2019, 7, 8, 30.0, 25.2, 21.3, 53.1, 2.9, 9.0, 0.0, 0.0, 5.6
2019, 7, 9, 30.4, 25.3, 20.6, 54.4, 2.8, 9.1, 0.0, 0.0, 4.1
2019, 7, 10, 26.5, 22.5, 19.2, 72.1, 3.0, 1.6, 12.1, 0.0, 9.3
2019, 7, 11, 26.8, 22.1, 19.6, 86.5, 2.0, 0.3, 0.1, 0.0, 9.4
2019, 7, 12, 28.3, 23.8, 19.7, 77.3, 2.0, 8.7, 0.0, 0.0, 5.1
2019, 7, 13, 28.1, 23.6, 20.9, 84.9, 1.6, 4.3, 2.3, 0.0, 5.8
2019, 7, 14, 31.2, 25.0, 20.6, 79.0, 1.7, 9.6, 0.0, 0.0, 4.1
2019, 7, 15, 27.2, 23.9, 21.4, 88.1, 1.2, 0.4, 1.5, 0.0, 9.1
2019, 7, 16, 29.5, 25.1, 21.5, 81.5, 1.6, 3.0, 0.0, 0.0, 6.6
2019, 7, 17, 30.6, 26.1, 22.0, 78.3, 1.1, 0.9, 0.0, 0.0, 9.1
2019, 7, 18, 32.3, 27.0, 23.2, 71.8, 1.4, 6.9, 0.0, 0.0, 5.6
2019, 7, 19, 33.8, 28.3, 22.1, 72.6, 2.3, 8.0, 0.1, 0.0, 6.5
2019, 7, 20, 32.2, 28.4, 25.6, 71.5, 4.8, 0.7, 0.7, 0.0, 9.4
2019, 7, 21, 28.0, 25.1, 23.7, 94.1, 2.1, 0.3, 13.6, 0.0, 9.1
2019, 7, 22, 31.7, 27.0, 24.3, 80.8, 1.5, 0.0, 0.0, 0.0, 7.5
2019, 7, 23, 33.8, 28.3, 24.6, 76.9, 1.3, 0.0, 0.0, 0.0, 8.1
2019, 7, 24, 27.7, 26.5, 24.7, 88.5, 1.4, 0.0, 1.1, 0.0, 9.8
2019, 7, 25, 27.3, 26.2, 25.5, 94.9, 1.3, 0.1, 14.0, 0.0, 10.0
2019, 7, 26, 28.5, 25.8, 24.7, 94.3, 1.8, 0.4, 108.0, 0.0, 9.9
2019, 7, 27, 33.2, 28.3, 24.5, 83.9, 1.5, 6.3, 1.0, 0.0, 8.0
2019, 7, 28, 28.0, 26.4, 24.8, 89.9, 2.0, 0.0, 25.6, 0.0, 9.5
2019, 7, 29, 31.2, 28.0, 25.6, 80.3, 2.5, 3.3, 0.0, 0.0, 7.3
2019, 7, 30, 31.5, 28.7, 26.6, 79.4, 3.5, 2.1, 0.0, 0.0, 8.6
2019, 7, 31, 28.8, 26.9, 23.8, 89.4, 2.5, 0.1, 10.8, 0.0, 9.4
2019, 8, 1, 31.9, 27.7, 25.1, 85.8, 1.9, 6.0, 3.8, 0.0, 7.1
2019, 8, 2, 33.9, 28.4, 24.5, 78.3, 1.3, 10.8, 0.0, 0.0, 3.9
2019, 8, 3, 35.5, 29.1, 24.6, 74.6, 1.2, 10.6, 0.0, 0.0, 5.3
2019, 8, 4, 34.0, 28.8, 24.7, 74.3, 1.4, 9.9, 0.0, 0.0, 4.3
2019, 8, 5, 36.2, 30.4, 24.9, 69.6, 1.0, 9.1, 0.0, 0.0, 2.6
2019, 8, 6, 36.5, 31.7, 27.9, 57.1, 2.0, 9.2, 0.0, 0.0, 6.5
2019, 8, 7, 32.7, 27.5, 24.0, 78.3, 1.6, 5.7, 4.7, 0.0, 6.0
2019, 8, 8, 33.2, 28.4, 24.9, 74.9, 1.3, 6.1, 0.0, 0.0, 6.8
2019, 8, 9, 34.1, 29.0, 25.1, 70.9, 1.6, 11.9, 0.0, 0.0, 3.1
2019, 8, 10, 36.3, 30.9, 25.6, 60.3, 2.5, 10.8, 0.0, 0.0, 4.9
2019, 8, 11, 35.3, 30.0, 25.5, 49.6, 4.9, 8.6, 4.8, 0.0, 6.5
2019, 8, 12, 29.0, 26.8, 24.7, 78.1, 2.0, 0.4, 46.7, 0.0, 9.0
2019, 8, 13, 34.7, 29.1, 25.0, 68.9, 1.5, 8.6, 0.4, 0.0, 5.5
2019, 8, 14, 35.2, 30.1, 25.5, 61.8, 1.7, 9.8, 0.0, 0.0, 4.0
2019, 8, 15, 29.8, 25.6, 23.8, 73.0, 1.7, 0.2, 29.1, 0.0, 8.8
2019, 8, 16, 29.5, 25.7, 23.4, 75.5, 2.2, 6.1, 1.0, 0.0, 6.1
2019, 8, 17, 27.6, 24.8, 21.3, 79.3, 1.9, 5.0, 6.6, 0.0, 5.4
2019, 8, 18, 29.7, 24.4, 20.8, 68.9, 1.6, 10.7, 0.0, 0.0, 3.5
2019, 8, 19, 31.1, 25.5, 20.0, 65.5, 1.1, 11.2, 0.0, 0.0, 4.1
2019, 8, 20, 31.9, 27.4, 22.6, 50.1, 1.8, 10.7, 0.0, 0.0, 2.4
2019, 8, 21, 31.3, 27.2, 24.1, 53.9, 1.7, 5.1, 0.0, 0.0, 8.4
2019, 8, 22, 30.5, 26.3, 23.8, 67.0, 1.8, 8.0, 0.0, 0.0, 6.6
2019, 8, 23, 29.6, 25.5, 22.9, 71.3, 2.2, 10.6, 0.0, 0.0, 4.3
2019, 8, 24, 27.2, 23.1, 20.2, 80.9, 1.3, 2.0, 0.0, 0.0, 6.0
2019, 8, 25, 28.8, 23.9, 19.7, 78.5, 1.7, 9.2, 0.0, 0.0, 2.5
2019, 8, 26, 31.0, 25.6, 20.1, 74.4, 1.1, 2.1, 0.0, 0.0, 5.6
2019, 8, 27, 28.8, 24.7, 21.5, 84.6, 1.3, 3.9, 5.5, 0.0, 8.3
2019, 8, 28, 29.4, 25.4, 22.7, 82.9, 1.7, 8.3, 0.0, 0.0, 5.3
2019, 8, 29, 27.1, 23.1, 20.0, 87.0, 2.1, 4.8, 15.3, 0.0, 5.6
2019, 8, 30, 26.8, 22.6, 18.6, 78.5, 2.5, 10.4, 0.0, 0.0, 3.5
2019, 8, 31, 27.7, 22.6, 17.4, 80.0, 1.7, 11.1, 0.0, 0.0, 3.3
2019, 9, 1, 28.2, 23.2, 18.5, 78.6, 1.1, 7.0, 0.0, 0.0, 6.0
2019, 9, 2, 29.2, 24.3, 19.2, 74.8, 1.2, 6.2, 0.0, 0.0, 7.4
2019, 9, 3, 26.2, 23.8, 21.5, 82.0, 1.9, 0.2, 0.0, 0.0, 9.0
2019, 9, 4, 27.4, 23.3, 21.9, 93.6, 2.2, 1.0, 20.5, 0.0, 9.5
2019, 9, 5, 27.6, 23.5, 22.1, 96.6, 1.4, 1.0, 80.6, 0.0, 9.4
2019, 9, 6, 29.1, 26.0, 22.1, 88.3, 1.7, 0.4, 0.9, 0.0, 10.0
2019, 9, 7, 30.4, 26.4, 23.4, 79.8, 6.7, 0.3, 0.4, 0.0, 10.0
2019, 9, 8, 27.7, 24.5, 22.6, 89.9, 1.5, 0.9, 0.0, 0.0, 9.6
2019, 9, 9, 27.0, 24.4, 22.4, 91.4, 1.1, 0.0, 2.6, 0.0, 9.6
2019, 9, 10, 29.1, 24.9, 22.7, 94.3, 1.6, 1.9, 50.3, 0.0, 9.9
2019, 9, 11, 27.4, 24.2, 21.5, 84.6, 2.2, 0.6, 7.1, 0.0, 8.3
2019, 9, 12, 23.4, 20.7, 17.7, 83.9, 2.9, 0.0, 28.3, 0.0, 9.6
2019, 9, 13, 28.7, 22.6, 17.4, 76.0, 1.4, 10.9, 0.1, 0.0, 3.3
2019, 9, 14, 24.1, 22.4, 20.7, 89.5, 1.4, 0.6, 1.3, 0.0, 8.8
2019, 9, 15, 29.4, 23.9, 19.6, 83.5, 1.3, 10.0, 0.0, 0.0, 4.9
2019, 9, 16, 29.4, 24.2, 19.2, 68.1, 1.4, 10.3, 0.0, 0.0, 3.6
2019, 9, 17, 29.4, 22.9, 16.6, 58.3, 1.4, 10.5, 0.0, 0.0, 4.1
2019, 9, 18, 26.1, 20.7, 14.8, 60.6, 2.5, 11.8, 0.0, 0.0, 1.3
2019, 9, 19, 25.7, 19.2, 11.7, 66.1, 1.5, 11.0, 0.0, 0.0, 3.4
2019, 9, 20, 23.9, 20.2, 15.1, 68.6, 1.6, 0.3, 0.0, 0.0, 9.8
2019, 9, 21, 21.6, 19.2, 16.8, 75.1, 2.2, 0.0, 0.0, 0.0, 9.9
2019, 9, 22, 19.6, 17.5, 15.5, 86.5, 2.4, 0.0, 9.8, 0.0, 9.3
2019, 9, 23, 24.0, 19.1, 14.2, 69.1, 1.7, 8.0, 0.0, 0.0, 4.3
2019, 9, 24, 25.0, 18.3, 13.1, 75.6, 1.4, 11.5, 0.0, 0.0, 0.5
2019, 9, 25, 26.0, 19.6, 13.8, 83.0, 1.0, 7.9, 0.0, 0.0, 6.5
2019, 9, 26, 26.5, 22.1, 16.9, 73.6, 1.7, 6.7, 0.0, 0.0, 7.9
2019, 9, 27, 27.1, 22.7, 19.0, 68.0, 1.4, 3.6, 0.0, 0.0, 7.8
2019, 9, 28, 28.2, 22.8, 18.3, 79.4, 1.1, 9.3, 0.0, 0.0, 3.1
2019, 9, 29, 27.9, 21.1, 15.7, 81.1, 1.2, 10.9, 0.0, 0.0, 0.0
2019, 9, 30, 28.6, 21.0, 15.1, 81.6, 0.9, 9.2, 0.0, 0.0, 0.5
2019, 10, 1, 27.4, 22.0, 15.7, 85.9, 1.1, 4.6, 0.0, 0.0, 7.0
2019, 10, 2, 23.8, 21.9, 20.4, 94.6, 2.6, 0.0, 25.1, 0.0, 10.0
2019, 10, 3, 27.8, 22.8, 19.9, 85.3, 2.2, 5.5, 13.2, 0.0, 5.9
2019, 10, 4, 26.9, 21.9, 17.8, 87.8, 1.6, 9.8, 0.0, 0.0, 3.8
2019, 10, 5, 22.0, 18.9, 15.7, 82.4, 2.4, 4.9, 0.1, 0.0, 6.8
2019, 10, 6, 22.0, 18.0, 14.0, 68.5, 2.6, 8.6, 0.0, 0.0, 6.4
2019, 10, 7, 17.9, 14.8, 13.4, 96.6, 1.9, 0.0, 25.6, 0.0, 8.0
2019, 10, 8, 20.6, 15.0, 10.7, 70.8, 2.2, 10.3, 0.0, 0.0, 2.6
2019, 10, 9, 19.6, 12.8, 6.4, 71.9, 1.3, 10.7, 0.0, 0.0, 2.0
2019, 10, 10, 20.2, 14.9, 9.5, 79.9, 0.9, 1.4, 0.0, 0.0, 9.3
2019, 10, 11, 24.8, 18.8, 12.1, 74.8, 1.3, 10.5, 0.0, 0.0, 1.0
2019, 10, 12, 23.3, 18.3, 14.1, 64.3, 2.7, 10.5, 0.0, 0.0, 0.1
2019, 10, 13, 22.9, 16.9, 12.5, 71.3, 1.7, 10.4, 0.0, 0.0, 2.3
2019, 10, 14, 19.4, 14.0, 8.5, 73.0, 2.0, 8.7, 0.0, 0.0, 2.3
2019, 10, 15, 19.6, 13.3, 7.3, 76.3, 1.2, 8.9, 0.0, 0.0, 2.8
2019, 10, 16, 20.0, 13.9, 7.9, 79.6, 1.1, 8.3, 0.0, 0.0, 4.9
2019, 10, 17, 20.6, 14.6, 9.1, 79.9, 1.2, 6.3, 0.0, 0.0, 5.3
2019, 10, 18, 21.9, 16.7, 10.0, 75.4, 1.9, 5.1, 0.0, 0.0, 7.1
2019, 10, 19, 22.2, 16.0, 10.4, 85.3, 1.2, 9.5, 0.0, 0.0, 0.4
2019, 10, 20, 21.7, 15.1, 10.8, 88.5, 0.9, 6.2, 0.0, 0.0, 3.1
2019, 10, 21, 23.9, 16.1, 9.5, 81.5, 0.8, 10.1, 0.0, 0.0, 1.3
2019, 10, 22, 23.0, 16.6, 11.1, 78.1, 1.2, 9.9, 0.0, 0.0, 3.0
2019, 10, 23, 20.0, 17.0, 12.4, 73.1, 1.8, 0.0, 0.0, 0.0, 8.5
2019, 10, 24, 23.3, 18.6, 14.1, 62.6, 1.6, 5.3, 0.0, 0.0, 4.5
2019, 10, 25, 21.7, 16.6, 10.7, 71.8, 2.0, 6.7, 0.0, 0.0, 6.0
2019, 10, 26, 13.9, 9.8, 6.4, 75.5, 2.2, 10.0, 0.0, 0.0, 3.0
2019, 10, 27, 16.8, 10.2, 3.0, 76.8, 1.2, 10.1, 0.0, 0.0, 0.5
2019, 10, 28, 17.4, 12.4, 6.3, 79.6, 2.0, 7.3, 2.7, 0.0, 4.1
2019, 10, 29, 18.1, 12.6, 8.2, 75.4, 1.9, 8.0, 6.4, 0.0, 3.4
2019, 10, 30, 17.1, 10.3, 3.3, 78.9, 1.3, 10.0, 0.0, 0.0, 0.5
2019, 10, 31, 20.4, 14.1, 7.3, 86.1, 1.8, 7.9, 0.0, 0.0, 2.9
2019, 11, 1, 20.0, 14.3, 8.3, 75.8, 1.3, 9.0, 0.0, 0.0, 3.6
2019, 11, 2, 18.8, 12.9, 6.1, 82.3, 1.0, 3.4, 0.0, 0.0, 7.4
2019, 11, 3, 20.7, 14.0, 7.8, 76.8, 1.2, 7.9, 0.0, 0.0, 4.6
2019, 11, 4, 19.2, 13.0, 8.3, 76.1, 1.2, 9.9, 0.0, 0.0, 0.3
2019, 11, 5, 16.9, 10.8, 6.0, 85.4, 1.3, 7.6, 0.0, 0.0, 1.8
2019, 11, 6, 16.5, 10.2, 3.8, 81.3, 1.0, 8.4, 0.0, 0.0, 4.0
2019, 11, 7, 14.1, 8.8, 3.9, 62.0, 2.1, 9.5, 0.0, 0.0, 1.4
2019, 11, 8, 13.1, 5.9, -0.7, 55.3, 1.4, 9.9, 0.0, 0.0, 0.0
2019, 11, 9, 16.9, 7.9, 0.3, 68.1, 1.1, 9.8, 0.0, 0.0, 0.1
2019, 11, 10, 15.4, 9.8, 3.5, 75.4, 1.8, 2.5, 16.1, 0.0, 9.1
2019, 11, 11, 15.9, 11.2, 7.7, 85.4, 2.4, 6.3, 4.8, 0.0, 4.8
2019, 11, 12, 15.0, 8.6, 3.0, 82.1, 0.9, 5.9, 0.0, 0.0, 3.6
2019, 11, 13, 12.2, 7.3, 4.1, 86.6, 2.2, 0.0, 5.7, 0.0, 8.1
2019, 11, 14, 4.9, 1.9, -1.1, 48.3, 2.7, 9.6, 0.0, 0.0, 0.8
2019, 11, 15, 10.9, 7.0, 0.5, 88.9, 1.6, 2.0, 10.1, 0.0, 9.1
2019, 11, 16, 14.7, 7.8, 3.7, 90.8, 0.9, 5.2, 0.0, 0.0, 4.0
2019, 11, 17, 12.4, 9.2, 4.0, 94.0, 2.0, 0.0, 41.6, 0.0, 9.8
2019, 11, 18, 13.9, 5.4, 1.1, 72.3, 4.0, 6.3, 10.6, 0.0, 7.1
2019, 11, 19, 5.4, 1.5, -2.0, 63.4, 2.5, 9.0, 0.0, 0.0, 1.9
2019, 11, 20, 6.5, 0.6, -3.9, 59.4, 1.3, 9.6, 0.0, 0.0, 0.0
2019, 11, 21, 9.9, 4.8, -3.2, 56.0, 1.1, 4.8, 0.0, 0.0, 7.3
2019, 11, 22, 16.7, 9.8, 2.4, 54.4, 1.5, 8.9, 0.0, 0.0, 1.6
2019, 11, 23, 17.9, 11.8, 7.0, 72.5, 1.3, 7.7, 0.0, 0.0, 6.1
2019, 11, 24, 17.9, 10.1, 5.6, 88.5, 1.9, 3.1, 3.3, 0.0, 7.5
2019, 11, 25, 5.6, 1.8, -1.1, 75.5, 2.1, 3.5, 0.0, 0.0, 4.8
2019, 11, 26, 13.2, 6.4, -0.9, 81.4, 1.4, 8.2, 0.0, 0.0, 4.5
2019, 11, 27, 7.0, 3.6, 0.2, 63.3, 2.4, 7.9, 0.0, 0.0, 4.1
2019, 11, 28, 10.6, 3.8, -1.8, 69.6, 1.4, 9.2, 0.0, 0.0, 1.0
2019, 11, 29, 8.0, 1.9, -3.5, 57.8, 1.5, 9.3, 0.0, 0.0, 1.3
2019, 11, 30, 10.4, 4.0, -3.2, 62.6, 1.1, 5.9, 0.0, 0.0, 6.6
2019, 12, 1, 6.8, 5.3, 3.3, 86.9, 1.2, 0.0, 4.1, 0.0, 9.9
2019, 12, 2, 4.4, 0.9, -1.8, 64.3, 3.0, 8.3, 0.0, 0.0, 2.9
2019, 12, 3, 2.7, -0.1, -4.5, 93.8, 1.3, 2.3, 1.2, 0.5, 6.1
2019, 12, 4, 8.2, 2.6, -1.7, 77.0, 1.3, 7.7, 2.6, 0.0, 1.9
2019, 12, 5, 1.3, -3.2, -7.9, 53.6, 3.1, 9.2, 0.0, 0.0, 0.0
2019, 12, 6, -0.4, -5.6, -10.8, 59.4, 1.4, 9.3, 0.0, 0.0, 0.5
2019, 12, 7, 2.9, -1.7, -6.3, 76.3, 1.1, 3.0, 0.0, 0.0, 6.3
2019, 12, 8, 5.2, -1.2, -6.8, 83.8, 0.9, 9.1, 0.0, 0.0, 0.9
2019, 12, 9, 8.4, 3.4, -2.8, 73.9, 1.8, 2.6, 0.0, 0.0, 6.3
2019, 12, 10, 11.6, 7.2, 2.4, 92.6, 1.0, 2.6, 1.6, 0.0, 6.3
2019, 12, 11, 9.5, 6.0, 0.9, 77.4, 3.4, 5.5, 0.7, 0.0, 4.9
2019, 12, 12, 4.0, -0.4, -3.2, 60.8, 2.1, 8.0, 0.0, 0.0, 0.0
2019, 12, 13, 6.2, 1.7, -4.7, 69.8, 1.5, 6.1, 0.9, 0.0, 6.3
2019, 12, 14, 6.4, 2.5, 0.1, 74.0, 1.8, 8.7, 2.0, 0.0, 1.9
2019, 12, 15, 11.8, 4.9, -2.0, 73.1, 1.2, 7.7, 0.0, 0.0, 3.3
2019, 12, 16, 14.3, 8.2, -0.2, 76.5, 1.0, 8.0, 0.0, 0.0, 5.6
2019, 12, 17, 10.5, 7.7, 4.0, 91.3, 2.1, 0.0, 6.2, 0.0, 8.3
2019, 12, 18, 4.9, 1.0, -1.3, 77.9, 1.9, 8.4, 0.0, 0.0, 4.3
2019, 12, 19, 4.0, -0.3, -3.3, 60.0, 1.7, 8.2, 0.0, 0.0, 3.9
2019, 12, 20, 3.1, -1.1, -4.3, 67.3, 1.8, 8.5, 0.0, 0.0, 2.5
2019, 12, 21, 3.3, -1.1, -5.9, 84.5, 0.9, 1.6, 0.3, 0.0, 7.5
2019, 12, 22, 8.5, 3.9, -0.4, 77.9, 1.1, 4.6, 0.0, 0.0, 8.4
2019, 12, 23, 5.2, 3.2, -0.5, 91.1, 1.6, 1.6, 3.7, 0.0, 7.1
2019, 12, 24, 6.8, 0.6, -3.8, 86.6, 0.9, 8.1, 0.0, 0.0, 0.0
2019, 12, 25, 7.3, 1.3, -4.4, 79.6, 0.7, 3.6, 0.0, 0.0, 5.1
2019, 12, 26, 3.7, 2.0, -1.5, 84.5, 2.2, 0.5, 1.8, 0.0, 6.1
2019, 12, 27, 2.9, -1.1, -4.9, 64.6, 1.7, 8.9, 0.0, 0.0, 0.0
2019, 12, 28, 6.1, 0.6, -4.3, 69.0, 1.4, 6.7, 0.0, 0.0, 1.5
2019, 12, 29, 6.2, 3.2, -1.3, 76.1, 2.1, 0.0, 0.6, 0.0, 8.9
2019, 12, 30, 7.0, 3.1, -4.2, 83.9, 2.6, 0.0, 0.5, 0.0, 7.4
2019, 12, 31, -3.7, -6.9, -9.7, 60.1, 3.1, 9.2, 0.0, 0.0, 1.1
2020, 1, 1, 0.3, -2.2, -6.3, 79.3, 1.2, 0.0, 0.0, 0.0, 8.8
2020, 1, 2, 3.2, 1.3, -0.3, 83.3, 0.7, 0.0, 0.0, 0.0, 8.3
2020, 1, 3, 5.2, -0.1, -3.9, 80.5, 1.3, 8.9, 0.0, 0.0, 0.6
2020, 1, 4, 7.6, 1.3, -4.9, 76.1, 1.3, 7.4, 0.0, 0.0, 2.5
2020, 1, 5, 6.3, 0.1, -5.9, 72.4, 0.9, 6.6, 0.0, 0.0, 4.6
2020, 1, 6, 4.9, 3.5, -1.8, 80.8, 2.1, 0.0, 3.9, 0.0, 9.9
2020, 1, 7, 12.2, 7.7, 4.9, 100.0, 2.0, 0.0, 50.8, 0.0, 10.0
2020, 1, 8, 11.7, 2.9, 0.1, 94.9, 4.1, 0.0, 4.4, 0.0, 9.9
2020, 1, 9, 3.1, -0.3, -3.1, 81.8, 2.1, 8.3, 0.0, 0.0, 2.1
2020, 1, 10, 4.5, -0.7, -4.6, 85.4, 1.0, 8.1, 0.0, 0.0, 2.0
2020, 1, 11, 4.5, -0.2, -3.8, 84.6, 1.4, 7.9, 0.0, 0.0, 4.0
2020, 1, 12, 2.4, -0.5, -3.9, 77.8, 1.9, 8.3, 0.0, 0.0, 5.3
2020, 1, 13, 0.6, -2.0, -4.6, 73.0, 2.1, 8.2, 0.0, 0.0, 2.8
2020, 1, 14, 3.2, -2.0, -6.1, 71.6, 1.2, 8.6, 0.0, 0.0, 1.8
2020, 1, 15, 2.3, -2.5, -7.0, 72.0, 1.6, 9.3, 0.0, 0.0, 0.3
2020, 1, 16, 4.1, -2.0, -6.9, 73.0, 1.5, 7.6, 0.0, 0.0, 5.6
2020, 1, 17, 4.8, -1.1, -5.6, 74.1, 1.0, 7.2, 0.0, 0.0, 4.4
2020, 1, 18, 5.6, -0.5, -5.3, 72.8, 1.1, 8.8, 0.0, 0.0, 0.8
2020, 1, 19, 5.9, 1.7, -2.1, 81.0, 2.0, 4.4, 0.4, 0.0, 5.6
2020, 1, 20, 5.7, 1.2, -2.8, 68.5, 2.5, 7.4, 0.0, 0.0, 3.8
2020, 1, 21, 5.4, -0.7, -5.9, 61.4, 1.0, 9.3, 0.0, 0.0, 3.3
2020, 1, 22, 5.1, 2.1, -1.3, 72.4, 1.1, 0.2, 0.0, 0.0, 9.3
2020, 1, 23, 10.7, 4.1, -1.4, 71.6, 1.5, 8.4, 0.0, 0.0, 3.9
2020, 1, 24, 9.2, 2.4, -2.2, 85.0, 1.4, 8.5, 0.0, 0.0, 3.1
2020, 1, 25, 9.1, 2.8, -2.2, 90.8, 0.9, 2.9, 0.0, 0.0, 7.3
2020, 1, 26, 11.9, 5.3, -2.7, 74.3, 2.0, 7.4, 0.0, 0.0, 6.5
2020, 1, 27, 8.1, 5.9, 3.5, 71.5, 2.8, 0.0, 1.4, 0.0, 9.8
2020, 1, 28, 11.0, 7.4, 3.9, 70.4, 1.7, 0.9, 0.1, 0.0, 7.9
2020, 1, 29, 11.4, 6.2, 1.0, 68.0, 1.2, 6.9, 0.0, 0.0, 6.3
2020, 1, 30, 10.5, 5.3, 0.7, 71.6, 1.5, 6.5, 0.0, 0.0, 6.0
2020, 1, 31, 7.5, 2.9, -0.5, 89.5, 1.6, 3.8, 0.0, 0.0, 4.0
2020, 2, 1, 7.7, 1.9, -2.2, 91.3, 1.6, 4.4, 0.0, 0.0, 3.4
2020, 2, 2, 5.8, 1.0, -3.5, 79.8, 1.2, 6.8, 0.0, 0.0, 5.4
2020, 2, 3, 3.0, -0.1, -2.9, 70.8, 2.6, 9.6, 0.1, 0.4, 2.0
2020, 2, 4, 5.1, -1.0, -7.0, 82.0, 2.4, 7.6, 1.1, 0.6, 3.4
2020, 2, 5, -2.4, -7.2, -9.9, 58.9, 3.4, 10.2, 0.0, 6.0, 0.0
2020, 2, 6, 0.2, -6.3, -11.9, 63.6, 1.2, 9.6, 0.0, 0.0, 1.4
2020, 2, 7, 2.8, -1.5, -7.9, 72.8, 1.4, 6.4, 0.0, 0.0, 6.8
2020, 2, 8, 4.6, 0.4, -2.2, 67.6, 2.8, 9.8, 0.0, 0.0, 2.0
2020, 2, 9, 3.9, -0.9, -7.0, 76.1, 1.6, 9.8, 0.0, 0.0, 2.0
2020, 2, 10, 10.5, 3.2, -1.9, 72.5, 1.2, 9.5, 0.0, 0.0, 2.0
2020, 2, 11, 14.5, 5.9, -2.9, 64.0, 1.1, 9.7, 0.0, 0.0, 2.8
2020, 2, 12, 8.4, 7.3, 5.3, 90.4, 1.3, 0.0, 10.5, 0.0, 9.8
2020, 2, 13, 7.6, 5.9, 3.6, 98.9, 1.2, 0.0, 0.0, 0.0, 8.9
2020, 2, 14, 13.3, 6.5, 2.0, 93.8, 1.0, 8.2, 0.0, 0.0, 2.5
2020, 2, 15, 15.3, 8.7, 3.0, 85.1, 1.9, 5.0, 1.7, 0.0, 6.1
2020, 2, 16, 5.0, -1.1, -3.7, 97.8, 3.9, 0.6, 8.0, 2.5, 9.4
2020, 2, 17, -3.1, -4.8, -6.6, 84.3, 3.7, 7.2, 0.4, 3.7, 6.0
2020, 2, 18, 1.5, -3.6, -7.9, 68.9, 1.9, 10.4, 0.0, 0.7, 0.0
2020, 2, 19, 6.3, 1.1, -4.7, 80.0, 0.9, 1.7, 0.0, 0.0, 6.9
2020, 2, 20, 11.6, 4.4, -0.5, 85.6, 1.1, 9.5, 0.0, 0.0, 3.3
2020, 2, 21, 11.9, 6.5, 0.4, 88.5, 1.4, 1.4, 5.1, 0.0, 9.6
2020, 2, 22, 8.0, 4.4, 0.4, 82.8, 4.7, 7.8, 4.5, 0.0, 4.6
2020, 2, 23, 7.8, 2.2, -3.5, 76.5, 1.7, 10.4, 0.0, 0.0, 0.0
2020, 2, 24, 13.7, 7.0, -0.7, 70.6, 1.1, 9.3, 0.0, 0.0, 5.3
2020, 2, 25, 8.3, 6.8, 5.6, 92.8, 2.2, 0.0, 22.6, 0.0, 8.4
2020, 2, 26, 11.4, 5.6, 1.1, 87.5, 1.7, 10.0, 0.0, 0.0, 3.4
2020, 2, 27, 11.6, 5.5, 0.2, 80.4, 1.3, 9.9, 0.0, 0.0, 4.1
2020, 2, 28, 5.7, 4.6, 2.9, 95.0, 1.1, 0.0, 5.2, 0.0, 9.8
2020, 2, 29, 13.0, 7.0, 3.3, 91.8, 1.4, 6.3, 0.0, 0.0, 4.4
2020, 3, 1, 10.2, 4.8, 0.4, 95.1, 1.6, 1.7, 0.0, 0.0, 7.8
2020, 3, 2, 6.8, 3.1, 0.6, 76.5, 2.8, 10.3, 0.0, 0.0, 2.4
2020, 3, 3, 10.8, 4.6, -0.9, 83.3, 2.0, 4.8, 0.0, 0.0, 7.5
2020, 3, 4, 5.3, 2.5, -0.9, 76.8, 4.1, 7.8, 0.2, 0.0, 5.3
2020, 3, 5, 5.6, 1.1, -2.3, 71.4, 2.3, 10.9, 0.0, 0.0, 0.0
2020, 3, 6, 10.4, 3.1, -3.8, 69.6, 1.3, 10.6, 0.0, 0.0, 3.3
2020, 3, 7, 12.9, 5.3, -0.8, 73.1, 1.2, 3.5, 0.0, 0.0, 5.5
2020, 3, 8, 17.1, 7.4, -1.1, 73.6, 1.2, 10.6, 0.0, 0.0, 0.5
2020, 3, 9, 16.6, 9.5, 1.2, 72.4, 1.2, 5.0, 0.2, 0.0, 7.8
2020, 3, 10, 8.9, 6.6, 3.9, 92.1, 2.9, 0.0, 7.3, 0.0, 7.5
2020, 3, 11, 7.3, 3.5, 0.4, 67.5, 3.1, 11.3, 0.0, 0.0, 0.0
2020, 3, 12, 14.1, 6.5, -1.0, 68.6, 2.2, 10.8, 0.0, 0.0, 1.5
2020, 3, 13, 9.7, 5.4, 0.3, 61.6, 3.2, 7.9, 0.1, 0.0, 5.1
2020, 3, 14, 8.9, 3.9, -2.9, 73.0, 3.0, 11.0, 0.0, 0.0, 1.5
2020, 3, 15, 9.4, 4.5, 1.0, 68.3, 4.1, 8.8, 0.0, 0.0, 3.4
2020, 3, 16, 9.5, 3.3, -2.4, 69.6, 2.1, 11.4, 0.0, 0.0, 0.6
2020, 3, 17, 12.8, 5.9, 1.5, 83.9, 2.1, 4.7, 0.0, 0.0, 4.8
2020, 3, 18, 17.8, 9.4, -0.9, 63.5, 1.5, 11.1, 0.0, 0.0, 0.0
2020, 3, 19, 13.5, 8.7, 6.6, 71.5, 5.7, 8.2, 0.0, 0.0, 1.9
2020, 3, 20, 14.7, 8.7, 2.6, 60.6, 2.9, 11.0, 0.0, 0.0, 0.1
2020, 3, 21, 20.4, 11.8, 4.4, 75.5, 1.8, 5.7, 0.0, 0.0, 6.0
2020, 3, 22, 17.2, 10.9, 5.1, 61.9, 2.8, 11.6, 0.0, 0.0, 0.9
2020, 3, 23, 16.7, 9.3, 3.2, 68.6, 2.1, 11.4, 0.0, 0.0, 0.0
2020, 3, 24, 17.6, 9.6, 2.2, 67.8, 1.5, 11.3, 0.0, 0.0, 0.4
2020, 3, 25, 19.9, 11.8, 2.6, 64.0, 1.5, 9.5, 0.0, 0.0, 3.5
2020, 3, 26, 20.9, 14.1, 6.3, 79.9, 1.6, 1.8, 4.1, 0.0, 8.3
2020, 3, 27, 13.9, 11.1, 6.8, 77.5, 3.4, 5.9, 7.6, 0.0, 5.5
2020, 3, 28, 12.8, 7.5, 4.4, 40.0, 3.2, 8.4, 0.0, 0.0, 5.9
2020, 3, 29, 15.8, 7.4, -1.0, 62.6, 1.6, 11.0, 0.0, 0.0, 2.9
2020, 3, 30, 15.8, 8.3, 1.5, 68.8, 1.5, 11.8, 0.0, 0.0, 1.1
2020, 3, 31, 18.0, 9.8, 1.0, 69.0, 1.5, 9.8, 0.0, 0.0, 4.9
2020, 4, 1, 17.6, 11.1, 6.6, 58.4, 3.0, 8.4, 0.0, 0.0, 3.6
2020, 4, 2, 15.4, 8.7, 1.9, 68.8, 2.0, 10.2, 0.0, 0.0, 2.9
2020, 4, 3, 15.6, 9.1, 3.8, 74.4, 2.1, 10.3, 0.0, 0.0, 1.8
2020, 4, 4, 13.7, 8.9, 4.6, 54.9, 3.5, 10.7, 0.0, 0.0, 0.4
2020, 4, 5, 11.8, 6.7, 2.0, 52.0, 2.6, 12.1, 0.0, 0.0, 0.0
2020, 4, 6, 15.7, 8.2, 1.1, 71.4, 2.2, 11.2, 0.0, 0.0, 3.9
2020, 4, 7, 17.4, 9.6, 3.8, 78.4, 2.1, 10.1, 0.0, 0.0, 1.9
2020, 4, 8, 13.9, 8.8, 3.7, 54.9, 3.3, 12.2, 0.0, 0.0, 0.0
2020, 4, 9, 14.0, 8.2, 2.0, 67.8, 2.3, 11.7, 0.0, 0.0, 2.8
2020, 4, 10, 16.0, 9.3, 2.9, 75.0, 2.0, 10.2, 0.0, 0.0, 4.3
2020, 4, 11, 14.8, 8.4, 4.1, 81.9, 1.6, 10.4, 0.0, 0.0, 4.4
2020, 4, 12, 15.5, 9.6, 2.4, 70.1, 2.3, 10.2, 0.0, 0.0, 2.5
2020, 4, 13, 19.5, 10.7, 5.1, 59.1, 2.5, 11.5, 0.0, 0.0, 2.0
2020, 4, 14, 18.8, 11.3, 4.9, 61.5, 2.1, 12.1, 0.0, 0.0, 1.1
2020, 4, 15, 19.6, 11.5, 3.3, 61.0, 1.7, 10.6, 0.0, 0.0, 4.9
2020, 4, 16, 23.5, 14.3, 5.1, 63.5, 1.9, 10.9, 0.0, 0.0, 3.0
2020, 4, 17, 17.0, 12.4, 9.8, 90.8, 3.0, 1.5, 4.1, 0.0, 8.3
2020, 4, 18, 18.1, 12.8, 9.1, 82.6, 2.5, 12.1, 0.0, 0.0, 2.3
2020, 4, 19, 15.5, 11.8, 8.6, 90.1, 2.0, 0.7, 11.5, 0.0, 9.6
2020, 4, 20, 14.6, 10.3, 7.1, 89.0, 3.0, 2.9, 0.2, 0.0, 7.4
2020, 4, 21, 10.6, 7.5, 5.0, 63.6, 4.5, 11.4, 0.0, 0.0, 3.3
2020, 4, 22, 9.1, 6.7, 5.0, 59.1, 5.1, 8.5, 0.0, 0.0, 4.3
2020, 4, 23, 12.8, 8.0, 3.1, 64.3, 4.0, 11.9, 0.0, 0.0, 1.1
2020, 4, 24, 15.4, 9.9, 2.7, 68.9, 3.8, 12.1, 0.0, 0.0, 0.1
2020, 4, 25, 18.4, 13.1, 8.7, 70.4, 3.9, 11.0, 0.0, 0.0, 3.0
2020, 4, 26, 18.4, 11.8, 5.2, 66.0, 2.5, 12.4, 0.0, 0.0, 0.0
2020, 4, 27, 18.1, 12.0, 6.7, 69.9, 2.3, 12.0, 0.0, 0.0, 1.3
2020, 4, 28, 21.0, 13.6, 6.0, 68.9, 2.5, 12.4, 0.0, 0.0, 0.0
2020, 4, 29, 21.8, 14.4, 8.8, 65.0, 2.0, 12.3, 0.0, 0.0, 0.0
2020, 4, 30, 23.8, 16.3, 6.6, 78.3, 2.0, 11.5, 0.0, 0.0, 3.1
2020, 5, 1, 27.0, 20.4, 15.9, 88.3, 2.2, 8.0, 0.0, 0.0, 6.1
2020, 5, 2, 25.3, 20.8, 18.3, 91.1, 2.0, 2.3, 0.1, 0.0, 9.3
2020, 5, 3, 26.0, 21.1, 16.2, 85.8, 1.9, 7.1, 0.6, 0.0, 6.5
2020, 5, 4, 23.7, 18.3, 12.1, 81.5, 2.3, 11.0, 0.0, 0.0, 3.5
2020, 5, 5, 20.3, 14.2, 11.0, 90.5, 1.2, 2.2, 2.5, 0.0, 6.0
2020, 5, 6, 26.8, 17.8, 8.8, 69.8, 1.6, 12.6, 0.0, 0.0, 0.6
2020, 5, 7, 25.9, 20.6, 14.0, 41.8, 2.5, 9.8, 0.0, 0.0, 7.3
2020, 5, 8, 25.0, 18.9, 14.3, 47.4, 2.0, 8.4, 3.1, 0.0, 6.9
2020, 5, 9, 17.3, 14.7, 12.9, 99.9, 3.2, 0.0, 23.2, 0.0, 10.0
2020, 5, 10, 17.1, 14.2, 12.8, 97.9, 2.0, 0.7, 0.5, 0.0, 9.4
2020, 5, 11, 22.4, 16.4, 12.1, 76.5, 2.1, 7.4, 1.2, 0.0, 6.8
2020, 5, 12, 18.7, 14.1, 9.5, 84.1, 2.8, 9.6, 1.0, 0.0, 2.4
2020, 5, 13, 22.0, 15.8, 8.6, 59.8, 2.6, 12.8, 0.0, 0.0, 0.5
2020, 5, 14, 26.3, 20.0, 11.7, 45.8, 1.2, 8.0, 0.0, 0.0, 8.6
2020, 5, 15, 21.3, 16.2, 14.5, 92.8, 2.6, 0.0, 12.6, 0.0, 10.0
2020, 5, 16, 19.1, 16.5, 14.9, 96.9, 1.2, 0.0, 1.2, 0.0, 9.0
2020, 5, 17, 25.7, 19.1, 14.3, 87.9, 1.4, 5.6, 0.1, 0.0, 6.5
2020, 5, 18, 27.7, 19.2, 12.9, 89.0, 2.5, 5.4, 36.7, 0.0, 8.8
2020, 5, 19, 18.3, 13.5, 10.9, 82.9, 2.4, 3.4, 3.9, 0.0, 7.6
2020, 5, 20, 19.9, 14.1, 9.7, 72.3, 1.1, 5.5, 0.0, 0.0, 5.1
2020, 5, 21, 22.1, 17.1, 10.3, 67.4, 1.2, 8.5, 0.0, 0.0, 5.5
2020, 5, 22, 23.0, 18.2, 13.1, 81.6, 1.5, 2.2, 0.0, 0.0, 8.9
2020, 5, 23, 25.4, 19.9, 15.8, 77.5, 1.6, 10.5, 0.0, 0.0, 6.9
2020, 5, 24, 19.6, 16.8, 13.5, 93.1, 2.6, 4.9, 9.9, 0.0, 8.8
2020, 5, 25, 20.0, 15.5, 12.6, 92.8, 1.5, 1.8, 0.0, 0.0, 8.9
2020, 5, 26, 23.6, 16.1, 12.6, 85.1, 1.7, 5.4, 0.1, 0.0, 7.4
2020, 5, 27, 24.1, 17.1, 12.0, 77.0, 2.3, 13.1, 0.0, 0.0, 3.4
2020, 5, 28, 23.8, 18.0, 12.5, 73.9, 1.7, 10.6, 0.0, 0.0, 3.0
2020, 5, 29, 27.4, 19.4, 13.1, 74.1, 1.6, 11.6, 0.0, 0.0, 2.9
2020, 5, 30, 29.7, 21.6, 15.1, 64.8, 1.6, 13.0, 0.0, 0.0, 1.6
2020, 5, 31, 27.6, 20.4, 15.8, 71.8, 2.0, 7.0, 1.2, 0.0, 6.8
2020, 6, 1, 24.0, 18.9, 14.0, 74.3, 3.3, 11.8, 0.2, 0.0, 4.5
2020, 6, 2, 23.3, 18.3, 13.0, 76.0, 1.9, 1.5, 1.1, 0.0, 9.4
2020, 6, 3, 28.0, 21.9, 18.0, 82.1, 1.8, 8.4, 0.1, 0.0, 6.5
2020, 6, 4, 27.4, 22.3, 19.0, 86.5, 2.2, 5.6, 0.4, 0.0, 7.5
2020, 6, 5, 27.9, 21.5, 18.3, 82.1, 1.7, 7.5, 0.0, 0.0, 6.4
2020, 6, 6, 30.7, 23.3, 16.7, 72.0, 1.7, 9.7, 0.0, 0.0, 3.5
2020, 6, 7, 28.4, 21.6, 17.7, 81.6, 1.7, 8.2, 0.0, 0.0, 3.9
2020, 6, 8, 31.5, 24.1, 17.9, 71.3, 1.7, 11.3, 0.0, 0.0, 2.5
2020, 6, 9, 32.7, 25.7, 18.0, 59.0, 1.8, 12.8, 0.0, 0.0, 2.1
2020, 6, 10, 32.5, 25.4, 19.6, 69.1, 1.6, 8.7, 10.8, 0.0, 8.0
2020, 6, 11, 31.0, 25.4, 21.6, 78.3, 2.1, 11.6, 0.0, 0.0, 6.0
2020, 6, 12, 27.6, 23.4, 19.5, 83.0, 1.3, 0.5, 0.0, 0.0, 9.5
2020, 6, 13, 32.4, 25.7, 20.3, 74.0, 1.6, 10.7, 0.1, 0.0, 5.9
2020, 6, 14, 28.0, 22.9, 18.7, 80.5, 2.5, 7.7, 1.1, 0.0, 4.6
2020, 6, 15, 27.9, 22.3, 17.2, 69.5, 2.2, 11.1, 0.0, 0.0, 6.6
2020, 6, 16, 29.5, 23.4, 19.6, 70.6, 1.9, 8.8, 0.0, 0.0, 7.3
2020, 6, 17, 29.1, 22.9, 18.0, 74.0, 1.8, 7.7, 0.0, 0.0, 8.0
2020, 6, 18, 26.3, 22.7, 19.4, 75.9, 1.1, 0.9, 0.0, 0.0, 9.5
2020, 6, 19, 29.1, 23.8, 19.9, 72.3, 1.7, 7.0, 0.4, 0.0, 5.5
2020, 6, 20, 29.3, 23.6, 18.7, 75.5, 1.9, 12.8, 0.0, 0.0, 1.0
2020, 6, 21, 31.9, 24.2, 18.5, 73.8, 1.7, 12.7, 0.0, 0.0, 0.1
2020, 6, 22, 34.0, 26.5, 19.2, 66.0, 1.5, 12.6, 0.0, 0.0, 1.8
2020, 6, 23, 30.2, 25.5, 20.8, 65.0, 1.4, 5.2, 0.0, 0.0, 7.9
2020, 6, 24, 26.4, 22.5, 20.4, 85.1, 2.8, 0.0, 14.1, 0.0, 9.9
2020, 6, 25, 23.6, 21.6, 19.8, 94.3, 2.2, 0.0, 4.4, 0.0, 10.0
2020, 6, 26, 25.8, 21.8, 18.7, 85.8, 2.8, 7.5, 2.1, 0.0, 8.1
2020, 6, 27, 29.3, 23.7, 20.0, 77.3, 1.5, 7.9, 0.0, 0.0, 5.4
2020, 6, 28, 28.7, 23.5, 20.0, 82.0, 2.1, 11.4, 0.0, 0.0, 3.6
2020, 6, 29, 26.8, 22.7, 17.3, 84.3, 2.6, 2.2, 29.5, 0.0, 8.6
2020, 6, 30, 23.0, 20.2, 17.9, 89.1, 2.7, 0.0, 26.8, 0.0, 10.0
2020, 7, 1, 24.6, 20.8, 17.5, 86.6, 1.3, 0.5, 0.5, 0.0, 8.5
2020, 7, 2, 29.5, 23.8, 19.0, 80.0, 1.6, 7.7, 0.6, 0.0, 7.1
2020, 7, 3, 29.0, 23.8, 19.6, 73.5, 2.4, 8.3, 0.5, 0.0, 7.6
2020, 7, 4, 28.2, 22.5, 18.5, 79.3, 1.5, 8.8, 1.0, 0.0, 7.5
2020, 7, 5, 28.1, 22.6, 18.1, 78.9, 1.4, 9.0, 0.0, 0.0, 6.3
2020, 7, 6, 30.5, 24.6, 20.1, 76.5, 1.6, 7.5, 0.0, 0.0, 7.4
2020, 7, 7, 27.9, 23.3, 20.7, 83.4, 2.0, 4.4, 0.0, 0.0, 5.6
2020, 7, 8, 29.6, 23.6, 19.9, 84.9, 1.8, 9.3, 0.0, 0.0, 4.3
2020, 7, 9, 33.0, 27.0, 20.0, 71.0, 1.5, 10.1, 0.0, 0.0, 6.6
2020, 7, 10, 29.1, 25.8, 23.1, 73.4, 2.3, 6.0, 0.8, 0.0, 7.3
2020, 7, 11, 30.6, 26.0, 21.0, 67.1, 1.9, 7.1, 0.0, 0.0, 5.8
2020, 7, 12, 25.6, 23.2, 20.8, 79.9, 2.9, 0.0, 4.8, 0.0, 9.0
2020, 7, 13, 20.8, 19.0, 18.3, 96.6, 3.8, 0.0, 47.2, 0.0, 10.0
2020, 7, 14, 23.9, 20.8, 17.6, 80.5, 2.0, 0.0, 16.2, 0.0, 10.0
2020, 7, 15, 27.9, 22.3, 18.7, 76.0, 1.4, 9.8, 0.2, 0.0, 5.1
2020, 7, 16, 29.0, 23.3, 18.0, 78.6, 1.6, 11.8, 0.0, 0.0, 1.4
2020, 7, 17, 29.8, 24.4, 20.4, 83.8, 1.7, 9.4, 0.0, 0.0, 4.6
2020, 7, 18, 30.0, 25.2, 20.5, 78.0, 1.4, 8.1, 0.0, 0.0, 5.4
2020, 7, 19, 28.1, 25.1, 20.5, 83.3, 3.1, 0.1, 35.6, 0.0, 9.8
2020, 7, 20, 27.8, 24.0, 22.5, 90.8, 3.1, 0.0, 1.8, 0.0, 9.6
2020, 7, 21, 29.9, 24.7, 21.5, 82.0, 1.4, 7.7, 0.0, 0.0, 7.1
2020, 7, 22, 23.7, 22.6, 21.7, 96.5, 0.9, 0.0, 92.9, 0.0, 9.8
2020, 7, 23, 23.1, 21.6, 19.7, 96.9, 3.2, 0.0, 90.1, 0.0, 9.9
2020, 7, 24, 27.2, 23.3, 20.3, 74.0, 3.1, 0.9, 1.4, 0.0, 9.5
2020, 7, 25, 29.4, 25.2, 22.4, 70.1, 2.0, 4.7, 0.0, 0.0, 7.8
2020, 7, 26, 29.2, 25.0, 22.5, 77.8, 1.5, 4.8, 0.0, 0.0, 8.3
2020, 7, 27, 27.1, 24.6, 22.6, 91.0, 1.1, 0.3, 1.9, 0.0, 9.9
2020, 7, 28, 25.7, 24.2, 22.8, 91.3, 1.4, 0.3, 1.9, 0.0, 9.5
2020, 7, 29, 27.8, 24.7, 23.2, 97.9, 0.0, 0.2, 87.0, 0.0, 9.8
2020, 7, 30, 28.3, 24.8, 22.6, 94.0, 1.5, 2.9, 0.2, 0.0, 8.3
2020, 7, 31, 30.0, 25.9, 22.5, 92.3, 1.3, 2.6, 0.1, 0.0, 8.8
2020, 8, 1, 29.2, 26.2, 24.0, 91.4, 2.0, 0.3, 28.7, 0.0, 9.4
2020, 8, 2, 28.1, 25.2, 23.3, 97.6, 2.0, 0.0, 86.7, 0.0, 10.0
2020, 8, 3, 26.8, 25.0, 23.0, 97.0, 2.5, 0.0, 96.9, 0.0, 10.0
2020, 8, 4, 30.4, 27.4, 23.8, 89.8, 2.0, 0.5, 0.2, 0.0, 9.6
2020, 8, 5, 29.1, 27.0, 25.2, 92.6, 2.3, 0.7, 20.5, 0.0, 8.8
2020, 8, 6, 26.2, 24.3, 22.8, 95.5, 3.6, 1.7, 131.5, 0.0, 9.0
2020, 8, 7, 25.9, 24.2, 22.4, 90.8, 1.5, 0.0, 0.2, 0.0, 9.4
2020, 8, 8, 25.0, 24.0, 22.7, 96.0, 2.1, 0.0, 12.3, 0.0, 9.3
2020, 8, 9, 27.7, 25.3, 24.1, 96.0, 2.7, 0.0, 134.2, 0.0, 9.3
2020, 8, 10, 30.5, 26.6, 24.9, 93.0, 1.9, 2.0, 22.3, 0.0, 9.5
2020, 8, 11, 28.3, 25.4, 23.5, 95.0, 1.9, 0.6, 16.2, 0.0, 8.4
2020, 8, 12, 30.9, 27.2, 23.4, 91.1, 0.9, 1.0, 0.0, 0.0, 9.4
2020, 8, 13, 32.1, 28.2, 25.9, 87.1, 2.2, 1.6, 0.0, 0.0, 8.5
2020, 8, 14, 29.9, 27.7, 26.3, 88.9, 3.0, 1.3, 0.0, 0.0, 9.8
2020, 8, 15, 29.3, 26.7, 25.1, 95.6, 1.6, 1.2, 46.6, 0.0, 8.6
2020, 8, 16, 31.6, 27.5, 24.7, 86.6, 2.2, 5.8, 0.0, 0.0, 6.8
2020, 8, 17, 32.8, 28.1, 25.1, 83.4, 1.5, 8.4, 0.0, 0.0, 4.3
2020, 8, 18, 32.2, 26.9, 23.1, 84.4, 1.2, 8.4, 0.0, 0.0, 3.3
2020, 8, 19, 32.1, 26.7, 22.8, 84.6, 1.7, 10.7, 0.0, 0.0, 1.5
2020, 8, 20, 33.0, 27.4, 23.3, 81.5, 1.4, 9.8, 0.0, 0.0, 3.6
2020, 8, 21, 31.4, 27.6, 23.8, 83.8, 1.5, 6.6, 0.0, 0.0, 6.5
2020, 8, 22, 29.4, 25.0, 22.0, 91.6, 1.6, 0.8, 30.2, 0.0, 9.1
2020, 8, 23, 30.4, 25.7, 21.7, 83.1, 1.3, 9.1, 0.0, 0.0, 4.3
2020, 8, 24, 32.0, 27.7, 22.5, 78.3, 1.6, 11.5, 0.0, 0.0, 4.6
2020, 8, 25, 34.9, 29.7, 24.6, 75.1, 1.7, 10.5, 0.0, 0.0, 3.6
2020, 8, 26, 34.2, 30.3, 26.8, 70.6, 4.1, 7.9, 1.0, 0.0, 6.9
2020, 8, 27, 30.0, 27.9, 25.9, 84.3, 4.3, 1.4, 10.9, 0.0, 9.5
2020, 8, 28, 30.9, 27.7, 25.5, 90.9, 1.7, 4.3, 2.3, 0.0, 8.9
2020, 8, 29, 28.9, 26.4, 24.9, 95.9, 1.2, 2.5, 18.3, 0.0, 8.1
2020, 8, 30, 30.9, 26.8, 24.8, 91.4, 1.3, 4.7, 0.1, 0.0, 8.0
2020, 8, 31, 30.8, 27.4, 24.5, 77.6, 2.6, 2.9, 0.2, 0.0, 7.6
2020, 9, 1, 29.7, 26.1, 23.5, 79.1, 1.8, 1.2, 0.4, 0.0, 8.3
2020, 9, 2, 26.0, 24.3, 22.8, 96.9, 1.7, 0.0, 17.9, 0.0, 10.0
2020, 9, 3, 26.3, 22.7, 19.7, 84.6, 5.1, 6.2, 31.5, 0.0, 6.5
2020, 9, 4, 27.4, 23.1, 19.1, 75.0, 1.9, 11.9, 0.0, 0.0, 1.1
2020, 9, 5, 27.5, 23.3, 19.3, 72.3, 1.5, 3.7, 0.0, 0.0, 8.5
2020, 9, 6, 25.0, 21.4, 18.9, 82.9, 1.5, 0.0, 9.4, 0.0, 9.5
2020, 9, 7, 22.4, 19.5, 16.7, 95.4, 4.4, 0.0, 59.9, 0.0, 10.0
2020, 9, 8, 26.9, 23.3, 21.0, 78.1, 3.4, 10.1, 0.0, 0.0, 3.6
2020, 9, 9, 25.3, 20.5, 17.6, 92.3, 1.6, 2.0, 10.8, 0.0, 8.4
2020, 9, 10, 27.6, 22.3, 18.1, 86.1, 1.2, 6.8, 0.0, 0.0, 6.3
2020, 9, 11, 26.3, 22.2, 18.5, 81.4, 1.8, 3.7, 6.3, 0.0, 7.9
2020, 9, 12, 22.1, 20.0, 17.8, 90.1, 1.2, 0.0, 8.3, 0.0, 9.5
2020, 9, 13, 26.6, 21.3, 16.8, 74.4, 1.5, 10.5, 0.0, 0.0, 1.9
2020, 9, 14, 26.0, 21.0, 16.1, 86.5, 1.4, 10.3, 0.0, 0.0, 3.5
2020, 9, 15, 27.4, 22.6, 18.7, 83.5, 1.2, 7.2, 0.0, 0.0, 6.9
2020, 9, 16, 25.4, 21.8, 19.7, 89.9, 1.8, 1.0, 0.0, 0.0, 8.4
2020, 9, 17, 24.0, 20.8, 18.8, 82.0, 1.3, 0.4, 0.0, 0.0, 8.9
2020, 9, 18, 26.0, 21.2, 17.7, 75.4, 2.2, 10.9, 0.0, 0.0, 2.4
2020, 9, 19, 26.3, 19.8, 15.7, 75.8, 1.9, 8.4, 10.2, 0.0, 3.4
2020, 9, 20, 24.9, 18.6, 13.5, 71.9, 1.4, 11.7, 0.0, 0.0, 0.0
2020, 9, 21, 24.6, 18.3, 12.6, 74.0, 0.9, 10.2, 0.0, 0.0, 5.4
2020, 9, 22, 25.1, 19.9, 15.0, 63.0, 2.0, 9.5, 0.0, 0.0, 4.4
2020, 9, 23, 23.5, 19.4, 15.7, 62.9, 2.2, 6.0, 0.0, 0.0, 8.0
2020, 9, 24, 25.7, 21.1, 17.6, 61.4, 2.5, 8.7, 0.0, 0.0, 6.0
2020, 9, 25, 25.5, 20.6, 14.9, 66.4, 1.8, 7.8, 0.0, 0.0, 3.5
2020, 9, 26, 24.9, 20.0, 15.7, 63.1, 2.1, 9.8, 0.0, 0.0, 2.8
2020, 9, 27, 26.0, 20.0, 15.4, 70.0, 1.3, 10.8, 0.0, 0.0, 0.5
2020, 9, 28, 26.0, 19.6, 14.1, 76.5, 1.1, 11.2, 0.0, 0.0, 0.8
2020, 9, 29, 24.4, 18.9, 13.9, 76.5, 1.2, 6.8, 0.0, 0.0, 6.0
2020, 9, 30, 24.9, 18.8, 14.6, 87.8, 0.8, 5.8, 8.7, 0.0, 5.6
2020, 10, 1, 24.3, 18.7, 15.1, 82.1, 1.6, 5.7, 0.0, 0.0, 6.4
2020, 10, 2, 23.8, 19.2, 14.5, 84.3, 1.8, 5.7, 0.0, 0.0, 6.9
2020, 10, 3, 23.8, 19.6, 16.9, 81.0, 0.9, 3.4, 21.9, 0.0, 8.5
2020, 10, 4, 22.0, 17.1, 11.5, 71.0, 2.6, 4.9, 0.0, 0.0, 7.3
2020, 10, 5, 18.3, 13.6, 7.4, 61.3, 2.1, 9.4, 0.0, 0.0, 2.3
2020, 10, 6, 19.8, 13.7, 7.5, 65.6, 1.5, 10.6, 0.0, 0.0, 2.5
2020, 10, 7, 21.7, 15.4, 8.6, 60.8, 1.2, 8.2, 0.0, 0.0, 4.8
2020, 10, 8, 23.4, 17.3, 10.8, 57.6, 2.3, 10.8, 0.0, 0.0, 0.8
2020, 10, 9, 23.5, 17.3, 10.2, 58.9, 2.3, 10.5, 0.0, 0.0, 2.4
2020, 10, 10, 21.5, 16.6, 10.3, 66.9, 1.3, 8.2, 0.0, 0.0, 4.5
2020, 10, 11, 20.6, 16.2, 12.9, 77.5, 1.3, 4.7, 0.0, 0.0, 6.3
2020, 10, 12, 21.2, 15.4, 11.5, 80.3, 1.6, 8.2, 0.0, 0.0, 3.3
2020, 10, 13, 18.2, 12.4, 6.0, 64.5, 1.4, 7.8, 0.0, 0.0, 4.8
2020, 10, 14, 19.5, 12.9, 8.2, 56.1, 1.7, 6.9, 0.0, 0.0, 6.0
2020, 10, 15, 18.4, 11.2, 6.0, 54.5, 1.1, 6.9, 0.0, 0.0, 6.5
2020, 10, 16, 16.1, 11.6, 6.5, 73.1, 0.8, 0.0, 0.0, 0.0, 8.0
2020, 10, 17, 18.6, 12.5, 7.9, 75.0, 1.2, 10.3, 0.3, 0.0, 1.3
2020, 10, 18, 19.5, 12.6, 5.7, 78.9, 1.2, 9.9, 0.0, 0.0, 0.5
2020, 10, 19, 21.0, 14.0, 7.1, 82.6, 1.1, 9.5, 0.0, 0.0, 0.3
2020, 10, 20, 21.6, 13.8, 7.3, 77.6, 0.9, 9.7, 0.0, 0.0, 2.1
2020, 10, 21, 17.3, 14.0, 9.9, 78.8, 1.1, 0.0, 0.0, 0.0, 8.0
2020, 10, 22, 18.8, 13.2, 8.1, 71.0, 2.4, 6.2, 0.0, 0.0, 4.0
2020, 10, 23, 12.9, 8.7, 5.1, 55.6, 2.9, 10.3, 0.0, 0.0, 0.0
2020, 10, 24, 14.1, 8.5, 3.1, 55.9, 2.1, 10.3, 0.0, 0.0, 0.0
2020, 10, 25, 18.0, 10.8, 3.7, 73.8, 1.3, 9.0, 0.0, 0.0, 2.9
2020, 10, 26, 18.9, 11.4, 5.0, 79.6, 1.1, 9.0, 0.0, 0.0, 1.5
2020, 10, 27, 19.5, 12.6, 6.6, 83.0, 1.0, 8.5, 0.0, 0.0, 1.3
2020, 10, 28, 19.0, 13.6, 9.3, 61.1, 1.9, 9.5, 0.0, 0.0, 3.8
2020, 10, 29, 16.4, 9.5, 2.2, 56.9, 1.2, 9.3, 0.0, 0.0, 3.6
2020, 10, 30, 19.0, 10.4, 3.1, 60.4, 0.9, 9.8, 0.0, 0.0, 0.3
2020, 10, 31, 18.6, 12.9, 5.7, 66.9, 1.6, 7.8, 0.0, 0.0, 4.5
2020, 11, 1, 13.8, 12.9, 11.7, 91.5, 1.5, 0.0, 3.4, 0.0, 9.8
2020, 11, 2, 16.2, 10.7, 5.8, 69.4, 1.7, 9.6, 0.3, 0.0, 3.4
2020, 11, 3, 9.0, 5.4, 2.5, 52.1, 3.6, 9.8, 1.4, 0.0, 1.8
2020, 11, 4, 10.7, 4.9, -0.4, 48.9, 1.9, 10.0, 0.0, 0.0, 0.0
2020, 11, 5, 15.5, 8.6, 0.7, 69.0, 0.9, 7.6, 0.0, 0.0, 3.8
2020, 11, 6, 16.8, 12.9, 8.6, 62.5, 1.0, 0.3, 0.0, 0.0, 7.3
2020, 11, 7, 17.5, 13.3, 9.0, 74.6, 2.2, 7.0, 0.0, 0.0, 2.6
2020, 11, 8, 12.4, 8.3, 3.7, 50.0, 2.9, 9.7, 0.0, 0.0, 0.0
2020, 11, 9, 9.8, 5.9, 0.9, 44.6, 1.4, 6.8, 0.0, 0.0, 3.6
2020, 11, 10, 13.3, 6.7, -0.1, 66.5, 1.7, 9.8, 0.0, 0.0, 0.0
2020, 11, 11, 16.4, 7.9, 0.8, 73.4, 0.8, 9.5, 0.0, 0.0, 0.0
2020, 11, 12, 17.8, 9.0, 1.8, 68.9, 0.9, 9.5, 0.0, 0.0, 1.4
2020, 11, 13, 17.0, 10.2, 4.8, 80.1, 0.8, 5.2, 0.0, 0.0, 2.1
2020, 11, 14, 18.8, 10.6, 3.6, 77.8, 1.0, 7.7, 0.0, 0.0, 3.6
2020, 11, 15, 16.7, 9.9, 4.5, 85.8, 1.0, 8.8, 0.0, 0.0, 1.4
2020, 11, 16, 17.9, 11.5, 5.4, 77.9, 0.9, 7.8, 0.0, 0.0, 2.3
2020, 11, 17, 19.9, 16.0, 10.5, 70.0, 2.0, 2.3, 0.4, 0.0, 7.8
2020, 11, 18, 19.7, 17.3, 14.5, 91.3, 1.7, 0.0, 5.1, 0.0, 9.1
2020, 11, 19, 20.7, 14.2, 7.8, 90.4, 4.5, 0.0, 43.3, 0.0, 9.6
2020, 11, 20, 7.8, 3.5, -0.5, 79.1, 3.2, 0.0, 0.0, 0.0, 7.6
2020, 11, 21, 12.7, 6.7, -1.2, 72.3, 1.6, 7.5, 0.0, 0.0, 5.1
2020, 11, 22, 9.2, 6.0, 1.7, 82.4, 2.2, 0.2, 2.9, 0.0, 7.3
2020, 11, 23, 5.8, 1.8, -0.8, 64.5, 2.0, 9.3, 0.0, 0.0, 0.0
2020, 11, 24, 8.4, 3.4, -1.3, 58.9, 1.2, 5.1, 0.0, 0.0, 4.8
2020, 11, 25, 10.4, 4.2, -1.4, 70.9, 1.1, 9.0, 0.0, 0.0, 2.6
2020, 11, 26, 11.0, 5.4, 0.8, 72.6, 1.1, 6.1, 0.0, 0.0, 5.5
2020, 11, 27, 7.5, 4.3, 0.5, 65.6, 2.6, 6.4, 0.0, 0.0, 3.6
2020, 11, 28, 3.7, 0.4, -1.8, 56.1, 2.6, 8.3, 0.0, 0.0, 3.0
2020, 11, 29, 2.8, -0.3, -3.2, 73.6, 1.3, 1.2, 0.0, 0.0, 5.4
2020, 11, 30, 4.7, -0.3, -5.0, 67.4, 1.5, 9.2, 0.0, 0.0, 0.0
2020, 12, 1, 6.5, 1.6, -4.2, 48.9, 1.5, 8.3, 0.0, 0.0, 4.1
2020, 12, 2, 8.0, 3.2, 0.4, 44.1, 1.6, 5.1, 0.0, 0.0, 5.9
2020, 12, 3, 5.0, 1.3, -2.0, 50.5, 2.1, 9.0, 0.0, 0.0, 1.5
2020, 12, 4, 5.2, -0.3, -4.9, 60.9, 1.5, 9.2, 0.0, 0.0, 1.0
2020, 12, 5, 7.0, 1.9, -3.0, 73.9, 1.0, 5.0, 0.0, 0.0, 6.4
2020, 12, 6, 9.0, 3.5, -0.2, 78.6, 1.1, 4.6, 0.0, 0.0, 4.3
2020, 12, 7, 7.5, 3.4, -0.7, 63.8, 2.1, 5.7, 0.0, 0.0, 4.9
2020, 12, 8, 4.5, -0.7, -4.0, 58.4, 1.4, 8.9, 0.0, 0.0, 1.3
2020, 12, 9, 5.8, 1.0, -6.4, 63.6, 0.9, 6.0, 0.0, 0.0, 4.0
2020, 12, 10, 9.5, 5.5, 2.4, 70.9, 1.0, 1.5, 0.0, 0.0, 7.6
2020, 12, 11, 9.8, 4.9, 0.2, 82.1, 1.1, 5.5, 0.0, 0.0, 7.5
2020, 12, 12, 6.8, 2.4, -1.4, 56.4, 1.8, 8.5, 0.0, 0.0, 2.4
2020, 12, 13, 2.2, -0.9, -5.3, 76.6, 2.7, 0.9, 2.4, 2.4, 5.4
2020, 12, 14, -4.3, -6.7, -8.7, 50.3, 3.7, 9.0, 0.0, 0.0, 0.6
2020, 12, 15, -3.6, -6.9, -9.7, 44.6, 3.2, 9.0, 0.0, 0.0, 0.0
2020, 12, 16, -3.1, -7.0, -9.9, 43.6, 2.6, 9.1, 0.0, 0.0, 0.0
2020, 12, 17, 0.7, -5.3, -11.5, 56.0, 1.1, 9.0, 0.0, 0.0, 1.3
2020, 12, 18, 2.4, -1.5, -6.0, 65.8, 2.3, 6.7, 1.1, 0.8, 4.3
2020, 12, 19, -1.0, -4.6, -9.0, 47.4, 1.8, 9.0, 0.0, 0.0, 2.1
2020, 12, 20, 1.6, -3.9, -9.8, 59.0, 1.5, 9.0, 0.0, 0.0, 0.4
2020, 12, 21, 4.1, -1.6, -7.3, 73.1, 0.9, 6.9, 0.0, 0.0, 3.1
2020, 12, 22, 6.5, 1.6, -3.5, 75.9, 1.3, 6.8, 0.7, 0.6, 4.4
2020, 12, 23, 9.2, 3.6, -3.0, 84.1, 1.4, 2.7, 0.0, 0.0, 7.1
2020, 12, 24, 6.5, 2.5, -1.5, 70.9, 2.5, 8.5, 0.2, 0.0, 2.5
2020, 12, 25, 3.8, -1.0, -5.5, 63.8, 1.6, 9.0, 0.0, 0.0, 0.1
2020, 12, 26, 8.5, 1.6, -2.9, 74.0, 1.4, 7.7, 0.0, 0.0, 3.5
2020, 12, 27, 9.1, 4.7, -0.1, 73.1, 1.2, 5.4, 0.0, 0.0, 7.3
2020, 12, 28, 11.4, 5.3, 1.4, 81.3, 1.1, 7.8, 0.0, 0.0, 4.4
2020, 12, 29, 4.2, -0.3, -5.4, 82.3, 2.5, 0.0, 0.2, 0.0, 8.8
2020, 12, 30, -5.4, -10.0, -12.5, 56.8, 4.6, 9.0, 0.0, 0.0, 0.3
2020, 12, 31, -4.4, -8.7, -12.6, 65.8, 1.7, 5.5, 0.0, 0.0, 1.9
2021, 1, 1, 0.0, -4.6, -10.4, 83.3, 1.3, 4.8, 0.0, 0.0, 4.8
2021, 1, 2, -0.8, -4.5, -8.4, 47.8, 2.3, 8.9, 0.0, 0.0, 0.0
2021, 1, 3, -0.4, -5.5, -10.1, 57.1, 1.7, 5.4, 0.0, 0.0, 2.8
2021, 1, 4, 0.6, -3.6, -10.4, 68.0, 1.2, 3.0, 0.0, 0.1, 5.3
2021, 1, 5, -0.8, -4.9, -9.3, 56.9, 2.8, 9.0, 0.0, 0.1, 2.4
2021, 1, 6, -1.9, -7.2, -12.4, 61.8, 2.2, 9.1, 5.7, 9.4, 2.5
2021, 1, 7, -8.3, -13.8, -15.9, 54.3, 4.0, 9.4, 0.0, 8.5, 0.3
2021, 1, 8, -10.7, -14.4, -18.4, 51.5, 2.6, 9.3, 0.0, 3.6, 0.0
2021, 1, 9, -7.7, -12.7, -18.6, 60.1, 1.6, 9.3, 0.0, 2.5, 0.9
2021, 1, 10, -2.7, -8.9, -16.8, 68.0, 1.0, 7.8, 0.0, 2.3, 2.4
2021, 1, 11, -3.6, -7.6, -12.5, 77.5, 0.8, 0.1, 0.0, 0.0, 7.4
2021, 1, 12, 0.7, -3.9, -11.0, 88.1, 1.3, 4.5, 1.5, 5.3, 5.0
2021, 1, 13, 8.7, 1.7, -4.9, 87.8, 1.8, 7.0, 0.0, 5.3, 0.9
2021, 1, 14, 7.6, 1.5, -5.3, 54.0, 1.5, 8.3, 0.0, 0.0, 0.0
2021, 1, 15, 11.3, 4.0, -1.6, 74.3, 2.5, 0.9, 0.0, 0.0, 8.6
2021, 1, 16, -0.7, -4.2, -7.3, 67.9, 3.1, 7.8, 0.0, 0.0, 3.0
2021, 1, 17, -1.4, -5.3, -11.1, 65.4, 1.9, 7.3, 1.1, 2.8, 3.9
2021, 1, 18, 1.6, -3.2, -8.2, 75.5, 3.0, 3.5, 0.3, 3.5, 5.0
2021, 1, 19, -0.5, -6.6, -12.1, 52.1, 1.2, 9.3, 0.0, 0.0, 0.0
2021, 1, 20, 7.4, -0.4, -8.6, 46.6, 1.4, 9.1, 0.0, 0.0, 2.6
2021, 1, 21, 8.3, 4.5, -0.2, 73.9, 1.0, 0.4, 9.1, 0.0, 9.6
2021, 1, 22, 7.5, 5.7, 3.9, 97.3, 1.0, 0.0, 0.0, 0.0, 9.3
2021, 1, 23, 12.1, 7.9, 1.9, 71.9, 2.3, 5.2, 0.0, 0.0, 7.1
2021, 1, 24, 13.1, 6.9, 1.3, 67.8, 1.4, 8.6, 0.0, 0.0, 2.4
2021, 1, 25, 14.2, 6.9, 0.6, 70.6, 1.5, 8.0, 0.0, 0.0, 6.3
2021, 1, 26, 6.6, 4.2, 1.0, 92.3, 1.5, 0.0, 4.1, 0.0, 8.5
2021, 1, 27, 6.2, 1.5, -2.4, 60.5, 1.5, 8.5, 0.0, 0.0, 5.0
2021, 1, 28, 1.6, -2.6, -8.6, 61.9, 4.2, 3.7, 2.3, 2.8, 6.3
2021, 1, 29, -4.6, -8.1, -11.0, 49.3, 3.1, 9.8, 0.0, 0.6, 0.4
2021, 1, 30, 6.6, -0.8, -8.4, 68.9, 2.1, 6.1, 0.0, 0.0, 3.6
2021, 1, 31, 10.5, 3.6, -5.8, 70.5, 1.6, 7.5, 0.0, 0.0, 3.3
2021, 2, 1, 9.9, 5.0, -1.3, 89.0, 2.2, 2.3, 1.7, 0.0, 8.4
2021, 2, 2, -1.2, -4.8, -6.9, 52.6, 3.8, 9.8, 0.1, 0.5, 1.6
2021, 2, 3, 1.7, -3.2, -10.3, 69.4, 1.9, 8.8, 3.8, 6.6, 4.3
2021, 2, 4, 0.8, -3.8, -8.0, 54.8, 2.2, 10.0, 1.6, 7.4, 0.3
2021, 2, 5, 6.6, 0.5, -6.4, 71.6, 1.5, 5.5, 0.0, 3.2, 5.5
2021, 2, 6, 10.2, 6.1, 0.8, 80.8, 1.9, 2.5, 0.0, 0.0, 8.1
2021, 2, 7, 7.2, 3.2, -2.2, 78.3, 2.6, 6.1, 0.0, 0.0, 4.5
2021, 2, 8, 0.6, -2.6, -4.6, 45.3, 3.6, 10.2, 0.0, 0.0, 0.0
2021, 2, 9, 4.0, -1.3, -7.4, 56.8, 1.4, 10.1, 0.0, 0.0, 0.4
2021, 2, 10, 7.4, 2.3, -3.4, 78.6, 1.2, 1.0, 0.0, 0.0, 5.9
2021, 2, 11, 11.3, 4.0, -1.3, 82.4, 0.9, 7.1, 0.0, 0.0, 6.4
2021, 2, 12, 14.1, 4.9, -1.6, 72.4, 1.0, 9.1, 0.0, 0.0, 3.6
2021, 2, 13, 15.7, 4.9, -3.2, 73.6, 1.1, 9.4, 0.0, 0.0, 1.3
2021, 2, 14, 14.0, 8.1, 2.4, 63.8, 0.9, 1.1, 0.0, 0.0, 8.4
2021, 2, 15, 6.6, 1.0, -4.1, 71.8, 4.3, 6.8, 0.6, 0.0, 5.3
2021, 2, 16, -2.5, -4.8, -6.7, 67.4, 2.9, 3.5, 1.9, 1.7, 3.9
2021, 2, 17, -5.0, -7.9, -9.8, 53.5, 5.3, 10.3, 0.0, 1.1, 1.6
2021, 2, 18, -0.8, -5.5, -9.9, 53.4, 3.2, 9.6, 0.0, 0.2, 0.0
2021, 2, 19, 9.3, 1.4, -8.1, 73.0, 2.3, 10.1, 0.0, 0.0, 0.8
2021, 2, 20, 14.4, 7.0, 0.0, 64.9, 1.3, 7.7, 0.0, 0.0, 1.4
2021, 2, 21, 18.5, 10.8, 1.7, 69.8, 2.5, 9.9, 0.0, 0.0, 0.3
2021, 2, 22, 12.7, 6.6, 0.6, 67.8, 2.6, 7.4, 0.0, 0.0, 1.4
2021, 2, 23, 4.1, 0.2, -2.5, 41.8, 2.8, 10.2, 0.0, 0.0, 2.9
2021, 2, 24, 10.2, 2.1, -2.1, 45.9, 1.3, 9.1, 0.0, 0.0, 6.5
2021, 2, 25, 8.6, 3.4, -2.2, 57.8, 0.8, 0.0, 0.0, 0.0, 8.8
2021, 2, 26, 15.6, 8.1, -1.3, 40.1, 1.6, 9.3, 0.0, 0.0, 4.0
2021, 2, 27, 14.6, 8.8, 3.5, 51.1, 3.4, 10.1, 0.0, 0.0, 3.8
2021, 2, 28, 10.7, 7.3, 0.9, 54.3, 1.7, 2.1, 0.0, 0.0, 6.0
2021, 3, 1, 8.1, 5.0, 0.5, 97.5, 1.8, 0.0, 70.7, 0.3, 10.0
2021, 3, 2, 6.8, 2.4, -0.6, 81.6, 1.8, 6.1, 0.2, 0.2, 5.0
2021, 3, 3, 9.5, 3.4, -2.1, 75.3, 1.1, 9.9, 0.0, 0.0, 3.4
2021, 3, 4, 12.2, 6.7, 0.4, 70.9, 1.3, 2.3, 0.0, 0.0, 5.6
2021, 3, 5, 16.0, 7.3, 1.0, 80.3, 1.8, 10.7, 0.0, 0.0, 1.3
2021, 3, 6, 12.6, 7.0, 4.0, 0.0, 2.4, 3.3, 0.0, 0.0, 7.5
2021, 3, 7, 10.8, 5.7, 2.2, 72.1, 2.5, 8.1, 0.0, 0.0, 4.4
2021, 3, 8, 13.3, 5.0, -1.2, 76.0, 1.3, 8.5, 0.0, 0.0, 1.3
2021, 3, 9, 11.7, 5.3, -0.5, 69.6, 1.7, 8.6, 0.0, 0.0, 4.1
2021, 3, 10, 16.8, 7.2, -0.3, 73.1, 1.2, 10.1, 0.0, 0.0, 0.0
2021, 3, 11, 17.3, 8.6, 1.5, 62.3, 1.2, 7.6, 0.0, 0.0, 6.8
2021, 3, 12, 12.9, 9.4, 6.8, 70.0, 1.4, 0.6, 0.2, 0.0, 6.5
2021, 3, 13, 14.2, 8.1, 2.7, 72.9, 1.6, 7.7, 0.0, 0.0, 4.3
2021, 3, 14, 13.4, 7.3, 1.6, 81.6, 1.4, 7.9, 0.0, 0.0, 3.5
2021, 3, 15, 16.1, 10.0, 2.3, 75.4, 1.8, 5.0, 0.2, 0.0, 8.3
2021, 3, 16, 12.5, 7.6, 4.5, 61.6, 3.1, 10.8, 2.4, 0.0, 1.4
2021, 3, 17, 16.8, 7.1, 0.5, 58.8, 1.5, 10.8, 0.0, 0.0, 0.0
2021, 3, 18, 18.8, 9.9, 1.2, 61.1, 1.4, 9.2, 0.0, 0.0, 5.1
2021, 3, 19, 19.4, 13.9, 9.0, 54.1, 2.0, 9.2, 0.0, 0.0, 7.0
2021, 3, 20, 13.5, 8.8, 6.0, 84.0, 2.5, 0.0, 3.7, 0.0, 10.0
2021, 3, 21, 8.9, 5.8, 3.6, 73.1, 4.2, 6.8, 0.0, 0.0, 4.0
2021, 3, 22, 11.1, 5.8, 1.0, 63.9, 0.0, 11.5, 0.0, 0.0, 0.3
2021, 3, 23, 16.5, 8.7, 1.5, 70.9, 2.5, 10.5, 0.0, 0.0, 0.1
2021, 3, 24, 17.5, 9.9, 4.0, 70.8, 2.0, 8.2, 0.0, 0.0, 4.0
2021, 3, 25, 18.8, 10.5, 5.4, 79.1, 1.5, 10.9, 0.0, 0.0, 3.3
2021, 3, 26, 21.2, 11.9, 4.3, 66.4, 1.1, 7.6, 0.0, 0.0, 5.3
2021, 3, 27, 15.6, 11.5, 6.7, 82.8, 2.1, 0.0, 20.1, 0.0, 9.1
2021, 3, 28, 13.4, 9.4, 7.5, 98.0, 3.1, 0.0, 5.2, 0.0, 10.0
2021, 3, 29, 15.4, 9.8, 5.7, 71.3, 2.9, 7.2, 0.1, 0.0, 6.3
2021, 3, 30, 18.3, 9.6, 1.6, 57.3, 1.7, 11.0, 0.0, 0.0, 0.6
2021, 3, 31, 22.9, 12.6, 2.2, 54.8, 1.1, 11.3, 0.0, 0.0, 4.1
2021, 4, 1, 23.8, 16.8, 7.9, 39.1, 3.4, 10.4, 0.0, 0.0, 4.3
2021, 4, 2, 22.3, 17.5, 12.9, 40.0, 3.0, 2.9, 0.0, 0.0, 7.8
2021, 4, 3, 18.6, 15.4, 11.8, 85.4, 1.9, 0.0, 46.7, 0.0, 9.9
2021, 4, 4, 15.8, 12.2, 9.9, 68.3, 2.2, 2.6, 0.5, 0.0, 7.8
2021, 4, 5, 18.3, 11.3, 5.8, 51.4, 1.9, 12.0, 0.0, 0.0, 1.0
2021, 4, 6, 18.6, 12.1, 6.1, 61.0, 2.1, 10.8, 0.0, 0.0, 1.3
2021, 4, 7, 20.3, 12.4, 5.0, 62.3, 1.9, 11.7, 0.0, 0.0, 0.0
2021, 4, 8, 17.5, 11.5, 4.8, 56.8, 2.3, 12.1, 0.0, 0.0, 0.0
2021, 4, 9, 19.0, 12.4, 4.0, 50.6, 2.2, 11.8, 0.0, 0.0, 0.6
2021, 4, 10, 17.7, 11.7, 7.7, 59.3, 2.4, 11.6, 0.0, 0.0, 0.4
2021, 4, 11, 22.4, 13.9, 4.7, 59.0, 1.2, 11.0, 0.0, 0.0, 3.4
2021, 4, 12, 17.5, 13.5, 11.7, 76.4, 2.3, 0.0, 20.1, 0.0, 9.9
2021, 4, 13, 13.4, 9.4, 6.0, 82.4, 3.7, 7.5, 7.8, 0.0, 5.3
2021, 4, 14, 13.1, 7.9, 3.0, 63.3, 2.3, 12.4, 0.0, 0.0, 1.1
2021, 4, 15, 17.9, 10.6, 4.3, 67.4, 1.6, 11.4, 0.0, 0.0, 3.9
2021, 4, 16, 14.8, 10.2, 6.0, 79.8, 2.0, 2.7, 0.4, 0.0, 8.4
2021, 4, 17, 14.1, 9.0, 3.8, 70.3, 3.0, 6.5, 0.0, 0.0, 2.9
2021, 4, 18, 14.3, 9.3, 5.5, 70.8, 3.0, 12.2, 0.0, 0.0, 1.3
2021, 4, 19, 18.6, 11.5, 4.6, 69.5, 2.0, 12.2, 0.0, 0.0, 0.0
2021, 4, 20, 21.4, 13.3, 5.8, 63.4, 1.5, 10.6, 0.0, 0.0, 2.0
2021, 4, 21, 28.6, 17.8, 7.5, 50.9, 1.3, 11.1, 0.0, 0.0, 4.3
2021, 4, 22, 27.6, 20.2, 14.1, 42.5, 1.8, 3.2, 0.0, 0.0, 8.8
2021, 4, 23, 23.1, 20.1, 16.4, 36.4, 3.3, 1.0, 0.0, 0.0, 10.0
2021, 4, 24, 23.0, 17.4, 12.1, 49.1, 2.3, 3.8, 0.0, 0.0, 6.6
2021, 4, 25, 24.1, 17.3, 9.2, 60.3, 1.7, 12.2, 0.0, 0.0, 0.6
2021, 4, 26, 21.4, 15.5, 11.0, 56.6, 2.3, 11.1, 0.0, 0.0, 4.5
2021, 4, 27, 20.1, 15.0, 9.5, 68.5, 1.4, 0.9, 0.0, 0.0, 9.5
2021, 4, 28, 19.2, 14.4, 11.3, 75.9, 1.8, 4.3, 1.8, 0.0, 8.4
2021, 4, 29, 20.2, 14.7, 10.0, 62.1, 1.8, 6.3, 6.3, 0.0, 7.9
2021, 4, 30, 14.4, 10.7, 7.9, 91.6, 2.3, 0.5, 22.8, 0.0, 10.0
2021, 5, 1, 14.2, 10.6, 8.6, 85.1, 2.9, 4.5, 9.1, 0.0, 9.0
2021, 5, 2, 17.8, 11.7, 7.8, 75.9, 2.5, 10.7, 2.2, 0.0, 2.8
2021, 5, 3, 20.3, 13.1, 6.3, 70.3, 1.5, 11.4, 0.0, 0.0, 3.0
2021, 5, 4, 18.1, 15.1, 10.1, 86.3, 1.5, 0.0, 18.8, 0.0, 9.8
2021, 5, 5, 18.2, 13.7, 9.8, 70.0, 3.2, 10.7, 0.1, 0.0, 2.9
2021, 5, 6, 23.1, 15.3, 6.2, 54.0, 2.1, 10.5, 0.0, 0.0, 4.8
2021, 5, 7, 17.3, 13.3, 10.1, 67.8, 2.9, 6.0, 8.9, 0.0, 3.1
2021, 5, 8, 21.3, 13.8, 8.0, 72.9, 3.3, 8.5, 0.0, 0.0, 1.6
2021, 5, 9, 21.3, 14.3, 7.7, 62.8, 2.9, 13.0, 0.0, 0.0, 0.5
2021, 5, 10, 14.1, 11.8, 8.6, 91.0, 1.8, 0.0, 18.5, 0.0, 9.4
2021, 5, 11, 24.6, 18.2, 9.6, 53.8, 3.0, 10.2, 0.0, 0.0, 6.6
2021, 5, 12, 27.2, 20.5, 15.6, 44.5, 2.2, 11.9, 0.0, 0.0, 3.9
2021, 5, 13, 29.0, 20.9, 13.7, 66.9, 1.4, 12.6, 0.0, 0.0, 0.3
2021, 5, 14, 30.4, 21.8, 15.1, 71.6, 1.3, 10.3, 0.0, 0.0, 6.4
2021, 5, 15, 23.2, 20.9, 18.5, 92.0, 1.2, 0.0, 5.2, 0.0, 10.0
2021, 5, 16, 21.2, 19.1, 15.9, 100.0, 1.2, 0.0, 32.6, 0.0, 10.0
2021, 5, 17, 16.3, 15.2, 13.4, 99.3, 1.4, 0.0, 3.8, 0.0, 9.9
2021, 5, 18, 23.9, 16.9, 12.7, 83.9, 1.4, 8.5, 0.0, 0.0, 4.5
2021, 5, 19, 26.2, 18.9, 10.6, 66.3, 1.4, 12.2, 0.0, 0.0, 3.0
2021, 5, 20, 23.4, 18.1, 14.5, 74.3, 2.2, 0.0, 11.6, 0.0, 9.8
2021, 5, 21, 16.9, 15.1, 12.9, 97.9, 1.8, 0.1, 11.6, 0.0, 8.3
2021, 5, 22, 23.6, 17.5, 12.1, 77.5, 1.8, 12.5, 0.0, 0.0, 1.0
2021, 5, 23, 25.4, 18.7, 11.8, 73.8, 1.2, 5.9, 0.0, 0.0, 6.9
2021, 5, 24, 24.2, 17.8, 13.7, 76.9, 2.1, 8.4, 0.0, 0.0, 3.5
2021, 5, 25, 18.6, 14.8, 11.9, 83.5, 2.8, 8.6, 5.4, 0.0, 5.0
2021, 5, 26, 23.8, 17.7, 11.1, 66.8, 2.5, 6.5, 0.0, 0.0, 7.3
2021, 5, 27, 17.7, 15.3, 13.0, 90.4, 2.0, 2.0, 6.5, 0.0, 6.6
2021, 5, 28, 20.3, 14.8, 11.8, 91.6, 2.4, 3.2, 21.7, 0.0, 8.3
2021, 5, 29, 20.9, 16.2, 12.2, 78.1, 1.8, 6.1, 0.0, 0.0, 5.3
2021, 5, 30, 27.4, 18.7, 10.5, 77.5, 1.7, 11.4, 18.7, 0.0, 3.8
2021, 5, 31, 24.9, 20.4, 16.8, 76.4, 1.7, 2.9, 4.5, 0.0, 7.6
2021, 6, 1, 25.3, 21.5, 17.4, 74.8, 1.8, 5.3, 0.6, 0.0, 8.3
2021, 6, 2, 30.0, 23.1, 16.0, 68.1, 1.5, 12.3, 0.0, 0.0, 3.0
2021, 6, 3, 22.7, 18.8, 14.1, 91.6, 1.2, 1.0, 17.2, 0.0, 9.1
2021, 6, 4, 24.1, 18.1, 12.6, 77.4, 2.3, 11.9, 0.0, 0.0, 1.6
2021, 6, 5, 25.9, 20.1, 15.7, 76.8, 2.5, 8.6, 0.0, 0.0, 3.3
2021, 6, 6, 27.5, 22.3, 18.0, 79.9, 1.8, 9.6, 0.0, 0.0, 3.8
2021, 6, 7, 26.2, 21.3, 16.8, 72.4, 1.1, 3.7, 0.0, 0.0, 6.8
2021, 6, 8, 28.8, 23.1, 18.7, 75.5, 1.3, 8.3, 0.1, 0.0, 6.5
2021, 6, 9, 32.3, 25.7, 19.6, 69.4, 1.0, 10.8, 0.0, 0.0, 4.8
2021, 6, 10, 31.4, 24.9, 19.9, 73.4, 2.0, 4.0, 8.3, 0.0, 8.9
2021, 6, 11, 25.7, 21.5, 18.8, 89.0, 2.7, 5.3, 7.3, 0.0, 6.4
2021, 6, 12, 29.0, 22.7, 17.0, 83.1, 1.7, 11.5, 0.0, 0.0, 4.8
2021, 6, 13, 28.9, 22.1, 17.5, 87.9, 1.6, 9.6, 0.0, 0.0, 4.8
2021, 6, 14, 29.7, 22.2, 16.9, 82.4, 1.5, 6.9, 0.0, 0.0, 7.1
2021, 6, 15, 26.2, 22.8, 20.2, 78.4, 2.3, 3.5, 0.7, 0.0, 6.5
2021, 6, 16, 29.7, 24.8, 19.9, 60.1, 3.1, 11.3, 0.0, 0.0, 1.9
2021, 6, 17, 24.2, 21.7, 20.0, 77.0, 2.6, 0.2, 0.1, 0.0, 9.1
2021, 6, 18, 21.4, 19.8, 18.7, 97.4, 1.8, 0.0, 6.2, 0.0, 9.4
2021, 6, 19, 27.4, 21.9, 17.6, 81.4, 1.4, 11.4, 0.0, 0.0, 3.9
2021, 6, 20, 29.6, 22.8, 16.6, 78.3, 2.6, 12.3, 0.0, 0.0, 3.8
2021, 6, 21, 28.4, 23.0, 18.3, 74.1, 2.1, 12.7, 0.0, 0.0, 3.3
2021, 6, 22, 28.5, 23.4, 18.6, 67.9, 1.6, 7.5, 0.0, 0.0, 6.1
2021, 6, 23, 26.2, 22.2, 19.7, 76.0, 2.4, 6.1, 0.2, 0.0, 4.8
2021, 6, 24, 27.9, 22.6, 18.7, 79.0, 1.6, 9.7, 0.0, 0.0, 1.3
2021, 6, 25, 28.8, 23.3, 17.9, 77.8, 1.6, 11.1, 0.0, 0.0, 2.9
2021, 6, 26, 27.4, 23.0, 20.3, 80.9, 1.5, 5.6, 7.4, 0.0, 6.9
2021, 6, 27, 31.1, 25.1, 19.8, 72.6, 1.7, 10.1, 0.2, 0.0, 4.5
2021, 6, 28, 29.6, 23.7, 21.3, 78.8, 1.8, 4.6, 0.9, 0.0, 6.8
2021, 6, 29, 28.6, 23.5, 20.7, 84.0, 1.5, 6.0, 0.9, 0.0, 6.8
2021, 6, 30, 28.9, 24.0, 20.2, 82.6, 1.2, 4.4, 0.0, 0.0, 5.6
2021, 7, 1, 32.1, 26.2, 20.4, 76.4, 1.5, 10.4, 0.0, 0.0, 3.4
2021, 7, 2, 31.9, 27.4, 23.2, 65.1, 2.4, 7.8, 0.0, 0.0, 4.1
2021, 7, 3, 26.8, 23.4, 20.7, 81.0, 4.5, 0.7, 33.3, 0.0, 8.9
2021, 7, 4, 24.7, 22.0, 20.5, 97.1, 2.7, 0.0, 12.6, 0.0, 10.0
2021, 7, 5, 27.4, 23.8, 20.2, 84.5, 1.0, 2.9, 0.0, 0.0, 9.5
2021, 7, 6, 29.5, 25.2, 21.0, 83.1, 1.1, 3.4, 0.3, 0.0, 8.8
2021, 7, 7, 29.0, 25.7, 23.0, 89.9, 1.4, 2.8, 23.0, 0.0, 9.5
2021, 7, 8, 30.8, 25.3, 22.4, 89.1, 1.8, 8.2, 4.2, 0.0, 6.4
2021, 7, 9, 29.6, 25.1, 22.5, 85.5, 1.7, 9.5, 0.0, 0.0, 5.6
2021, 7, 10, 30.0, 26.1, 22.4, 83.3, 2.0, 7.5, 2.1, 0.0, 5.6
2021, 7, 11, 29.4, 26.1, 24.0, 88.6, 2.0, 1.8, 0.0, 0.0, 7.8
2021, 7, 12, 32.9, 27.5, 23.3, 82.6, 1.2, 4.1, 0.0, 0.0, 7.1
2021, 7, 13, 32.7, 28.8, 25.2, 79.3, 1.4, 4.4, 0.0, 0.0, 6.3
2021, 7, 14, 33.5, 29.3, 24.9, 77.0, 2.0, 6.8, 0.0, 0.0, 6.6
2021, 7, 15, 34.5, 28.7, 25.2, 78.6, 1.6, 9.7, 0.0, 0.0, 3.9
2021, 7, 16, 34.8, 28.2, 23.5, 77.3, 2.0, 11.1, 21.8, 0.0, 4.0
2021, 7, 17, 32.8, 28.1, 23.1, 73.9, 2.1, 10.8, 0.0, 0.0, 4.3
2021, 7, 18, 34.3, 28.5, 23.2, 70.5, 2.0, 9.7, 20.1, 0.0, 4.3
2021, 7, 19, 32.3, 26.8, 23.8, 85.4, 1.3, 5.1, 6.3, 0.0, 6.9
2021, 7, 20, 32.8, 28.6, 23.4, 78.6, 1.0, 6.6, 0.0, 0.0, 7.6
2021, 7, 21, 35.7, 30.1, 24.6, 68.0, 1.6, 13.0, 0.0, 0.0, 3.3
2021, 7, 22, 35.8, 30.4, 25.9, 63.3, 1.9, 12.2, 0.0, 0.0, 2.6
2021, 7, 23, 35.7, 30.4, 26.5, 66.4, 1.8, 12.8, 0.0, 0.0, 2.1
2021, 7, 24, 36.3, 30.4, 25.5, 67.0, 1.5, 11.8, 0.0, 0.0, 2.9
2021, 7, 25, 35.3, 30.9, 26.2, 61.8, 2.3, 11.5, 0.0, 0.0, 4.8
2021, 7, 26, 35.1, 30.3, 26.8, 62.3, 2.4, 12.7, 0.0, 0.0, 0.5
2021, 7, 27, 35.7, 30.3, 26.0, 65.6, 1.6, 10.7, 0.0, 0.0, 3.0
2021, 7, 28, 34.3, 29.3, 26.0, 78.0, 1.7, 8.7, 7.5, 0.0, 4.4
2021, 7, 29, 33.7, 28.4, 25.1, 80.0, 1.4, 4.7, 0.0, 0.0, 8.0
2021, 7, 30, 35.4, 29.7, 24.4, 71.3, 1.7, 9.7, 0.0, 0.0, 6.1
2021, 7, 31, 33.9, 29.0, 26.4, 80.0, 1.9, 11.5, 3.2, 0.0, 5.8
2021, 8, 1, 29.1, 26.8, 24.6, 91.1, 1.1, 0.0, 14.3, 0.0, 9.0
2021, 8, 2, 29.1, 25.9, 24.3, 90.6, 1.1, 1.5, 1.1, 0.0, 6.8
2021, 8, 3, 31.3, 27.4, 23.3, 85.6, 1.2, 6.2, 0.0, 0.0, 6.5
2021, 8, 4, 33.4, 28.5, 25.3, 79.1, 1.7, 9.0, 0.0, 0.0, 3.5
2021, 8, 5, 34.4, 29.1, 24.9, 75.0, 1.5, 11.8, 0.0, 0.0, 4.4
2021, 8, 6, 33.6, 28.3, 25.0, 74.3, 1.8, 9.5, 0.0, 0.0, 7.1
2021, 8, 7, 32.4, 27.3, 22.4, 77.3, 1.5, 10.4, 0.0, 0.0, 3.8
2021, 8, 8, 32.2, 27.1, 23.7, 78.9, 1.6, 3.4, 0.0, 0.0, 7.8
2021, 8, 9, 34.4, 28.2, 22.6, 66.4, 2.0, 8.1, 0.0, 0.0, 4.8
2021, 8, 10, 32.4, 27.7, 24.8, 68.5, 2.5, 11.2, 0.0, 0.0, 4.6
2021, 8, 11, 32.0, 26.8, 24.0, 80.3, 1.3, 7.6, 1.5, 0.0, 5.5
2021, 8, 12, 31.8, 27.4, 23.1, 74.9, 1.3, 5.1, 0.0, 0.0, 7.5
2021, 8, 13, 30.0, 27.1, 23.7, 75.4, 1.4, 1.3, 0.0, 0.0, 8.8
2021, 8, 14, 30.6, 26.7, 24.4, 66.1, 2.1, 4.5, 0.0, 0.0, 7.5
2021, 8, 15, 32.6, 26.8, 22.6, 64.3, 1.7, 9.6, 0.0, 0.0, 2.6
2021, 8, 16, 31.7, 27.3, 23.1, 62.9, 2.8, 9.8, 0.0, 0.0, 4.3
2021, 8, 17, 31.2, 25.8, 22.4, 69.0, 2.3, 6.9, 1.5, 0.0, 5.6
2021, 8, 18, 30.2, 23.8, 20.0, 78.8, 1.7, 5.0, 31.1, 0.0, 6.5
2021, 8, 19, 31.5, 25.9, 21.0, 62.3, 2.3, 9.0, 0.0, 0.0, 2.9
2021, 8, 20, 30.4, 25.9, 21.7, 77.3, 1.8, 7.0, 6.5, 0.0, 5.4
2021, 8, 21, 28.1, 24.0, 22.2, 90.8, 3.3, 1.8, 22.7, 0.0, 8.8
2021, 8, 22, 27.5, 24.5, 22.1, 86.5, 2.0, 0.7, 0.0, 0.0, 8.5
2021, 8, 23, 24.3, 22.3, 20.9, 95.1, 2.0, 0.0, 13.2, 0.0, 9.5
2021, 8, 24, 26.8, 24.1, 21.8, 95.6, 2.9, 0.2, 13.7, 0.0, 9.6
2021, 8, 25, 25.8, 24.3, 23.0, 95.1, 1.6, 1.4, 1.8, 0.0, 8.5
2021, 8, 26, 28.3, 25.4, 22.6, 91.6, 2.0, 0.5, 0.0, 0.0, 8.9
2021, 8, 27, 25.4, 22.3, 19.5, 94.6, 1.0, 0.0, 3.5, 0.0, 9.3
2021, 8, 28, 27.4, 23.0, 19.2, 88.4, 1.3, 5.0, 0.0, 0.0, 8.3
2021, 8, 29, 27.2, 22.5, 19.0, 91.5, 1.3, 3.6, 8.1, 0.0, 7.8
2021, 8, 30, 27.6, 23.9, 20.9, 88.4, 0.8, 0.3, 0.0, 0.0, 9.4
2021, 8, 31, 24.5, 21.1, 18.7, 97.3, 1.6, 0.0, 42.1, 0.0, 9.9
2021, 9, 1, 23.5, 21.4, 19.3, 91.0, 1.6, 0.0, 70.9, 0.0, 9.4
2021, 9, 2, 26.9, 23.4, 21.2, 75.4, 1.9, 1.8, 0.0, 0.0, 7.5
2021, 9, 3, 29.7, 24.7, 20.1, 64.5, 1.7, 9.8, 0.0, 0.0, 3.0
2021, 9, 4, 27.8, 23.7, 18.7, 59.6, 2.2, 9.5, 0.0, 0.0, 4.5
2021, 9, 5, 26.7, 22.9, 18.0, 64.5, 2.4, 4.0, 0.0, 0.0, 7.5
2021, 9, 6, 26.3, 21.7, 17.7, 76.0, 3.1, 0.8, 16.7, 0.0, 9.0
2021, 9, 7, 22.7, 20.6, 18.0, 99.8, 2.3, 0.0, 17.8, 0.0, 10.0
2021, 9, 8, 27.1, 21.9, 19.0, 86.1, 1.9, 8.5, 0.4, 0.0, 4.6
2021, 9, 9, 29.1, 22.9, 18.3, 83.0, 1.0, 8.6, 0.0, 0.0, 4.6
2021, 9, 10, 28.9, 23.5, 19.9, 86.1, 1.2, 8.0, 0.0, 0.0, 5.1
2021, 9, 11, 29.7, 23.8, 19.5, 81.1, 1.3, 9.5, 0.0, 0.0, 1.5
2021, 9, 12, 29.9, 23.8, 18.6, 78.0, 1.3, 11.5, 0.0, 0.0, 2.8
2021, 9, 13, 29.8, 25.0, 20.3, 69.5, 2.7, 7.5, 0.0, 0.0, 7.1
2021, 9, 14, 28.0, 23.9, 19.6, 65.1, 2.4, 9.0, 0.0, 0.0, 4.0
2021, 9, 15, 29.5, 23.8, 19.1, 58.8, 3.2, 11.5, 0.0, 0.0, 0.4
2021, 9, 16, 27.5, 23.0, 17.7, 62.4, 2.5, 8.7, 0.0, 0.0, 4.9
2021, 9, 17, 27.8, 23.7, 21.0, 63.1, 2.4, 6.5, 0.0, 0.0, 4.9
2021, 9, 18, 29.6, 22.9, 16.7, 73.3, 1.2, 10.2, 0.0, 0.0, 2.4
2021, 9, 19, 28.5, 23.5, 19.9, 74.3, 1.4, 7.3, 0.0, 0.0, 5.1
2021, 9, 20, 28.2, 23.8, 19.0, 67.0, 3.3, 9.9, 0.0, 0.0, 4.5
2021, 9, 21, 26.5, 22.6, 20.4, 88.4, 2.5, 5.2, 30.1, 0.0, 8.0
2021, 9, 22, 25.5, 20.4, 18.0, 81.5, 3.3, 3.4, 15.6, 0.0, 4.0
2021, 9, 23, 24.8, 20.1, 15.5, 74.1, 2.1, 8.3, 0.0, 0.0, 3.3
2021, 9, 24, 27.2, 22.0, 15.5, 69.4, 1.8, 11.3, 0.0, 0.0, 2.4
2021, 9, 25, 24.2, 21.6, 17.9, 73.0, 1.6, 0.2, 0.0, 0.0, 8.0
2021, 9, 26, 27.3, 22.8, 19.1, 64.4, 2.2, 7.0, 0.0, 0.0, 7.3
2021, 9, 27, 25.2, 21.8, 19.0, 66.3, 2.3, 2.5, 0.0, 0.0, 8.4
2021, 9, 28, 25.3, 21.6, 19.8, 77.9, 2.5, 0.5, 1.2, 0.0, 9.6
2021, 9, 29, 22.7, 20.6, 17.4, 94.3, 1.5, 0.1, 11.4, 0.0, 8.0
2021, 9, 30, 27.1, 20.5, 15.8, 84.4, 1.2, 9.0, 0.0, 0.0, 2.1
2021, 10, 1, 27.8, 20.7, 15.4, 82.5, 1.7, 8.5, 6.2, 0.0, 3.1
2021, 10, 2, 26.4, 20.5, 16.0, 81.4, 1.1, 9.0, 1.9, 0.0, 2.6
2021, 10, 3, 28.7, 22.0, 16.8, 75.4, 1.4, 8.7, 0.0, 0.0, 1.8
2021, 10, 4, 27.2, 23.3, 17.4, 77.1, 2.4, 0.3, 0.0, 0.0, 8.5
2021, 10, 5, 28.1, 24.3, 22.3, 77.3, 2.7, 7.8, 0.0, 0.0, 7.8
2021, 10, 6, 23.4, 21.1, 19.3, 86.0, 2.2, 3.3, 0.8, 0.0, 8.3
2021, 10, 7, 23.0, 20.1, 18.2, 86.9, 1.4, 0.5, 3.2, 0.0, 8.9
2021, 10, 8, 21.7, 19.9, 18.0, 90.0, 0.8, 0.0, 2.5, 0.0, 9.8
2021, 10, 9, 27.0, 22.8, 19.5, 77.1, 1.8, 4.9, 0.2, 0.0, 6.8
2021, 10, 10, 26.3, 20.8, 15.6, 86.5, 2.1, 0.7, 9.1, 0.0, 8.8
2021, 10, 11, 19.4, 16.7, 13.3, 67.3, 1.7, 3.9, 0.1, 0.0, 8.8
2021, 10, 12, 19.4, 17.8, 16.0, 67.4, 2.5, 0.0, 0.0, 0.0, 7.8
2021, 10, 13, 25.0, 19.5, 14.1, 67.9, 1.7, 9.6, 0.0, 0.0, 3.0
2021, 10, 14, 23.9, 19.0, 15.5, 77.9, 1.5, 8.5, 0.0, 0.0, 4.0
2021, 10, 15, 21.8, 19.0, 17.2, 76.3, 1.0, 0.6, 0.5, 0.0, 9.5
2021, 10, 16, 18.1, 11.6, 5.3, 41.3, 3.9, 1.5, 0.0, 0.0, 6.5
2021, 10, 17, 11.4, 6.0, 1.4, 39.4, 2.6, 10.7, 0.0, 0.0, 0.0
2021, 10, 18, 16.3, 10.3, 1.8, 59.8, 1.3, 8.6, 0.0, 0.0, 4.5
2021, 10, 19, 16.3, 10.9, 6.3, 75.3, 2.1, 7.6, 11.3, 0.0, 4.6
2021, 10, 20, 15.8, 9.0, 3.5, 69.6, 1.2, 10.5, 0.0, 0.0, 0.3
2021, 10, 21, 16.1, 9.3, 3.7, 70.6, 1.1, 9.2, 0.0, 0.0, 2.9
2021, 10, 22, 17.0, 10.1, 2.9, 64.8, 1.6, 10.3, 0.0, 0.0, 0.3
2021, 10, 23, 18.1, 10.2, 3.7, 68.6, 1.2, 10.0, 0.0, 0.0, 0.6
2021, 10, 24, 18.1, 10.6, 4.1, 73.8, 1.1, 9.9, 0.0, 0.0, 1.3
2021, 10, 25, 17.9, 10.7, 4.7, 74.4, 1.1, 10.2, 0.0, 0.0, 0.1
2021, 10, 26, 18.5, 12.1, 5.4, 78.4, 1.0, 9.0, 0.0, 0.0, 4.3
2021, 10, 27, 18.6, 13.0, 9.3, 68.3, 2.1, 9.2, 0.2, 0.0, 1.1
2021, 10, 28, 20.0, 11.8, 4.3, 63.3, 0.9, 10.0, 0.0, 0.0, 0.0
2021, 10, 29, 20.3, 14.2, 9.2, 60.1, 1.6, 9.5, 0.0, 0.0, 3.8
2021, 10, 30, 19.2, 14.2, 10.4, 64.9, 1.5, 3.8, 0.0, 0.0, 5.3
2021, 10, 31, 19.7, 13.6, 7.5, 80.3, 0.9, 9.0, 0.0, 0.0, 1.8
2021, 11, 1, 17.3, 12.0, 8.3, 82.1, 1.4, 7.8, 0.0, 0.0, 1.8
2021, 11, 2, 16.7, 10.9, 6.4, 80.1, 1.3, 8.4, 0.0, 0.0, 2.8
2021, 11, 3, 17.0, 11.4, 5.5, 77.9, 1.1, 8.7, 0.8, 0.0, 3.9
2021, 11, 4, 17.4, 11.6, 7.5, 89.9, 0.9, 5.4, 0.0, 0.0, 1.8
2021, 11, 5, 20.4, 11.9, 5.3, 72.6, 0.9, 9.3, 0.0, 0.0, 1.0
2021, 11, 6, 21.8, 13.3, 6.6, 65.9, 1.0, 8.6, 0.0, 0.0, 1.4
2021, 11, 7, 21.4, 15.1, 6.2, 61.1, 2.1, 7.3, 0.0, 0.0, 5.4
2021, 11, 8, 16.6, 9.1, 4.4, 85.5, 3.1, 0.6, 38.4, 0.0, 9.5
2021, 11, 9, 7.2, 5.2, 3.5, 91.3, 1.4, 1.3, 22.2, 0.0, 9.0
2021, 11, 10, 8.8, 4.8, 0.3, 80.5, 2.1, 4.3, 0.1, 0.0, 6.9
2021, 11, 11, 9.7, 5.8, 1.9, 64.6, 2.3, 6.6, 1.2, 0.0, 3.3
2021, 11, 12, 9.2, 4.9, 0.8, 60.6, 2.1, 8.9, 0.0, 0.0, 3.3
2021, 11, 13, 13.9, 7.6, 0.7, 71.9, 1.2, 7.7, 0.0, 0.0, 3.4
2021, 11, 14, 16.8, 10.9, 6.6, 73.5, 1.4, 6.5, 0.0, 0.0, 3.6
2021, 11, 15, 15.5, 8.9, 3.7, 76.6, 1.0, 8.3, 0.0, 0.0, 3.4
2021, 11, 16, 14.2, 7.8, 3.1, 74.6, 1.2, 8.9, 0.0, 0.0, 0.0
2021, 11, 17, 12.8, 7.1, 1.2, 68.6, 1.1, 7.9, 0.0, 0.0, 3.5
2021, 11, 18, 16.9, 11.1, 5.7, 76.1, 1.9, 5.7, 0.0, 0.0, 5.5
2021, 11, 19, 17.4, 12.4, 9.0, 89.3, 1.5, 3.1, 0.0, 0.0, 6.5
2021, 11, 20, 15.9, 10.1, 6.7, 83.8, 0.9, 5.1, 0.0, 0.0, 6.6
2021, 11, 21, 14.5, 10.0, 6.4, 80.9, 1.2, 0.5, 4.2, 0.0, 9.5
2021, 11, 22, 7.7, 3.9, 0.1, 62.6, 4.2, 6.8, 1.2, 0.0, 4.9
2021, 11, 23, 2.2, 0.4, -2.9, 67.0, 2.5, 3.2, 0.0, 0.0, 3.6
2021, 11, 24, 7.0, 2.7, -2.5, 81.9, 1.2, 2.7, 0.9, 0.0, 5.1
2021, 11, 25, 11.0, 5.9, 2.2, 66.9, 1.9, 8.8, 0.2, 0.0, 1.9
2021, 11, 26, 9.4, 3.1, -1.5, 61.6, 1.4, 7.7, 0.0, 0.0, 1.3
2021, 11, 27, 10.0, 2.5, -2.8, 62.9, 0.9, 9.3, 0.0, 0.0, 0.0
2021, 11, 28, 12.1, 3.9, -3.2, 64.3, 0.8, 8.0, 0.0, 0.0, 3.8
2021, 11, 29, 13.3, 6.7, -0.1, 70.3, 0.8, 6.4, 0.0, 0.0, 5.8
2021, 11, 30, 9.5, 6.1, 1.7, 81.3, 3.7, 0.0, 35.0, 0.0, 7.9
2021, 12, 1, 1.8, -0.2, -2.5, 49.5, 4.7, 9.3, 0.0, 0.0, 0.5
2021, 12, 2, 6.1, 1.4, -4.9, 70.9, 1.9, 7.2, 0.2, 0.0, 3.8
2021, 12, 3, 4.9, 2.6, 0.0, 57.6, 2.8, 8.7, 2.1, 0.0, 1.5
2021, 12, 4, 7.2, 1.4, -3.3, 56.3, 1.4, 6.5, 0.0, 0.0, 2.0
2021, 12, 5, 9.8, 2.1, -4.0, 64.8, 0.9, 9.2, 0.0, 0.0, 0.0
2021, 12, 6, 12.7, 4.7, -2.5, 67.3, 0.8, 8.0, 0.0, 0.0, 3.4
2021, 12, 7, 13.0, 5.7, 0.4, 72.8, 1.0, 8.2, 0.0, 0.0, 0.0
2021, 12, 8, 13.6, 5.8, 0.0, 75.9, 0.7, 9.0, 0.0, 0.0, 1.8
2021, 12, 9, 11.4, 6.5, 0.2, 73.0, 1.2, 1.2, 0.0, 0.0, 7.5
2021, 12, 10, 0.0, 0.0, 0.0, 84.1, 1.2, 0.0, 0.7, 0.0, 8.9
2021, 12, 11, 9.9, 5.6, 2.6, 86.9, 1.0, 2.6, 0.0, 0.0, 7.1
2021, 12, 12, 5.8, 1.8, -3.3, 62.0, 3.0, 8.2, 0.0, 0.0, 1.9
2021, 12, 13, 2.1, -1.8, -5.6, 44.4, 2.1, 9.0, 0.0, 0.0, 1.9
2021, 12, 14, 7.5, 3.8, -1.5, 70.4, 1.5, 3.3, 1.6, 0.0, 9.0
2021, 12, 15, 10.8, 6.4, 3.2, 93.5, 1.2, 1.6, 3.4, 0.0, 5.6
2021, 12, 16, 10.3, 5.5, 1.8, 77.4, 1.2, 4.8, 0.0, 0.0, 7.6
2021, 12, 17, 4.0, -4.5, -9.0, 50.0, 5.0, 8.7, 0.0, 0.0, 1.4
2021, 12, 18, -0.5, -4.5, -11.1, 66.1, 2.0, 4.8, 0.5, 1.3, 3.9
2021, 12, 19, 4.0, -0.8, -7.0, 69.4, 1.6, 8.7, 1.7, 3.4, 0.8
2021, 12, 20, 11.5, 5.4, -1.1, 76.5, 1.6, 6.3, 0.0, 0.0, 4.4
2021, 12, 21, 10.5, 4.8, 0.8, 73.5, 1.5, 5.6, 0.0, 0.0, 2.3
2021, 12, 22, 8.3, 1.5, -3.4, 55.8, 1.0, 8.9, 0.0, 0.0, 0.0
2021, 12, 23, 8.9, 1.8, -3.8, 64.4, 0.7, 8.1, 0.0, 0.0, 1.8
2021, 12, 24, 4.5, 0.0, -6.4, 70.1, 2.3, 0.0, 0.0, 0.0, 5.8
2021, 12, 25, -6.4, -10.4, -13.6, 39.4, 4.0, 9.0, 0.0, 0.0, 0.0
2021, 12, 26, -6.4, -10.8, -14.3, 42.3, 3.2, 9.0, 0.0, 0.0, 0.0
2021, 12, 27, -3.4, -7.5, -13.2, 65.4, 1.3, 4.0, 0.0, 0.0, 3.9
2021, 12, 28, 1.1, -3.2, -8.7, 77.9, 0.9, 2.3, 0.0, 0.0, 5.3
2021, 12, 29, 6.3, 0.8, -4.7, 76.0, 2.0, 1.9, 2.1, 0.5, 6.5
2021, 12, 30, 0.0, -3.1, -6.1, 55.1, 2.7, 6.7, 0.0, 0.0, 1.6
2021, 12, 31, -3.0, -5.8, -7.9, 35.6, 3.1, 9.2, 0.0, 0.0, 0.0
2022, 1, 1, 1.8, -4.4, -11.7, 48.0, 0.9, 9.0, 0.0, 0.0, 1.9
2022, 1, 2, 3.5, -1.4, -5.6, 64.4, 1.8, 8.0, 0.5, 0.5, 2.3
2022, 1, 3, 3.1, -2.4, -9.5, 63.1, 1.1, 8.1, 0.0, 0.0, 4.1
2022, 1, 4, 1.9, -2.0, -6.4, 52.0, 2.0, 9.1, 0.0, 0.0, 0.0
2022, 1, 5, 2.8, -2.7, -9.5, 52.4, 0.9, 0.5, 0.0, 0.0, 6.0
2022, 1, 6, 4.1, -2.3, -7.0, 55.0, 1.6, 9.1, 0.0, 0.0, 0.0
2022, 1, 7, 4.2, -3.0, -8.7, 57.8, 0.9, 9.2, 0.0, 0.0, 0.0
2022, 1, 8, 5.0, -0.3, -7.5, 71.4, 1.1, 3.5, 0.0, 0.0, 5.0
2022, 1, 9, 5.1, 0.4, -4.1, 80.4, 1.0, 4.9, 0.0, 0.0, 3.4
2022, 1, 10, 4.9, -0.2, -5.4, 77.4, 1.0, 3.4, 0.5, 0.4, 7.0
2022, 1, 11, 0.3, -6.3, -9.6, 56.0, 3.5, 9.3, 0.5, 1.2, 0.6
2022, 1, 12, -2.7, -6.9, -11.4, 51.5, 1.8, 8.7, 0.0, 0.0, 1.5
2022, 1, 13, -2.4, -5.2, -7.9, 44.9, 3.7, 9.3, 0.0, 0.0, 2.4
2022, 1, 14, 1.1, -4.7, -9.1, 44.1, 1.5, 9.2, 0.0, 0.0, 2.8
2022, 1, 15, 3.7, -0.3, -6.0, 54.5, 0.9, 1.9, 0.0, 0.0, 8.9
2022, 1, 16, 3.8, -1.8, -5.8, 56.5, 2.9, 9.3, 0.0, 0.0, 1.1
2022, 1, 17, 0.0, -5.0, -9.5, 56.6, 2.1, 5.1, 0.2, 0.8, 2.4
2022, 1, 18, 0.2, -5.4, -9.7, 51.0, 1.5, 9.5, 0.0, 0.0, 0.0
2022, 1, 19, -1.7, -5.3, -9.0, 74.8, 1.7, 0.1, 0.6, 0.8, 5.1
2022, 1, 20, 1.5, -5.0, -11.4, 64.6, 1.3, 9.4, 0.0, 0.4, 0.0
2022, 1, 21, 5.1, -3.5, -10.7, 61.1, 0.9, 9.4, 0.0, 0.0, 0.0
2022, 1, 22, 6.0, 0.1, -6.1, 57.9, 0.9, 3.4, 0.0, 0.0, 6.5
2022, 1, 23, 7.9, 1.6, -2.4, 59.8, 1.2, 7.5, 0.0, 0.0, 4.9
2022, 1, 24, 9.6, 4.2, -4.4, 57.0, 2.5, 7.0, 0.0, 0.0, 4.4
2022, 1, 25, 5.2, 2.9, 1.6, 84.6, 2.0, 0.4, 0.8, 0.0, 8.6
2022, 1, 26, 6.0, 0.9, -2.9, 67.5, 1.7, 8.2, 0.0, 0.0, 1.5
2022, 1, 27, 3.7, -0.8, -4.3, 54.1, 1.8, 8.9, 0.0, 0.0, 1.5
2022, 1, 28, 2.3, -2.4, -5.3, 51.6, 2.0, 9.2, 0.0, 0.0, 2.4
2022, 1, 29, 1.2, -3.4, -8.1, 51.9, 2.0, 9.7, 0.0, 0.0, 0.5
2022, 1, 30, 2.8, -3.1, -9.6, 52.0, 1.6, 9.8, 0.0, 0.0, 0.5
2022, 1, 31, 4.9, -0.9, -9.1, 58.9, 1.5, 9.1, 0.8, 2.0, 3.3
2022, 2, 1, 1.4, -0.8, -2.7, 77.1, 2.4, 5.0, 1.3, 4.6, 7.8
2022, 2, 2, 0.3, -2.4, -4.2, 60.8, 2.0, 8.8, 0.0, 0.0, 4.6
2022, 2, 3, 1.7, -3.0, -7.3, 53.9, 1.8, 10.0, 0.0, 0.0, 0.6
2022, 2, 4, -0.3, -4.1, -8.2, 53.8, 3.1, 8.6, 0.0, 0.0, 2.1
2022, 2, 5, -0.9, -5.7, -8.9, 50.0, 3.3, 9.6, 0.0, 0.0, 1.1
2022, 2, 6, 2.0, -3.4, -9.7, 51.4, 2.3, 9.9, 0.0, 0.0, 0.8
2022, 2, 7, 2.3, -2.5, -9.1, 51.1, 1.4, 5.3, 0.0, 0.0, 6.0
2022, 2, 8, 5.8, -0.6, -5.8, 57.4, 1.3, 8.4, 0.0, 0.0, 1.1
2022, 2, 9, 7.1, 0.3, -7.2, 60.9, 0.9, 9.1, 0.0, 0.0, 5.4
2022, 2, 10, 6.8, 1.0, -4.5, 66.6, 1.6, 9.8, 0.0, 0.0, 1.6
2022, 2, 11, 8.7, 2.1, -3.8, 70.6, 1.1, 7.2, 0.0, 0.0, 4.6
2022, 2, 12, 10.4, 3.6, -2.2, 62.8, 1.1, 9.4, 0.0, 0.0, 3.5
2022, 2, 13, 10.6, 4.0, -1.2, 56.8, 1.1, 4.6, 0.0, 0.0, 4.9
2022, 2, 14, 9.6, 1.9, -2.9, 68.5, 2.6, 3.9, 1.7, 0.0, 6.6
2022, 2, 15, -0.4, -4.1, -7.1, 59.6, 3.9, 5.5, 0.0, 0.0, 5.9
2022, 2, 16, -4.0, -6.6, -8.9, 50.6, 3.7, 8.9, 0.0, 0.0, 2.5
2022, 2, 17, -1.2, -6.4, -9.7, 45.6, 2.6, 10.3, 0.0, 0.0, 0.3
2022, 2, 18, 5.4, -1.6, -10.0, 46.1, 1.3, 9.5, 0.0, 0.0, 3.6
2022, 2, 19, 4.0, -0.9, -5.5, 54.0, 2.8, 4.9, 0.0, 0.0, 6.3
2022, 2, 20, -0.7, -4.3, -7.8, 45.6, 3.7, 10.6, 0.0, 0.0, 0.8
2022, 2, 21, 4.4, -2.4, -7.9, 58.8, 3.3, 9.0, 0.0, 0.0, 1.8
2022, 2, 22, 0.4, -3.9, -7.0, 42.8, 3.1, 10.4, 0.0, 0.0, 1.3
2022, 2, 23, -1.3, -5.1, -9.3, 38.3, 2.4, 10.5, 0.0, 0.0, 0.0
2022, 2, 24, 3.2, -2.8, -10.6, 54.5, 1.8, 10.5, 0.0, 0.0, 0.3
2022, 2, 25, 9.1, 2.9, -5.1, 75.1, 2.0, 7.9, 0.0, 0.0, 3.6
2022, 2, 26, 10.0, 5.1, 1.3, 78.6, 3.7, 2.3, 1.0, 0.0, 6.9
2022, 2, 27, 9.3, 3.8, -2.8, 60.1, 2.7, 10.4, 0.0, 0.0, 0.0
2022, 2, 28, 11.5, 5.7, -0.9, 56.5, 1.0, 7.0, 0.0, 0.0, 5.4
2022, 3, 1, 8.8, 4.3, -0.3, 83.0, 1.9, 3.4, 2.9, 0.0, 5.3
2022, 3, 2, 8.4, 2.7, -3.3, 64.0, 1.8, 11.0, 0.0, 0.0, 0.0
2022, 3, 3, 11.8, 4.7, -1.1, 63.8, 1.4, 9.1, 0.0, 0.0, 0.9
2022, 3, 4, 15.9, 6.9, -1.3, 64.6, 3.5, 4.5, 0.0, 0.0, 4.6
2022, 3, 5, 6.0, 2.8, -0.2, 36.9, 4.6, 10.6, 0.0, 0.0, 0.3
2022, 3, 6, 5.6, 1.5, -1.4, 42.9, 3.0, 10.9, 0.0, 0.0, 1.5
2022, 3, 7, 8.8, 2.0, -4.2, 59.3, 1.0, 8.7, 0.0, 0.0, 3.4
2022, 3, 8, 12.2, 4.7, -2.1, 66.3, 1.2, 9.0, 0.0, 0.0, 1.5
2022, 3, 9, 13.7, 5.9, 0.0, 76.6, 1.2, 9.7, 0.0, 0.0, 2.0
2022, 3, 10, 16.0, 8.2, 0.5, 58.9, 1.3, 8.5, 0.0, 0.0, 7.3
2022, 3, 11, 18.4, 10.1, 2.2, 65.8, 1.0, 4.7, 0.0, 0.0, 4.8
2022, 3, 12, 20.5, 13.0, 3.6, 76.4, 1.9, 4.6, 0.0, 0.0, 6.5
2022, 3, 13, 15.2, 11.8, 8.5, 96.6, 1.6, 0.0, 22.1, 0.0, 9.6
2022, 3, 14, 14.4, 8.7, 3.9, 94.0, 2.8, 0.0, 7.9, 0.0, 8.4
2022, 3, 15, 13.6, 6.4, 0.9, 78.9, 1.3, 8.3, 0.0, 0.0, 2.8
2022, 3, 16, 16.5, 9.0, 1.7, 71.6, 1.1, 8.2, 0.0, 0.0, 4.0
2022, 3, 17, 14.9, 10.9, 7.7, 65.3, 2.5, 0.1, 0.1, 0.0, 9.8
2022, 3, 18, 10.8, 8.2, 6.5, 60.6, 3.5, 0.0, 0.5, 0.0, 9.9
2022, 3, 19, 6.5, 3.4, 1.1, 93.8, 2.0, 0.0, 12.2, 0.0, 9.5
2022, 3, 20, 8.6, 4.5, 1.4, 75.5, 1.9, 8.0, 0.0, 0.0, 6.3
2022, 3, 21, 9.9, 4.7, -1.8, 54.1, 1.5, 6.0, 0.0, 0.0, 6.4
2022, 3, 22, 12.9, 6.2, 0.1, 55.4, 1.8, 11.0, 0.0, 0.0, 2.4
2022, 3, 23, 8.3, 5.6, 2.8, 61.8, 1.3, 0.7, 0.0, 0.0, 8.6
2022, 3, 24, 14.1, 8.0, 2.3, 70.1, 1.4, 2.6, 0.0, 0.0, 8.0
2022, 3, 25, 18.7, 12.4, 4.4, 69.0, 2.4, 2.3, 8.2, 0.0, 9.3
2022, 3, 26, 14.3, 10.8, 6.8, 87.0, 2.9, 2.8, 20.8, 0.0, 7.9
2022, 3, 27, 12.8, 7.3, 3.0, 57.1, 2.6, 11.0, 0.0, 0.0, 1.5
2022, 3, 28, 14.2, 7.0, 0.3, 41.8, 0.8, 11.8, 0.0, 0.0, 0.4
2022, 3, 29, 16.3, 9.1, 1.5, 60.4, 1.6, 11.4, 0.0, 0.0, 0.5
2022, 3, 30, 14.9, 10.3, 4.4, 78.6, 1.5, 1.4, 0.0, 0.0, 7.3
2022, 3, 31, 15.2, 10.5, 6.9, 74.5, 2.3, 5.2, 0.0, 0.0, 7.4
2022, 4, 1, 14.5, 8.5, 4.0, 59.1, 2.0, 10.9, 0.0, 0.0, 1.6
2022, 4, 2, 13.7, 6.9, 1.5, 61.0, 2.0, 11.3, 0.0, 0.0, 0.5
2022, 4, 3, 16.2, 8.2, 1.3, 63.3, 1.8, 11.6, 0.0, 0.0, 0.0
2022, 4, 4, 16.0, 8.9, 2.1, 56.1, 1.8, 11.6, 0.0, 0.0, 0.0
2022, 4, 5, 16.4, 9.5, 1.6, 48.5, 1.7, 9.9, 0.0, 0.0, 5.6
2022, 4, 6, 16.9, 10.6, 6.9, 53.0, 1.8, 9.1, 0.0, 0.0, 5.5
2022, 4, 7, 15.0, 10.2, 6.0, 51.5, 2.3, 9.9, 0.0, 0.0, 3.0
2022, 4, 8, 20.9, 12.5, 3.6, 51.4, 1.6, 12.0, 0.0, 0.0, 0.1
2022, 4, 9, 24.0, 17.2, 9.7, 47.5, 2.6, 8.6, 1.3, 0.0, 2.1
2022, 4, 10, 25.1, 17.0, 8.8, 53.8, 1.7, 11.6, 0.0, 0.0, 1.6
2022, 4, 11, 26.2, 18.7, 11.6, 67.3, 1.6, 11.3, 0.0, 0.0, 2.6
2022, 4, 12, 24.8, 17.8, 13.7, 82.1, 2.4, 8.3, 0.0, 0.0, 8.4
2022, 4, 13, 14.1, 11.6, 9.8, 83.1, 2.7, 0.0, 9.5, 0.0, 10.0
2022, 4, 14, 14.3, 11.1, 8.3, 65.4, 3.6, 0.3, 1.2, 0.0, 9.0
2022, 4, 15, 17.3, 11.5, 7.3, 57.9, 2.2, 11.7, 0.0, 0.0, 1.9
2022, 4, 16, 18.3, 11.4, 4.6, 57.4, 2.1, 12.3, 0.0, 0.0, 0.5
2022, 4, 17, 20.7, 12.2, 4.5, 60.8, 1.7, 11.4, 0.0, 0.0, 2.5
2022, 4, 18, 20.8, 13.6, 9.0, 50.6, 1.7, 8.0, 0.0, 0.0, 6.3
2022, 4, 19, 21.4, 13.2, 6.1, 60.3, 1.8, 12.1, 0.0, 0.0, 0.3
2022, 4, 20, 21.7, 13.8, 6.0, 58.3, 1.7, 12.2, 0.0, 0.0, 0.0
2022, 4, 21, 22.8, 14.9, 7.0, 54.0, 2.0, 9.2, 0.0, 0.0, 3.5
2022, 4, 22, 19.0, 15.1, 12.3, 75.1, 2.8, 0.1, 0.0, 0.0, 8.4
2022, 4, 23, 25.2, 16.3, 8.5, 61.8, 1.2, 9.3, 0.0, 0.0, 5.6
2022, 4, 24, 24.6, 17.6, 11.6, 75.0, 1.7, 8.1, 0.0, 0.0, 5.9
2022, 4, 25, 24.7, 19.9, 16.4, 79.0, 1.2, 1.5, 4.2, 0.0, 9.8
2022, 4, 26, 24.7, 19.4, 15.5, 70.4, 2.7, 7.6, 12.0, 0.0, 6.4
2022, 4, 27, 22.1, 16.0, 11.3, 38.3, 2.5, 11.8, 0.0, 0.0, 0.9
2022, 4, 28, 24.7, 16.1, 9.8, 55.6, 1.8, 8.4, 0.0, 0.0, 5.8
2022, 4, 29, 17.1, 13.4, 10.3, 68.4, 2.5, 1.9, 14.2, 0.0, 9.0
2022, 4, 30, 18.0, 12.8, 9.4, 68.5, 2.9, 4.8, 0.0, 0.0, 7.8
2022, 5, 1, 18.6, 12.8, 6.4, 59.9, 3.0, 10.7, 0.0, 0.0, 1.9
2022, 5, 2, 18.6, 13.2, 8.8, 62.8, 2.3, 10.7, 0.0, 0.0, 2.8
2022, 5, 3, 20.9, 14.0, 7.6, 52.9, 1.8, 12.7, 0.0, 0.0, 0.3
2022, 5, 4, 25.3, 16.5, 7.7, 45.8, 2.2, 12.6, 0.0, 0.0, 0.0
2022, 5, 5, 24.8, 17.3, 8.9, 56.3, 1.6, 12.8, 0.0, 0.0, 0.3
2022, 5, 6, 24.9, 18.4, 11.4, 71.5, 2.0, 11.6, 0.0, 0.0, 4.5
2022, 5, 7, 23.0, 16.7, 13.5, 66.9, 2.6, 7.5, 0.1, 0.0, 8.0
2022, 5, 8, 18.0, 15.2, 11.3, 52.8, 2.4, 0.0, 2.4, 0.0, 9.6
2022, 5, 9, 24.4, 16.7, 11.1, 62.3, 2.0, 12.8, 0.0, 0.0, 3.4
2022, 5, 10, 25.3, 18.1, 10.7, 48.6, 2.0, 9.5, 0.0, 0.0, 6.0
2022, 5, 11, 23.3, 17.9, 13.7, 55.4, 1.8, 9.0, 0.0, 0.0, 6.9
2022, 5, 12, 26.9, 19.1, 12.4, 60.8, 1.7, 11.7, 0.0, 0.0, 4.3
2022, 5, 13, 23.5, 18.5, 14.4, 56.3, 2.1, 6.5, 0.0, 0.0, 5.9
2022, 5, 14, 18.7, 14.7, 9.9, 56.1, 3.1, 10.8, 0.0, 0.0, 4.6
2022, 5, 15, 20.9, 14.5, 7.7, 45.3, 2.5, 12.9, 0.0, 0.0, 1.8
2022, 5, 16, 23.4, 16.4, 8.5, 54.0, 2.5, 12.9, 0.0, 0.0, 0.0
2022, 5, 17, 26.7, 19.3, 12.2, 58.1, 2.2, 12.7, 0.0, 0.0, 0.1
2022, 5, 18, 26.5, 20.4, 14.4, 53.8, 2.7, 8.3, 0.5, 0.0, 3.4
2022, 5, 19, 23.1, 19.7, 15.3, 47.5, 3.0, 8.5, 0.0, 0.0, 6.1
2022, 5, 20, 25.3, 19.7, 13.2, 56.6, 2.0, 9.5, 0.0, 0.0, 4.6
2022, 5, 21, 24.5, 19.1, 15.7, 77.3, 2.3, 10.7, 0.0, 0.0, 5.3
2022, 5, 22, 25.1, 19.6, 15.0, 75.0, 2.2, 11.4, 0.0, 0.0, 4.6
2022, 5, 23, 29.6, 21.6, 16.8, 68.1, 2.0, 11.6, 0.0, 0.0, 2.4
2022, 5, 24, 28.8, 20.9, 14.3, 65.5, 1.7, 12.0, 0.0, 0.0, 2.8
2022, 5, 25, 25.4, 19.7, 15.0, 76.4, 2.1, 8.8, 10.0, 0.0, 5.4
2022, 5, 26, 23.3, 18.2, 13.8, 62.6, 3.0, 11.9, 0.0, 0.0, 3.0
2022, 5, 27, 23.9, 19.1, 15.6, 64.5, 2.9, 12.8, 0.0, 0.0, 2.0
2022, 5, 28, 29.0, 21.5, 13.6, 55.4, 2.5, 13.0, 0.0, 0.0, 1.8
2022, 5, 29, 28.8, 21.9, 16.1, 64.8, 1.8, 8.3, 0.0, 0.0, 5.9
2022, 5, 30, 23.8, 19.7, 15.2, 80.5, 2.0, 0.1, 0.4, 0.0, 7.6
2022, 5, 31, 26.6, 19.5, 11.9, 54.8, 1.8, 12.9, 0.0, 0.0, 1.4
2022, 6, 1, 28.8, 21.1, 14.9, 43.0, 2.5, 13.4, 0.0, 0.0, 0.1
2022, 6, 2, 25.7, 19.9, 13.7, 74.8, 2.0, 11.8, 0.0, 0.0, 3.5
2022, 6, 3, 30.9, 23.1, 18.7, 68.1, 1.8, 10.8, 0.0, 0.0, 3.9
2022, 6, 4, 28.9, 24.5, 18.2, 60.8, 1.8, 7.1, 0.0, 0.0, 6.9
2022, 6, 5, 25.3, 21.5, 18.7, 61.0, 3.1, 0.0, 0.3, 0.0, 9.4
2022, 6, 6, 23.8, 19.5, 16.7, 69.8, 2.0, 4.6, 3.1, 0.0, 6.1
2022, 6, 7, 24.3, 19.9, 15.0, 56.8, 2.4, 7.8, 0.0, 0.0, 5.9
2022, 6, 8, 25.3, 20.6, 16.5, 67.5, 2.2, 9.6, 0.0, 0.0, 5.1
2022, 6, 9, 25.9, 20.7, 17.2, 75.0, 1.5, 5.4, 0.1, 0.0, 5.4
2022, 6, 10, 27.3, 21.3, 16.5, 74.1, 1.6, 6.1, 1.3, 0.0, 6.1
2022, 6, 11, 31.6, 24.3, 16.4, 54.3, 1.9, 12.1, 0.0, 0.0, 3.3
2022, 6, 12, 29.7, 23.7, 19.4, 60.5, 2.3, 9.4, 0.0, 0.0, 5.9
2022, 6, 13, 29.9, 24.7, 19.9, 51.1, 2.9, 11.1, 0.0, 0.0, 6.5
2022, 6, 14, 26.1, 21.2, 17.4, 50.9, 4.2, 6.3, 0.5, 0.0, 7.4
2022, 6, 15, 21.4, 17.9, 14.9, 90.8, 2.0, 0.1, 52.7, 0.0, 9.9
2022, 6, 16, 25.0, 19.9, 17.1, 75.9, 2.1, 5.3, 0.1, 0.0, 5.5
2022, 6, 17, 26.1, 21.7, 15.6, 75.6, 1.3, 1.2, 0.0, 0.0, 7.3
2022, 6, 18, 26.3, 23.1, 21.5, 78.3, 1.3, 1.8, 0.0, 0.0, 7.9
2022, 6, 19, 25.7, 23.4, 21.6, 78.6, 1.4, 0.2, 0.0, 0.0, 8.4
2022, 6, 20, 30.3, 24.6, 20.9, 72.9, 1.3, 4.3, 0.0, 0.0, 5.1
2022, 6, 21, 31.4, 24.6, 19.5, 73.6, 2.0, 12.4, 0.0, 0.0, 2.8
2022, 6, 22, 30.1, 24.4, 20.8, 73.4, 1.5, 5.9, 0.0, 0.0, 6.5
2022, 6, 23, 28.8, 24.3, 21.2, 88.1, 2.6, 0.0, 65.0, 0.0, 8.9
2022, 6, 24, 26.4, 23.3, 19.7, 78.3, 3.2, 5.4, 15.4, 0.0, 8.0
2022, 6, 25, 31.7, 26.4, 21.5, 66.6, 2.5, 8.0, 0.0, 0.0, 6.8
2022, 6, 26, 29.6, 27.1, 24.7, 61.8, 2.6, 0.7, 0.0, 0.0, 9.8
2022, 6, 27, 29.8, 27.8, 25.1, 60.3, 2.9, 0.1, 3.4, 0.0, 10.0
2022, 6, 28, 29.8, 28.4, 27.7, 53.4, 5.7, 1.0, 0.0, 0.0, 9.8
2022, 6, 29, 28.0, 25.6, 24.3, 76.4, 3.7, 0.1, 45.2, 0.0, 10.0
2022, 6, 30, 27.4, 23.8, 21.4, 92.9, 1.8, 0.1, 285.0, 0.0, 9.5
2022, 7, 1, 31.4, 27.3, 23.4, 79.3, 1.7, 10.9, 5.4, 0.0, 4.3
2022, 7, 2, 33.7, 27.9, 23.3, 68.8, 1.3, 12.6, 0.0, 0.0, 3.4
2022, 7, 3, 34.3, 28.5, 22.9, 60.0, 1.4, 11.9, 0.0, 0.0, 3.8
2022, 7, 4, 32.6, 28.7, 25.2, 67.4, 1.5, 7.5, 0.0, 0.0, 6.5
2022, 7, 5, 32.8, 28.1, 24.7, 77.6, 1.3, 6.2, 0.0, 0.0, 7.3
2022, 7, 6, 34.5, 29.6, 25.1, 75.9, 1.9, 5.3, 23.5, 0.0, 7.4
2022, 7, 7, 32.1, 29.0, 25.9, 79.6, 2.9, 2.3, 0.0, 0.0, 8.5
2022, 7, 8, 30.2, 26.6, 24.2, 82.6, 2.5, 5.0, 0.2, 0.0, 7.8
2022, 7, 9, 31.3, 26.2, 23.2, 83.8, 1.8, 3.9, 0.0, 0.0, 6.1
2022, 7, 10, 34.8, 28.3, 23.2, 71.5, 1.2, 9.3, 0.0, 0.0, 5.1
2022, 7, 11, 30.6, 26.6, 22.4, 79.9, 1.7, 2.9, 0.7, 0.0, 6.5
2022, 7, 12, 30.3, 27.5, 24.1, 73.0, 1.8, 2.4, 0.0, 0.0, 8.5
2022, 7, 13, 27.9, 24.9, 23.7, 96.3, 2.4, 0.0, 139.1, 0.0, 9.8
2022, 7, 14, 29.0, 24.9, 22.6, 90.4, 2.1, 3.9, 0.8, 0.0, 8.8
2022, 7, 15, 29.9, 25.5, 21.9, 81.9, 1.9, 11.0, 0.0, 0.0, 5.3
2022, 7, 16, 29.4, 25.4, 22.6, 81.0, 2.3, 9.4, 0.0, 0.0, 5.3
2022, 7, 17, 30.0, 25.4, 22.1, 79.0, 1.7, 5.8, 0.0, 0.0, 7.6
2022, 7, 18, 28.9, 25.8, 23.2, 80.4, 1.9, 1.6, 0.0, 0.0, 8.1
2022, 7, 19, 30.4, 26.2, 22.9, 82.6, 1.9, 8.3, 0.0, 0.0, 7.0
2022, 7, 20, 31.5, 27.0, 24.1, 77.6, 1.5, 6.3, 0.6, 0.0, 9.0
2022, 7, 21, 26.2, 23.6, 21.1, 89.9, 1.9, 0.4, 12.4, 0.0, 8.8
2022, 7, 22, 28.4, 25.3, 22.8, 81.5, 2.1, 4.4, 0.1, 0.0, 5.9
2022, 7, 23, 28.1, 24.6, 22.1, 88.6, 1.6, 0.1, 25.7, 0.0, 8.3
2022, 7, 24, 29.2, 25.6, 22.8, 88.9, 1.6, 1.0, 0.4, 0.0, 8.1
2022, 7, 25, 31.2, 26.7, 23.5, 81.8, 1.7, 11.3, 0.0, 0.0, 3.9
2022, 7, 26, 33.8, 28.3, 23.0, 75.1, 1.4, 12.0, 0.0, 0.0, 4.4
2022, 7, 27, 31.6, 28.0, 24.4, 71.9, 2.0, 7.4, 0.0, 0.0, 5.3
2022, 7, 28, 33.7, 28.7, 24.9, 69.0, 2.6, 11.9, 0.3, 0.0, 3.4
2022, 7, 29, 35.0, 30.6, 25.8, 69.0, 1.8, 11.0, 0.0, 0.0, 3.3
2022, 7, 30, 35.2, 31.1, 27.4, 62.9, 3.2, 10.1, 0.0, 0.0, 4.5
2022, 7, 31, 29.7, 27.5, 25.4, 87.0, 2.5, 0.0, 33.8, 0.0, 9.8
2022, 8, 1, 32.8, 28.7, 25.2, 82.9, 2.9, 3.8, 37.3, 0.0, 8.4
2022, 8, 2, 29.8, 27.3, 26.2, 92.0, 2.6, 0.9, 5.0, 0.0, 9.5
2022, 8, 3, 31.2, 27.8, 24.9, 89.6, 2.5, 6.7, 55.5, 0.0, 8.3
2022, 8, 4, 33.0, 28.7, 25.9, 84.3, 2.0, 11.5, 0.0, 0.0, 3.6
2022, 8, 5, 32.2, 28.7, 26.1, 86.6, 1.9, 7.5, 0.4, 0.0, 5.5
2022, 8, 6, 32.1, 28.5, 26.6, 90.1, 1.2, 1.9, 6.9, 0.0, 6.5
2022, 8, 7, 32.9, 29.2, 26.7, 83.5, 2.2, 3.4, 0.0, 0.0, 8.3
2022, 8, 8, 29.4, 27.5, 24.5, 92.1, 2.6, 0.0, 129.4, 0.0, 10.0
2022, 8, 9, 28.5, 26.1, 23.2, 96.3, 2.5, 0.0, 192.8, 0.0, 10.0
2022, 8, 10, 26.0, 23.5, 21.9, 95.1, 1.1, 0.8, 14.6, 0.0, 9.9
2022, 8, 11, 26.4, 24.4, 23.4, 97.5, 1.2, 0.0, 83.7, 0.0, 9.8
2022, 8, 12, 32.0, 26.4, 22.6, 78.8, 1.2, 12.1, 0.0, 0.0, 3.5
2022, 8, 13, 26.8, 25.4, 23.4, 90.6, 1.3, 1.0, 6.9, 0.0, 9.1
2022, 8, 14, 31.5, 27.1, 24.8, 93.7, 1.3, 2.0, 31.5, 0.0, 8.9
2022, 8, 15, 31.2, 28.4, 26.0, 85.0, 3.8, 1.7, 0.6, 0.0, 9.3
2022, 8, 16, 30.3, 26.2, 22.7, 80.5, 2.1, 11.3, 0.0, 0.0, 4.0
2022, 8, 17, 30.8, 25.3, 21.7, 81.9, 1.4, 7.5, 0.0, 0.0, 4.5
2022, 8, 18, 30.2, 25.1, 21.7, 78.4, 1.5, 8.0, 0.0, 0.0, 5.6
2022, 8, 19, 28.9, 26.2, 22.1, 87.8, 2.4, 1.1, 9.0, 0.0, 9.8
2022, 8, 20, 30.8, 27.3, 24.5, 84.5, 2.1, 10.1, 0.0, 0.0, 4.1
2022, 8, 21, 33.0, 27.4, 23.7, 80.9, 1.3, 9.3, 0.0, 0.0, 4.8
2022, 8, 22, 30.9, 26.4, 21.9, 81.4, 1.5, 3.4, 2.2, 0.0, 7.9
2022, 8, 23, 29.9, 24.9, 21.2, 83.4, 1.3, 5.1, 6.1, 0.0, 5.5
2022, 8, 24, 28.2, 24.5, 20.7, 71.6, 2.4, 2.8, 0.0, 0.0, 6.6
2022, 8, 25, 25.3, 22.1, 20.2, 80.1, 1.0, 0.1, 0.4, 0.0, 8.4
2022, 8, 26, 28.3, 23.2, 18.3, 78.5, 1.8, 8.8, 0.0, 0.0, 5.1
2022, 8, 27, 25.6, 21.7, 18.4, 61.9, 2.6, 11.9, 2.4, 0.0, 2.9
2022, 8, 28, 28.8, 22.2, 14.8, 63.6, 1.5, 11.9, 0.0, 0.0, 4.0
2022, 8, 29, 22.6, 20.9, 18.7, 74.4, 2.3, 0.0, 1.4, 0.0, 9.8
2022, 8, 30, 20.6, 19.3, 17.8, 98.1, 1.7, 0.0, 54.7, 0.0, 10.0
2022, 8, 31, 24.0, 21.3, 19.5, 89.6, 0.9, 1.1, 0.0, 0.0, 7.8
2022, 9, 1, 30.8, 23.7, 17.5, 76.9, 1.1, 11.9, 0.0, 0.0, 1.6
2022, 9, 2, 29.7, 24.6, 20.1, 65.5, 2.5, 10.5, 0.0, 0.0, 3.8
2022, 9, 3, 28.8, 24.3, 19.9, 61.0, 3.2, 7.0, 0.0, 0.0, 5.6
2022, 9, 4, 26.4, 23.4, 21.1, 84.9, 2.8, 0.0, 18.7, 0.0, 9.8
2022, 9, 5, 23.0, 19.9, 18.1, 97.0, 1.8, 0.0, 120.4, 0.0, 10.0
2022, 9, 6, 26.1, 20.9, 17.5, 81.6, 3.2, 9.1, 39.3, 0.0, 4.0
2022, 9, 7, 28.1, 21.7, 17.6, 74.1, 1.6, 9.4, 0.0, 0.0, 2.8
2022, 9, 8, 29.7, 22.2, 15.5, 73.6, 1.0, 11.3, 0.0, 0.0, 1.6
2022, 9, 9, 30.7, 23.5, 17.6, 66.5, 1.2, 10.3, 0.0, 0.0, 4.3
2022, 9, 10, 27.8, 23.3, 18.2, 50.9, 2.1, 7.0, 0.0, 0.0, 7.5
2022, 9, 11, 26.6, 22.8, 20.4, 69.4, 1.4, 1.9, 0.0, 0.0, 8.9
2022, 9, 12, 28.4, 23.6, 19.1, 79.4, 0.9, 3.4, 0.0, 0.0, 8.4
2022, 9, 13, 27.2, 24.5, 21.6, 75.4, 1.2, 0.0, 0.0, 0.0, 9.5
2022, 9, 14, 28.9, 25.0, 22.3, 53.5, 3.0, 1.6, 0.0, 0.0, 8.6
2022, 9, 15, 28.7, 25.4, 21.9, 62.3, 3.5, 4.6, 0.0, 0.0, 8.0
2022, 9, 16, 31.2, 26.0, 23.1, 76.0, 2.9, 4.8, 7.3, 0.0, 8.8
2022, 9, 17, 30.2, 25.5, 23.3, 86.9, 1.3, 5.9, 2.4, 0.0, 7.5
2022, 9, 18, 32.0, 27.3, 23.1, 74.3, 1.5, 5.3, 0.0, 0.0, 7.6
2022, 9, 19, 29.8, 25.0, 19.6, 61.1, 3.3, 7.8, 0.0, 0.0, 4.1
2022, 9, 20, 24.0, 19.5, 15.5, 58.5, 1.7, 9.2, 0.0, 0.0, 2.6
2022, 9, 21, 25.1, 19.0, 11.9, 60.0, 1.4, 11.7, 0.0, 0.0, 0.3
2022, 9, 22, 24.6, 19.2, 15.1, 63.6, 1.9, 8.8, 0.0, 0.0, 4.1
2022, 9, 23, 23.1, 16.9, 13.6, 74.4, 2.5, 9.7, 2.0, 0.0, 3.0
2022, 9, 24, 24.4, 17.7, 11.1, 71.5, 1.4, 10.7, 0.0, 0.0, 3.3
2022, 9, 25, 25.2, 19.3, 14.6, 72.0, 1.2, 7.5, 0.0, 0.0, 6.5
2022, 9, 26, 26.6, 19.4, 14.2, 64.6, 1.1, 9.2, 0.0, 0.0, 5.6
2022, 9, 27, 28.1, 19.9, 12.6, 72.4, 1.0, 11.2, 0.0, 0.0, 0.6
2022, 9, 28, 26.1, 19.9, 15.0, 78.1, 1.1, 7.4, 0.0, 0.0, 4.4
2022, 9, 29, 26.5, 19.2, 15.1, 81.5, 1.1, 7.5, 0.0, 0.0, 3.9
2022, 9, 30, 28.1, 19.9, 13.5, 78.4, 1.0, 10.6, 0.0, 0.0, 0.0
2022, 10, 1, 27.4, 19.5, 13.9, 77.5, 0.8, 6.8, 0.0, 0.0, 6.0
2022, 10, 2, 23.4, 19.9, 16.5, 78.3, 2.2, 0.4, 12.0, 0.0, 9.9
2022, 10, 3, 24.5, 22.5, 18.4, 97.0, 2.5, 0.0, 38.7, 0.0, 10.0
2022, 10, 4, 23.7, 18.9, 14.5, 77.9, 3.0, 4.1, 21.2, 0.0, 8.0
2022, 10, 5, 21.4, 16.2, 12.6, 69.9, 1.4, 7.4, 0.0, 0.0, 7.4
2022, 10, 6, 20.8, 16.8, 14.1, 73.6, 1.3, 4.1, 0.0, 0.0, 8.8
2022, 10, 7, 18.8, 14.5, 10.7, 64.5, 2.4, 10.2, 0.0, 0.0, 3.1
2022, 10, 8, 21.5, 15.8, 9.9, 65.0, 1.9, 10.2, 0.0, 0.0, 2.4
2022, 10, 9, 15.5, 13.5, 11.3, 84.5, 2.1, 0.0, 23.0, 0.0, 9.8
2022, 10, 10, 13.3, 10.0, 8.7, 77.9, 3.5, 2.9, 13.6, 0.0, 8.3
2022, 10, 11, 16.4, 10.7, 6.4, 73.4, 1.9, 10.5, 0.0, 0.0, 0.9
2022, 10, 12, 20.9, 12.7, 5.3, 75.1, 1.3, 10.7, 0.0, 0.0, 0.0
2022, 10, 13, 22.9, 15.6, 9.9, 73.6, 1.2, 10.5, 0.0, 0.0, 2.1
2022, 10, 14, 23.3, 16.3, 10.7, 79.4, 1.0, 7.4, 0.0, 0.0, 6.9
2022, 10, 15, 25.1, 17.7, 11.9, 75.0, 1.0, 7.6, 0.0, 0.0, 5.1
2022, 10, 16, 20.7, 17.1, 14.4, 80.0, 1.0, 0.9, 0.0, 0.0, 8.6
2022, 10, 17, 15.3, 11.6, 6.9, 49.8, 3.4, 10.2, 0.0, 0.0, 1.6
2022, 10, 18, 14.0, 9.1, 4.8, 53.8, 1.9, 10.5, 0.0, 0.0, 0.0
2022, 10, 19, 16.7, 9.7, 2.5, 63.9, 1.2, 10.6, 0.0, 0.0, 0.0
2022, 10, 20, 19.6, 12.1, 4.5, 72.6, 1.0, 10.4, 0.0, 0.0, 1.5
2022, 10, 21, 19.9, 13.0, 7.6, 73.4, 1.1, 8.6, 0.0, 0.0, 3.6
2022, 10, 22, 20.6, 14.5, 8.3, 78.9, 1.3, 9.2, 0.0, 0.0, 3.5
2022, 10, 23, 18.3, 13.7, 10.1, 64.4, 2.2, 9.6, 0.0, 0.0, 1.0
2022, 10, 24, 14.5, 10.2, 6.0, 53.0, 2.3, 10.2, 0.0, 0.0, 0.1
2022, 10, 25, 17.4, 11.3, 4.4, 54.9, 1.3, 10.4, 0.0, 0.0, 0.1
2022, 10, 26, 18.3, 12.9, 8.6, 54.8, 1.5, 7.4, 0.0, 0.0, 4.9
2022, 10, 27, 19.4, 12.5, 6.3, 75.1, 1.4, 9.6, 0.0, 0.0, 0.9
2022, 10, 28, 19.4, 13.1, 8.5, 80.3, 1.0, 8.6, 0.0, 0.0, 2.9
2022, 10, 29, 21.3, 13.7, 7.7, 73.3, 1.0, 9.4, 0.0, 0.0, 1.5
2022, 10, 30, 21.0, 14.1, 8.3, 70.1, 1.1, 9.3, 0.0, 0.0, 0.9
2022, 10, 31, 20.5, 14.8, 11.2, 69.0, 1.5, 8.5, 0.0, 0.0, 2.6
2022, 11, 1, 19.3, 12.7, 8.1, 81.0, 1.3, 6.2, 0.0, 0.0, 3.9
2022, 11, 2, 17.8, 10.0, 3.6, 60.6, 1.2, 10.1, 0.0, 0.0, 0.0
2022, 11, 3, 13.9, 9.3, 4.7, 65.6, 1.7, 1.4, 0.0, 0.0, 6.4
2022, 11, 4, 10.2, 5.4, 1.9, 39.9, 2.4, 10.1, 0.0, 0.0, 0.3
2022, 11, 5, 13.1, 5.8, -1.0, 53.8, 1.3, 10.1, 0.0, 0.0, 0.0
2022, 11, 6, 15.8, 8.8, 2.8, 63.3, 1.1, 9.7, 0.0, 0.0, 2.4
2022, 11, 7, 16.8, 10.7, 3.6, 66.4, 1.1, 5.6, 0.0, 0.0, 4.9
2022, 11, 8, 17.9, 11.9, 7.0, 75.4, 1.1, 8.0, 0.2, 0.0, 2.9
2022, 11, 9, 16.7, 10.3, 5.1, 81.9, 1.0, 5.7, 0.0, 0.0, 5.5
2022, 11, 10, 19.2, 12.2, 6.6, 75.9, 0.7, 7.9, 0.0, 0.0, 1.8
2022, 11, 11, 22.1, 14.4, 7.5, 67.9, 1.1, 9.1, 0.0, 0.0, 1.1
2022, 11, 12, 22.0, 15.8, 9.2, 82.5, 1.6, 3.0, 34.7, 0.0, 8.1
2022, 11, 13, 17.2, 10.9, 9.3, 80.5, 2.2, 0.0, 0.0, 0.0, 8.5
2022, 11, 14, 13.9, 9.7, 5.6, 75.0, 1.7, 5.1, 0.0, 0.0, 5.1
2022, 11, 15, 12.3, 7.5, 2.9, 81.6, 1.1, 4.0, 2.5, 0.0, 3.3
2022, 11, 16, 14.4, 8.4, 3.6, 72.3, 1.2, 8.8, 0.0, 0.0, 1.0
2022, 11, 17, 16.6, 9.9, 5.3, 69.5, 1.0, 9.2, 0.0, 0.0, 1.8
2022, 11, 18, 18.4, 10.0, 3.8, 72.6, 0.9, 9.3, 0.0, 0.0, 0.1
2022, 11, 19, 18.8, 12.4, 4.8, 60.6, 1.7, 9.1, 0.0, 0.0, 3.0
2022, 11, 20, 19.9, 12.9, 7.9, 68.0, 1.2, 9.1, 0.0, 0.0, 2.8
2022, 11, 21, 17.8, 11.6, 6.8, 76.1, 1.3, 5.3, 0.0, 0.0, 3.4
2022, 11, 22, 15.3, 10.7, 5.9, 74.8, 1.0, 0.3, 0.1, 0.0, 9.1
2022, 11, 23, 15.8, 11.0, 6.5, 62.3, 1.9, 8.2, 0.0, 0.0, 3.3
2022, 11, 24, 15.0, 9.1, 4.7, 69.9, 0.8, 6.8, 0.0, 0.0, 3.1
2022, 11, 25, 16.9, 10.8, 4.9, 71.9, 1.8, 8.4, 0.8, 0.0, 3.1
2022, 11, 26, 12.5, 6.1, -0.1, 66.8, 2.1, 9.0, 0.1, 0.0, 0.0
2022, 11, 27, 12.6, 4.8, -2.8, 52.4, 1.4, 8.3, 0.0, 0.0, 2.0
2022, 11, 28, 15.9, 11.8, 4.7, 72.9, 2.0, 2.1, 10.4, 0.0, 7.9
2022, 11, 29, 13.0, 6.6, -1.3, 66.4, 3.6, 1.5, 2.6, 0.0, 9.1
2022, 11, 30, -1.2, -5.4, -7.9, 54.4, 3.9, 9.2, 0.0, 0.0, 1.9
2022, 12, 1, -2.3, -5.6, -9.2, 51.6, 1.6, 8.9, 0.0, 0.0, 1.4
2022, 12, 2, 1.2, -3.5, -8.8, 57.5, 1.1, 9.2, 0.0, 0.0, 1.8
2022, 12, 3, 6.5, 1.7, -1.7, 75.5, 1.7, 3.5, 0.4, 0.2, 6.0
2022, 12, 4, -0.7, -3.6, -5.9, 44.5, 2.8, 1.4, 0.0, 0.0, 6.4
2022, 12, 5, 0.6, -3.8, -6.3, 45.9, 1.9, 8.5, 0.0, 0.0, 3.0
2022, 12, 6, 3.7, -1.1, -6.3, 82.9, 1.3, 5.4, 2.2, 3.8, 6.6
2022, 12, 7, 7.8, 3.1, -0.6, 77.5, 1.8, 5.4, 0.1, 0.0, 3.6
2022, 12, 8, 8.4, 1.4, -3.8, 72.3, 0.9, 8.6, 0.0, 0.0, 1.3
2022, 12, 9, 9.6, 2.6, -2.2, 77.1, 1.2, 6.9, 0.1, 0.0, 3.5
2022, 12, 10, 5.8, 0.2, -4.0, 69.1, 1.0, 4.1, 0.0, 0.0, 4.9
2022, 12, 11, 6.3, 0.2, -4.1, 66.8, 1.3, 9.0, 0.0, 0.0, 0.4
2022, 12, 12, 5.7, 0.9, -5.6, 84.8, 1.3, 4.3, 3.5, 0.0, 8.0
2022, 12, 13, 2.6, -0.5, -6.9, 87.3, 3.1, 1.7, 3.9, 2.2, 7.9
2022, 12, 14, -5.5, -8.7, -11.2, 60.6, 2.9, 9.0, 0.0, 1.5, 0.1
2022, 12, 15, -0.4, -5.0, -9.5, 86.8, 1.9, 0.4, 3.6, 7.0, 5.9
2022, 12, 16, -3.9, -7.3, -11.3, 67.3, 1.7, 8.1, 0.0, 0.0, 5.1
2022, 12, 17, -4.2, -8.1, -11.3, 64.6, 2.0, 6.9, 0.6, 5.8, 2.6
2022, 12, 18, -6.8, -10.5, -14.4, 60.3, 1.8, 8.9, 0.0, 3.0, 0.0
2022, 12, 19, -3.2, -8.4, -14.6, 70.4, 1.2, 7.2, 0.0, 2.5, 2.5
2022, 12, 20, 1.1, -4.3, -12.2, 69.6, 1.5, 8.3, 0.0, 2.1, 4.5
2022, 12, 21, 2.3, -0.5, -3.0, 92.0, 1.8, 0.2, 4.1, 3.5, 8.4
2022, 12, 22, -2.8, -7.8, -11.4, 66.1, 4.4, 8.8, 0.0, 2.0, 1.3
2022, 12, 23, -8.9, -11.6, -13.8, 67.9, 4.1, 8.4, 0.0, 1.3, 2.0
2022, 12, 24, -4.0, -9.7, -13.7, 65.3, 1.3, 9.0, 0.0, 0.0, 0.3
2022, 12, 25, -0.7, -6.8, -12.9, 79.0, 1.2, 8.9, 0.0, 1.1, 0.4
2022, 12, 26, 0.6, -5.6, -10.9, 77.0, 1.0, 6.7, 0.0, 0.8, 2.3
2022, 12, 27, 2.6, -4.1, -10.4, 82.4, 1.1, 8.8, 0.0, 0.4, 0.9
2022, 12, 28, -0.3, -4.3, -7.9, 69.9, 2.0, 8.5, 0.9, 0.8, 2.6
2022, 12, 29, 0.3, -4.6, -10.7, 68.0, 1.1, 7.2, 0.0, 0.0, 2.5
2022, 12, 30, 1.0, -3.4, -7.6, 80.8, 1.4, 8.3, 0.3, 0.7, 0.6
2022, 12, 31, 3.2, -3.0, -8.7, 81.4, 0.9, 2.3, 0.0, 0.0, 5.8
2023, 1, 1, 3.5, -2.1, -6.6, 63.1, 1.8, 9.0, 0.0, 0.0, 1.5
2023, 1, 2, -1.7, -5.6, -9.1, 54.9, 2.0, 9.2, 0.0, 0.0, 0.0
2023, 1, 3, -0.2, -6.3, -11.4, 62.8, 1.4, 9.2, 0.0, 0.0, 0.0
2023, 1, 4, 2.5, -3.1, -9.2, 70.9, 1.2, 8.8, 0.0, 0.0, 1.4
2023, 1, 5, 2.1, -3.6, -9.0, 80.1, 0.8, 2.2, 0.0, 0.0, 2.8
2023, 1, 6, 4.1, -0.9, -7.8, 84.1, 1.3, 5.6, 5.5, 0.0, 5.6
2023, 1, 7, 3.0, 0.5, -3.8, 88.0, 2.2, 5.3, 0.1, 0.0, 4.5
2023, 1, 8, 4.9, 0.2, -6.0, 77.9, 0.9, 7.2, 0.0, 0.0, 3.5
2023, 1, 9, 6.8, 2.3, -3.0, 64.3, 1.9, 7.8, 0.0, 0.0, 3.4
2023, 1, 10, 7.2, -0.2, -6.3, 73.4, 0.9, 8.8, 0.0, 0.0, 1.6
2023, 1, 11, 7.4, 0.2, -4.9, 83.3, 0.8, 8.6, 0.0, 0.0, 1.0
2023, 1, 12, 12.6, 4.7, -4.0, 62.3, 1.1, 9.1, 0.1, 0.0, 2.4
2023, 1, 13, 9.4, 7.1, 4.2, 99.5, 1.5, 0.0, 25.2, 0.0, 10.0
2023, 1, 14, 6.7, 4.9, 3.2, 99.8, 1.2, 0.0, 3.7, 0.0, 10.0
2023, 1, 15, 3.3, -1.5, -3.7, 98.9, 2.5, 0.0, 2.3, 0.9, 9.5
2023, 1, 16, -1.0, -5.2, -7.4, 67.6, 2.5, 7.9, 0.0, 9.0, 1.8
2023, 1, 17, 0.2, -3.0, -7.5, 61.5, 1.0, 2.1, 0.0, 0.0, 8.6
2023, 1, 18, 2.8, -2.1, -5.2, 64.0, 1.4, 9.0, 0.0, 0.0, 1.1
2023, 1, 19, 5.2, -0.1, -7.0, 65.1, 2.0, 6.1, 0.7, 0.0, 5.9
2023, 1, 20, 3.1, -2.4, -7.5, 46.4, 3.6, 9.0, 0.0, 0.0, 0.0
2023, 1, 21, 1.2, -4.0, -10.4, 50.5, 1.2, 8.9, 0.0, 0.0, 2.0
2023, 1, 22, 3.4, -0.1, -2.3, 46.3, 1.8, 0.3, 0.0, 0.0, 7.8
2023, 1, 23, 5.4, -0.5, -5.5, 61.3, 2.3, 7.6, 0.0, 0.0, 5.5
2023, 1, 24, -5.6, -13.4, -16.3, 45.6, 5.0, 9.3, 0.0, 0.0, 0.3
2023, 1, 25, -5.0, -10.8, -16.7, 39.9, 1.8, 9.6, 0.0, 0.0, 1.5
2023, 1, 26, -3.1, -5.8, -8.7, 79.4, 1.4, 0.0, 1.3, 5.5, 8.8
2023, 1, 27, -3.2, -7.3, -10.5, 55.0, 3.3, 9.3, 0.0, 4.3, 0.3
2023, 1, 28, -0.4, -5.6, -11.6, 48.5, 2.0, 8.2, 0.0, 0.3, 1.0
2023, 1, 29, 5.3, -1.8, -9.1, 58.3, 2.5, 5.0, 0.0, 0.0, 1.8
2023, 1, 30, 3.9, -1.3, -6.1, 51.5, 1.8, 9.2, 0.0, 0.0, 0.0
2023, 1, 31, 9.4, 2.1, -5.8, 67.8, 2.2, 9.0, 0.0, 0.0, 3.1
2023, 2, 1, 5.6, 1.2, -2.2, 64.4, 2.8, 8.8, 0.0, 0.0, 1.5
2023, 2, 2, 1.4, -2.5, -5.1, 52.5, 1.8, 6.1, 0.0, 0.0, 6.6
2023, 2, 3, 3.1, -2.0, -4.9, 51.1, 1.4, 8.0, 0.0, 0.0, 3.9
2023, 2, 4, 5.2, -1.6, -7.1, 68.0, 1.5, 8.0, 0.0, 0.0, 0.9
2023, 2, 5, 7.2, -0.1, -5.8, 76.6, 1.2, 7.6, 0.0, 0.0, 0.6
2023, 2, 6, 9.1, 1.8, -4.3, 72.8, 1.1, 5.7, 0.0, 0.0, 3.3
2023, 2, 7, 8.6, 1.7, -3.0, 79.5, 1.3, 5.1, 0.0, 0.0, 2.5
2023, 2, 8, 7.3, 0.5, -3.7, 72.3, 1.5, 7.5, 0.0, 0.0, 3.6
2023, 2, 9, 9.7, 3.5, -5.0, 55.8, 2.3, 6.8, 0.0, 0.0, 6.4
2023, 2, 10, 7.8, 3.4, -0.6, 84.4, 1.8, 1.3, 0.5, 0.0, 5.9
2023, 2, 11, 7.8, 1.3, -3.4, 83.4, 0.9, 4.1, 0.0, 0.0, 4.6
2023, 2, 12, 8.0, 2.9, -3.6, 70.5, 1.2, 2.1, 0.0, 0.0, 6.9
2023, 2, 13, 9.6, 5.8, 2.2, 62.1, 1.7, 0.7, 0.0, 0.0, 7.9
2023, 2, 14, 5.9, 1.4, -2.8, 53.8, 2.1, 9.8, 0.0, 0.0, 1.0
2023, 2, 15, 7.6, 2.8, -0.8, 50.4, 1.8, 8.3, 0.0, 0.0, 4.3
2023, 2, 16, 5.4, 1.5, -2.5, 72.4, 2.0, 2.5, 0.0, 0.0, 5.1
2023, 2, 17, 9.8, 2.9, -3.1, 69.4, 1.2, 6.7, 0.0, 0.0, 6.3
2023, 2, 18, 9.3, 5.8, 2.2, 57.0, 1.0, 0.0, 0.0, 0.0, 10.0
2023, 2, 19, 6.2, 2.8, -1.8, 63.4, 3.0, 7.6, 0.2, 0.0, 4.1
2023, 2, 20, 3.1, -0.6, -3.8, 48.9, 3.0, 10.3, 0.0, 0.0, 0.0
2023, 2, 21, 4.1, -1.6, -5.1, 46.8, 1.9, 10.4, 0.0, 0.0, 0.3
2023, 2, 22, 7.4, 0.0, -6.2, 60.5, 1.4, 9.6, 0.0, 0.0, 4.1
2023, 2, 23, 8.5, 1.6, -3.9, 69.6, 1.4, 9.8, 0.0, 0.0, 1.9
2023, 2, 24, 8.7, 2.7, -1.3, 58.4, 2.5, 10.0, 0.0, 0.0, 1.4
2023, 2, 25, 5.5, 0.8, -3.4, 41.4, 2.4, 10.4, 0.0, 0.0, 0.0
2023, 2, 26, 8.5, 1.2, -5.1, 47.6, 1.5, 10.4, 0.0, 0.0, 0.0
2023, 2, 27, 11.5, 2.6, -4.4, 54.4, 1.4, 10.5, 0.0, 0.0, 0.0
2023, 2, 28, 9.6, 3.6, -4.5, 67.3, 1.4, 8.5, 0.0, 0.0, 2.6
2023, 3, 1, 8.7, 5.6, 2.8, 56.1, 2.5, 3.3, 0.0, 0.0, 5.4
2023, 3, 2, 5.7, 1.5, -1.6, 38.9, 3.1, 10.5, 0.0, 0.0, 0.0
2023, 3, 3, 10.8, 4.0, -3.3, 65.6, 2.0, 10.1, 0.0, 0.0, 0.0
2023, 3, 4, 14.4, 6.6, 2.3, 70.4, 1.5, 7.8, 0.0, 0.0, 3.5
2023, 3, 5, 15.3, 6.0, -1.2, 60.8, 1.3, 10.1, 0.0, 0.0, 0.0
2023, 3, 6, 16.1, 7.1, -1.8, 50.1, 1.3, 9.7, 0.0, 0.0, 0.8
2023, 3, 7, 18.4, 10.1, 3.6, 65.6, 1.7, 9.8, 0.0, 0.0, 0.9
2023, 3, 8, 19.0, 11.6, 3.8, 66.6, 1.6, 3.0, 0.0, 0.0, 6.5
2023, 3, 9, 13.3, 9.9, 4.8, 82.1, 2.0, 3.7, 0.1, 0.0, 5.3
2023, 3, 10, 22.5, 12.1, 2.2, 60.8, 1.5, 9.7, 0.0, 0.0, 0.0
2023, 3, 11, 23.5, 13.6, 6.5, 54.6, 1.6, 7.7, 0.0, 0.0, 5.0
2023, 3, 12, 10.2, 5.4, 0.9, 67.1, 3.5, 2.1, 5.2, 0.0, 5.6
2023, 3, 13, 7.6, 3.0, -1.4, 36.3, 2.7, 10.1, 0.0, 0.0, 3.6
2023, 3, 14, 15.3, 8.6, 2.4, 45.4, 2.8, 9.8, 0.0, 0.0, 3.5
2023, 3, 15, 17.4, 8.5, 3.0, 67.1, 2.8, 4.9, 0.0, 0.0, 6.1
2023, 3, 16, 8.9, 4.5, 0.1, 35.0, 2.4, 6.9, 0.0, 0.0, 4.8
2023, 3, 17, 13.7, 6.4, -1.2, 39.1, 1.5, 6.9, 0.0, 0.0, 7.8
2023, 3, 18, 13.9, 7.0, 1.7, 50.9, 2.3, 10.2, 0.0, 0.0, 1.6
2023, 3, 19, 14.3, 6.1, 0.3, 70.0, 1.8, 11.1, 0.0, 0.0, 1.0
2023, 3, 20, 16.6, 7.0, -1.6, 57.4, 1.2, 9.5, 0.0, 0.0, 5.0
2023, 3, 21, 21.3, 10.7, 1.4, 44.4, 1.2, 10.8, 0.0, 0.0, 0.5
2023, 3, 22, 24.9, 15.6, 4.9, 49.3, 1.5, 6.4, 0.0, 0.0, 6.0
2023, 3, 23, 22.2, 15.8, 11.4, 54.5, 1.8, 3.4, 0.2, 0.0, 6.0
2023, 3, 24, 16.4, 10.9, 6.5, 43.9, 1.5, 4.1, 0.0, 0.0, 7.1
2023, 3, 25, 16.8, 10.7, 6.4, 59.3, 1.6, 3.0, 0.0, 0.0, 5.5
2023, 3, 26, 14.4, 8.4, 3.4, 40.4, 3.0, 10.8, 0.0, 0.0, 1.3
2023, 3, 27, 13.6, 6.0, 0.1, 47.5, 1.8, 10.5, 0.0, 0.0, 0.6
2023, 3, 28, 15.2, 7.8, 1.0, 58.1, 1.5, 6.8, 0.0, 0.0, 2.3
2023, 3, 29, 19.8, 9.9, 1.7, 60.3, 1.5, 10.9, 0.0, 0.0, 0.6
2023, 3, 30, 20.6, 11.2, 2.6, 50.1, 1.5, 10.8, 0.0, 0.0, 1.4
2023, 3, 31, 21.8, 11.8, 3.4, 52.1, 1.6, 11.3, 0.0, 0.0, 0.0
2023, 4, 1, 25.3, 14.7, 4.8, 47.9, 1.4, 10.9, 0.0, 0.0, 0.5
2023, 4, 2, 23.7, 17.1, 8.9, 31.0, 2.6, 11.3, 0.0, 0.0, 0.0
2023, 4, 3, 24.6, 17.4, 7.4, 29.1, 2.4, 10.9, 0.0, 0.0, 2.9
2023, 4, 4, 22.5, 17.1, 12.4, 41.1, 2.9, 2.8, 9.5, 0.0, 9.3
2023, 4, 5, 15.1, 11.9, 8.5, 93.9, 3.4, 0.0, 35.7, 0.0, 9.9
2023, 4, 6, 9.5, 8.3, 6.5, 92.5, 2.3, 0.0, 3.6, 0.0, 9.1
2023, 4, 7, 0.0, 0.0, 0.0, 63.4, 2.7, 11.3, 0.0, 0.0, 0.8
2023, 4, 8, 13.9, 7.6, 1.5, 57.9, 2.6, 11.7, 0.0, 0.0, 0.5
2023, 4, 9, 18.0, 9.8, 2.1, 59.1, 2.0, 11.7, 0.0, 0.0, 0.0
2023, 4, 10, 19.2, 12.4, 4.1, 49.5, 2.3, 10.7, 0.0, 0.0, 1.0
2023, 4, 11, 18.2, 12.7, 7.8, 72.4, 3.2, 0.0, 0.0, 0.0, 6.0
2023, 4, 12, 15.2, 8.9, 2.3, 54.4, 2.2, 11.1, 0.0, 0.0, 0.0
2023, 4, 13, 18.4, 11.3, 3.7, 44.6, 1.2, 4.5, 0.0, 0.0, 5.8
2023, 4, 14, 22.8, 15.3, 9.2, 56.6, 1.4, 6.4, 0.0, 0.0, 7.6
2023, 4, 15, 16.3, 11.8, 7.4, 87.0, 1.7, 2.8, 2.0, 0.0, 8.1
2023, 4, 16, 16.2, 10.4, 6.5, 70.5, 2.0, 4.8, 0.0, 0.0, 5.8
2023, 4, 17, 19.2, 13.0, 5.1, 55.9, 1.7, 8.3, 0.0, 0.0, 5.5
2023, 4, 18, 17.7, 14.3, 10.9, 74.3, 2.2, 1.9, 1.0, 0.0, 8.9
2023, 4, 19, 28.2, 18.3, 11.4, 65.8, 2.3, 12.3, 0.0, 0.0, 2.1
2023, 4, 20, 19.9, 15.7, 12.3, 88.8, 2.2, 0.2, 0.0, 0.0, 8.6
2023, 4, 21, 22.8, 16.8, 11.9, 50.3, 2.5, 6.5, 0.0, 0.0, 4.4
2023, 4, 22, 21.4, 16.7, 12.7, 20.4, 2.0, 5.5, 0.0, 0.0, 7.4
2023, 4, 23, 21.1, 15.0, 9.4, 41.8, 1.6, 2.5, 0.0, 0.0, 8.3
2023, 4, 24, 20.6, 14.4, 9.5, 44.8, 2.4, 6.9, 0.0, 0.0, 5.0
2023, 4, 25, 12.5, 10.2, 7.1, 68.1, 1.8, 0.0, 0.1, 0.0, 8.8
2023, 4, 26, 11.9, 9.0, 5.5, 71.4, 2.8, 3.2, 0.0, 0.0, 4.8
2023, 4, 27, 20.0, 11.5, 3.3, 67.9, 1.5, 12.2, 0.0, 0.0, 0.6
2023, 4, 28, 21.7, 14.9, 6.0, 64.8, 1.7, 8.3, 1.3, 0.0, 5.6
2023, 4, 29, 15.4, 12.6, 9.3, 87.3, 2.7, 0.5, 14.2, 0.0, 9.9
2023, 4, 30, 18.7, 12.8, 7.1, 68.9, 3.0, 9.7, 0.0, 0.0, 5.4
2023, 5, 1, 20.1, 13.7, 8.9, 60.9, 1.9, 11.2, 0.0, 0.0, 2.5
2023, 5, 2, 24.1, 15.9, 6.3, 47.4, 1.4, 9.5, 0.0, 0.0, 6.5
2023, 5, 3, 25.8, 18.4, 9.8, 54.4, 2.0, 10.9, 0.0, 0.0, 4.1
2023, 5, 4, 26.7, 20.4, 13.8, 65.8, 2.1, 3.9, 0.0, 0.0, 7.5
2023, 5, 5, 20.9, 19.3, 17.9, 91.3, 2.8, 0.0, 9.4, 0.0, 10.0
2023, 5, 6, 19.1, 12.9, 12.0, 85.3, 2.9, 0.3, 46.8, 0.0, 9.5
2023, 5, 7, 16.8, 12.4, 7.6, 60.9, 1.7, 0.7, 1.7, 0.0, 7.3
2023, 5, 8, 20.7, 13.1, 5.1, 60.0, 1.9, 12.8, 0.0, 0.0, 2.9
2023, 5, 9, 22.6, 14.8, 6.7, 62.8, 1.7, 12.7, 0.0, 0.0, 2.4
2023, 5, 10, 25.3, 16.2, 8.0, 61.1, 1.5, 12.1, 0.0, 0.0, 3.4
2023, 5, 11, 26.0, 17.5, 8.9, 51.8, 1.7, 12.8, 0.0, 0.0, 2.6
2023, 5, 12, 24.3, 16.8, 10.5, 57.3, 1.4, 7.3, 0.0, 0.0, 5.9
2023, 5, 13, 23.0, 16.7, 10.8, 67.5, 1.8, 9.5, 0.0, 0.0, 4.1
2023, 5, 14, 23.1, 16.9, 10.5, 62.1, 1.7, 11.9, 0.0, 0.0, 0.6
2023, 5, 15, 27.4, 19.4, 11.1, 58.6, 1.7, 12.6, 0.0, 0.0, 1.3
2023, 5, 16, 30.4, 22.1, 14.8, 55.9, 2.0, 12.0, 0.0, 0.0, 2.1
2023, 5, 17, 28.2, 22.1, 14.6, 65.9, 2.8, 11.8, 0.0, 0.0, 3.9
2023, 5, 18, 24.7, 20.5, 18.0, 70.3, 2.1, 0.8, 1.1, 0.0, 8.1
2023, 5, 19, 25.9, 20.9, 15.4, 63.5, 1.7, 8.1, 0.0, 0.0, 3.0
2023, 5, 20, 26.2, 20.0, 15.6, 70.4, 2.5, 10.7, 0.0, 0.0, 3.9
2023, 5, 21, 20.8, 17.0, 15.1, 76.5, 2.4, 4.6, 0.0, 0.0, 8.1
2023, 5, 22, 25.0, 18.6, 14.5, 65.5, 1.6, 5.8, 0.0, 0.0, 5.6
2023, 5, 23, 25.3, 18.5, 12.4, 60.8, 1.7, 12.1, 0.0, 0.0, 0.5
2023, 5, 24, 25.5, 18.9, 11.8, 55.4, 1.4, 5.3, 0.0, 0.0, 6.5
2023, 5, 25, 26.2, 20.2, 14.4, 49.8, 1.9, 10.9, 0.0, 0.0, 4.8
2023, 5, 26, 26.2, 20.6, 15.8, 56.1, 2.0, 10.7, 0.0, 0.0, 7.6
2023, 5, 27, 20.2, 18.9, 17.4, 90.0, 1.4, 0.0, 14.2, 0.0, 9.9
2023, 5, 28, 20.1, 19.1, 17.6, 97.6, 1.3, 0.0, 40.4, 0.0, 10.0
2023, 5, 29, 26.6, 21.8, 19.1, 86.6, 1.0, 2.3, 6.7, 0.0, 6.1
2023, 5, 30, 27.6, 22.4, 18.7, 79.1, 1.7, 3.2, 0.0, 0.0, 7.3
2023, 5, 31, 27.5, 21.8, 18.2, 61.5, 2.5, 8.7, 0.0, 0.0, 5.8
2023, 6, 1, 26.0, 21.7, 17.8, 71.6, 1.5, 1.3, 0.0, 0.0, 8.8
2023, 6, 2, 23.9, 18.8, 15.6, 82.8, 2.0, 5.2, 0.0, 0.0, 3.9
2023, 6, 3, 26.9, 20.3, 13.9, 62.9, 2.2, 13.0, 0.0, 0.0, 2.0
2023, 6, 4, 26.9, 20.6, 14.2, 65.9, 1.8, 10.7, 0.0, 0.0, 4.6
2023, 6, 5, 24.8, 20.0, 15.8, 71.0, 2.4, 10.7, 0.0, 0.0, 4.9
2023, 6, 6, 24.7, 19.5, 14.6, 73.0, 2.0, 10.7, 0.0, 0.0, 4.8
2023, 6, 7, 25.6, 21.0, 18.3, 73.8, 2.1, 1.5, 0.0, 0.0, 9.3
2023, 6, 8, 24.0, 20.2, 16.8, 79.0, 2.0, 0.9, 0.0, 0.0, 9.1
2023, 6, 9, 28.1, 22.7, 18.1, 65.4, 1.8, 10.7, 2.8, 0.0, 4.9
2023, 6, 10, 28.1, 23.1, 19.5, 65.9, 2.1, 6.8, 0.0, 0.0, 6.6
2023, 6, 11, 27.9, 22.2, 18.3, 71.8, 2.2, 8.8, 0.0, 0.0, 4.6
2023, 6, 12, 27.2, 21.1, 16.2, 74.5, 1.5, 8.2, 0.0, 0.0, 6.3
2023, 6, 13, 26.0, 21.1, 17.8, 71.8, 2.1, 12.9, 0.0, 0.0, 2.9
2023, 6, 14, 26.5, 20.8, 17.2, 74.3, 2.0, 9.2, 0.0, 0.0, 2.5
2023, 6, 15, 26.7, 21.1, 16.1, 75.0, 1.8, 8.8, 1.1, 0.0, 2.0
2023, 6, 16, 28.4, 22.1, 16.9, 69.4, 1.8, 12.6, 0.0, 0.0, 0.5
2023, 6, 17, 29.7, 22.6, 16.2, 63.5, 1.7, 10.8, 0.0, 0.0, 5.3
2023, 6, 18, 31.0, 23.7, 18.8, 68.1, 1.7, 13.1, 0.0, 0.0, 3.4
2023, 6, 19, 33.6, 26.3, 19.3, 61.5, 1.8, 10.9, 0.0, 0.0, 4.0
2023, 6, 20, 25.7, 23.4, 19.3, 62.8, 2.0, 0.0, 18.5, 0.0, 8.8
2023, 6, 21, 23.5, 20.2, 18.3, 92.8, 2.3, 0.1, 17.0, 0.0, 9.1
2023, 6, 22, 25.8, 21.9, 18.6, 80.1, 2.3, 7.3, 0.2, 0.0, 5.6
2023, 6, 23, 28.7, 23.7, 19.0, 78.3, 1.4, 6.3, 0.0, 0.0, 4.9
2023, 6, 24, 30.7, 24.9, 20.2, 73.9, 1.7, 11.0, 0.0, 0.0, 0.9
2023, 6, 25, 31.9, 26.9, 20.6, 63.0, 2.0, 8.1, 0.0, 0.0, 5.9
2023, 6, 26, 26.4, 24.0, 21.2, 86.0, 3.0, 0.0, 31.3, 0.0, 10.0
2023, 6, 27, 29.8, 25.0, 21.2, 75.4, 2.6, 6.9, 0.8, 0.0, 5.3
2023, 6, 28, 29.3, 25.4, 22.6, 78.3, 2.2, 6.0, 0.0, 0.0, 7.4
2023, 6, 29, 25.1, 23.9, 22.7, 94.4, 2.4, 0.0, 58.6, 0.0, 10.0
2023, 6, 30, 29.2, 25.1, 22.7, 86.6, 1.4, 2.2, 1.2, 0.0, 6.6
2023, 7, 1, 31.2, 26.1, 21.2, 81.1, 1.7, 11.6, 0.0, 0.0, 2.1
2023, 7, 2, 30.5, 25.3, 21.2, 82.9, 1.5, 5.6, 0.0, 0.0, 6.6
2023, 7, 3, 34.0, 27.7, 22.1, 74.8, 1.6, 10.2, 0.0, 0.0, 5.8
2023, 7, 4, 28.3, 25.0, 23.6, 88.9, 2.7, 0.0, 22.5, 0.0, 9.5
2023, 7, 5, 26.6, 23.6, 21.6, 83.8, 3.4, 4.0, 22.0, 0.0, 5.5
2023, 7, 6, 31.7, 26.3, 21.1, 72.1, 2.5, 10.2, 0.0, 0.0, 6.3
2023, 7, 7, 30.6, 25.0, 22.1, 71.6, 2.9, 5.8, 0.0, 0.0, 6.9
2023, 7, 8, 29.5, 24.5, 20.5, 84.5, 2.1, 2.2, 1.3, 0.0, 8.4
2023, 7, 9, 28.4, 25.0, 21.8, 86.3, 2.0, 1.6, 31.2, 0.0, 8.6
2023, 7, 10, 30.9, 26.3, 22.3, 80.8, 2.0, 7.1, 21.2, 0.0, 7.3
2023, 7, 11, 25.7, 23.7, 21.9, 89.8, 1.5, 0.0, 49.6, 0.0, 10.0
2023, 7, 12, 29.8, 25.9, 23.2, 85.9, 1.4, 3.1, 0.2, 0.0, 9.1
2023, 7, 13, 25.9, 24.8, 24.0, 94.6, 2.0, 0.0, 64.5, 0.0, 10.0
2023, 7, 14, 25.1, 24.4, 23.9, 96.8, 3.3, 0.0, 80.8, 0.0, 10.0
2023, 7, 15, 25.8, 24.1, 23.1, 92.9, 2.3, 0.0, 9.6, 0.0, 10.0
2023, 7, 16, 26.4, 24.3, 22.8, 88.0, 1.7, 0.0, 0.2, 0.0, 9.4
2023, 7, 17, 27.5, 24.8, 23.1, 89.8, 1.2, 0.7, 7.8, 0.0, 9.4
2023, 7, 18, 26.4, 24.0, 22.3, 92.5, 1.4, 1.5, 60.7, 0.0, 7.4
2023, 7, 19, 31.4, 25.7, 20.9, 80.9, 1.4, 10.9, 0.0, 0.0, 1.1
2023, 7, 20, 31.7, 26.1, 21.5, 78.3, 1.4, 11.1, 0.0, 0.0, 2.5
2023, 7, 21, 34.2, 28.1, 21.4, 70.4, 1.2, 11.5, 0.0, 0.0, 1.5
2023, 7, 22, 31.6, 26.1, 23.4, 79.0, 3.4, 6.2, 11.5, 0.0, 6.0
2023, 7, 23, 25.1, 24.5, 23.8, 94.4, 2.3, 0.0, 86.3, 0.0, 10.0
2023, 7, 24, 29.9, 26.1, 23.6, 85.8, 1.5, 4.8, 0.1, 0.0, 8.5
2023, 7, 25, 30.1, 26.8, 24.4, 83.6, 2.0, 5.5, 1.4, 0.0, 8.4
2023, 7, 26, 30.9, 27.0, 24.4, 82.6, 2.1, 5.4, 19.6, 0.0, 7.1
2023, 7, 27, 32.6, 27.7, 23.4, 79.6, 1.5, 9.5, 0.0, 0.0, 4.1
2023, 7, 28, 33.9, 28.8, 24.5, 74.3, 1.8, 11.7, 0.0, 0.0, 2.0
2023, 7, 29, 33.4, 29.1, 24.6, 71.3, 1.6, 11.0, 0.0, 0.0, 2.6
2023, 7, 30, 34.4, 28.1, 24.1, 75.6, 1.6, 7.4, 0.0, 0.0, 5.4
2023, 7, 31, 32.6, 27.9, 24.3, 78.4, 1.5, 6.2, 0.0, 0.0, 6.8
2023, 8, 1, 34.4, 29.2, 24.8, 73.3, 1.5, 12.0, 0.0, 0.0, 5.0
2023, 8, 2, 33.4, 28.3, 24.7, 74.6, 1.6, 11.0, 0.0, 0.0, 4.1
2023, 8, 3, 33.5, 28.3, 23.5, 70.4, 1.6, 12.0, 0.0, 0.0, 4.1
2023, 8, 4, 33.9, 29.2, 25.4, 70.3, 1.5, 11.0, 0.0, 0.0, 3.3
2023, 8, 5, 34.1, 29.1, 25.0, 72.3, 1.6, 11.4, 0.0, 0.0, 3.5
2023, 8, 6, 34.5, 28.5, 25.0, 78.8, 1.5, 7.2, 0.4, 0.0, 6.1
2023, 8, 7, 34.9, 30.2, 26.2, 70.1, 2.2, 7.6, 0.0, 0.0, 4.3
2023, 8, 8, 34.8, 30.9, 26.5, 61.0, 2.8, 10.5, 0.0, 0.0, 3.1
2023, 8, 9, 31.9, 28.6, 24.1, 67.1, 2.6, 4.3, 0.6, 0.0, 7.1
2023, 8, 10, 24.3, 21.9, 20.8, 93.3, 2.9, 0.0, 91.6, 0.0, 9.9
2023, 8, 11, 26.6, 24.3, 21.6, 89.3, 2.8, 0.0, 30.3, 0.0, 10.0
2023, 8, 12, 26.3, 23.7, 21.5, 85.6, 2.3, 2.3, 0.6, 0.0, 7.3
2023, 8, 13, 31.7, 27.1, 22.6, 75.8, 1.4, 4.6, 0.0, 0.0, 7.4
2023, 8, 14, 32.6, 27.6, 23.6, 77.9, 1.4, 8.2, 0.0, 0.0, 3.6
2023, 8, 15, 32.0, 27.6, 24.3, 76.0, 1.8, 8.9, 0.0, 0.0, 5.8
2023, 8, 16, 31.6, 27.0, 24.1, 75.8, 1.9, 9.8, 0.0, 0.0, 3.9
2023, 8, 17, 32.4, 27.1, 22.4, 74.9, 1.5, 10.4, 0.0, 0.0, 3.9
2023, 8, 18, 32.9, 28.0, 24.1, 73.3, 1.6, 10.8, 0.0, 0.0, 3.5
2023, 8, 19, 32.9, 27.7, 24.3, 71.9, 1.6, 11.0, 0.0, 0.0, 2.5
2023, 8, 20, 32.4, 27.5, 24.1, 74.9, 1.3, 6.1, 0.0, 0.0, 6.1
2023, 8, 21, 33.5, 28.9, 24.8, 72.1, 2.1, 6.2, 0.0, 0.0, 6.8
2023, 8, 22, 32.2, 28.0, 25.5, 76.3, 3.0, 2.8, 0.3, 0.0, 8.0
2023, 8, 23, 27.7, 24.7, 22.6, 91.5, 2.1, 0.1, 23.8, 0.0, 9.6
2023, 8, 24, 29.0, 25.8, 22.7, 84.6, 2.1, 1.4, 2.7, 0.0, 9.5
2023, 8, 25, 28.9, 25.8, 23.1, 81.1, 2.4, 9.0, 0.0, 0.0, 3.6
2023, 8, 26, 29.7, 25.1, 21.7, 79.1, 1.4, 7.7, 0.0, 0.0, 5.5
2023, 8, 27, 29.5, 25.8, 21.5, 77.3, 1.2, 1.7, 0.4, 0.0, 9.0
2023, 8, 28, 25.8, 23.8, 20.6, 82.6, 2.5, 0.0, 25.2, 0.0, 10.0
2023, 8, 29, 26.9, 23.7, 21.6, 90.1, 2.2, 0.0, 20.1, 0.0, 9.9
2023, 8, 30, 25.1, 21.8, 20.5, 90.8, 1.0, 0.2, 4.7, 0.0, 9.8
2023, 8, 31, 28.2, 22.7, 19.9, 82.4, 1.2, 5.9, 0.0, 0.0, 7.3
2023, 9, 1, 29.7, 23.7, 18.3, 72.8, 1.4, 12.2, 0.0, 0.0, 0.3
2023, 9, 2, 31.3, 24.8, 18.4, 69.0, 1.0, 11.1, 0.0, 0.0, 5.0
2023, 9, 3, 29.7, 25.7, 22.6, 82.6, 1.5, 2.8, 5.8, 0.0, 8.3
2023, 9, 4, 30.2, 26.8, 23.7, 81.5, 1.3, 0.8, 4.0, 0.0, 9.0
2023, 9, 5, 32.5, 27.1, 22.8, 71.3, 1.6, 8.0, 0.0, 0.0, 4.8
2023, 9, 6, 31.7, 27.0, 22.0, 67.1, 1.5, 7.8, 0.0, 0.0, 1.5
2023, 9, 7, 31.2, 25.8, 19.9, 53.6, 1.9, 12.0, 0.0, 0.0, 0.0
2023, 9, 8, 30.6, 24.1, 18.3, 63.8, 1.4, 11.9, 0.0, 0.0, 0.0
2023, 9, 9, 31.1, 24.7, 20.1, 71.6, 1.4, 10.4, 0.0, 0.0, 2.6
2023, 9, 10, 30.4, 24.5, 20.0, 72.6, 1.4, 8.7, 0.0, 0.0, 6.0
2023, 9, 11, 30.0, 24.6, 21.5, 72.1, 1.3, 7.8, 0.0, 0.0, 6.4
2023, 9, 12, 30.2, 24.8, 20.1, 72.3, 1.1, 9.7, 0.0, 0.0, 7.5
2023, 9, 13, 24.3, 21.4, 19.5, 89.1, 1.2, 0.0, 34.9, 0.0, 10.0
2023, 9, 14, 26.1, 23.0, 19.1, 75.5, 1.9, 1.6, 0.2, 0.0, 8.9
2023, 9, 15, 23.4, 22.1, 20.4, 85.8, 2.1, 0.0, 5.6, 0.0, 10.0
2023, 9, 16, 26.7, 23.8, 21.8, 89.8, 1.0, 0.1, 3.6, 0.0, 9.9
2023, 9, 17, 29.1, 24.7, 22.1, 83.1, 1.4, 6.4, 0.0, 0.0, 7.3
2023, 9, 18, 29.3, 24.2, 20.8, 82.5, 1.6, 6.6, 0.0, 0.0, 3.6
2023, 9, 19, 28.1, 23.3, 20.3, 84.9, 1.3, 2.2, 0.0, 0.0, 8.1
2023, 9, 20, 22.5, 20.7, 18.8, 89.8, 1.8, 0.0, 36.6, 0.0, 9.9
2023, 9, 21, 22.4, 19.7, 15.8, 70.3, 1.6, 1.2, 0.0, 0.0, 7.8
2023, 9, 22, 26.2, 19.7, 13.9, 73.5, 1.2, 10.9, 0.0, 0.0, 2.1
2023, 9, 23, 25.7, 21.3, 16.1, 66.1, 1.9, 9.7, 0.0, 0.0, 5.1
2023, 9, 24, 24.9, 21.2, 15.9, 58.0, 2.7, 8.7, 0.0, 0.0, 5.9
2023, 9, 25, 25.8, 21.6, 18.8, 66.8, 1.9, 2.0, 0.1, 0.0, 9.3
2023, 9, 26, 21.2, 20.1, 18.8, 96.9, 1.9, 0.0, 34.7, 0.0, 10.0
2023, 9, 27, 23.4, 21.1, 20.0, 92.5, 1.7, 0.2, 8.5, 0.0, 9.4
2023, 9, 28, 26.5, 21.8, 18.5, 82.1, 1.6, 7.8, 0.0, 0.0, 2.3
2023, 9, 29, 26.3, 20.5, 17.9, 76.8, 1.1, 5.6, 0.0, 0.0, 7.6
2023, 9, 30, 23.0, 18.7, 16.3, 80.0, 2.0, 2.8, 1.6, 0.0, 5.1
2023, 10, 1, 23.4, 17.1, 12.0, 69.0, 2.0, 11.1, 0.0, 0.0, 0.0
2023, 10, 2, 24.4, 16.9, 10.1, 62.6, 1.3, 10.1, 0.0, 0.0, 2.4
2023, 10, 3, 23.0, 16.8, 11.6, 70.8, 1.4, 4.0, 0.0, 0.0, 4.5
2023, 10, 4, 23.9, 17.6, 12.3, 73.9, 1.8, 6.4, 2.2, 0.0, 6.1
2023, 10, 5, 19.3, 14.5, 11.4, 41.4, 2.9, 11.0, 0.0, 0.0, 2.0
2023, 10, 6, 20.8, 14.3, 8.2, 63.3, 1.2, 9.0, 0.0, 0.0, 6.3
2023, 10, 7, 20.7, 16.1, 10.3, 66.6, 1.7, 2.8, 0.0, 0.0, 8.4
2023, 10, 8, 20.1, 17.3, 13.9, 68.1, 1.8, 0.0, 0.0, 0.0, 8.8
2023, 10, 9, 23.2, 17.4, 13.0, 68.6, 1.8, 6.1, 1.5, 0.0, 5.3
2023, 10, 10, 23.3, 16.0, 11.0, 78.1, 1.3, 10.5, 0.0, 0.0, 0.3
2023, 10, 11, 23.8, 16.6, 11.7, 64.8, 1.4, 10.2, 0.0, 0.0, 1.5
2023, 10, 12, 24.0, 16.6, 10.0, 69.6, 1.0, 9.1, 0.0, 0.0, 3.6
2023, 10, 13, 22.2, 16.8, 13.1, 71.4, 1.0, 3.9, 0.0, 0.0, 7.6
2023, 10, 14, 18.3, 14.2, 11.6, 89.0, 1.1, 2.3, 5.6, 0.0, 5.3
2023, 10, 15, 21.0, 15.3, 10.2, 83.8, 1.5, 6.2, 0.0, 0.0, 4.4
2023, 10, 16, 19.0, 13.7, 7.8, 64.4, 1.9, 10.3, 0.0, 0.0, 0.0
2023, 10, 17, 20.7, 12.4, 5.0, 66.4, 1.3, 10.4, 0.0, 0.0, 0.0
2023, 10, 18, 21.5, 14.7, 7.2, 75.4, 1.5, 7.4, 0.0, 0.0, 5.1
2023, 10, 19, 17.0, 15.4, 13.9, 90.0, 1.4, 0.0, 24.1, 0.0, 9.6
2023, 10, 20, 15.5, 11.9, 7.4, 48.6, 3.4, 9.5, 0.0, 0.0, 2.1
2023, 10, 21, 16.8, 9.6, 3.8, 61.6, 2.1, 8.3, 2.4, 0.0, 2.0
2023, 10, 22, 18.5, 11.3, 3.0, 74.0, 1.4, 8.1, 0.0, 0.0, 3.6
2023, 10, 23, 20.7, 14.0, 9.5, 79.3, 1.1, 7.7, 0.0, 0.0, 1.6
2023, 10, 24, 18.9, 13.7, 9.3, 85.8, 0.8, 1.7, 0.0, 0.0, 4.6
2023, 10, 25, 21.8, 14.9, 9.1, 83.1, 0.8, 7.2, 0.0, 0.0, 3.3
2023, 10, 26, 21.9, 17.4, 12.9, 82.5, 1.9, 3.0, 0.0, 0.0, 8.1
2023, 10, 27, 20.3, 14.7, 10.8, 71.4, 1.5, 4.5, 0.0, 0.0, 4.5
2023, 10, 28, 20.8, 13.2, 7.9, 73.3, 1.0, 9.8, 0.0, 0.0, 0.0
2023, 10, 29, 21.8, 13.5, 7.2, 69.4, 1.2, 9.9, 0.0, 0.0, 0.0
2023, 10, 30, 21.6, 13.6, 7.8, 78.6, 1.0, 9.3, 0.0, 0.0, 2.4
2023, 10, 31, 20.5, 15.0, 9.7, 81.5, 1.4, 6.6, 0.0, 0.0, 7.1
2023, 11, 1, 21.0, 17.9, 14.4, 82.6, 2.2, 0.1, 0.0, 0.0, 9.0
2023, 11, 2, 26.2, 19.5, 15.3, 73.3, 2.3, 9.4, 0.0, 0.0, 2.4
2023, 11, 3, 23.1, 18.7, 15.2, 83.6, 2.2, 2.3, 2.0, 0.0, 8.5
2023, 11, 4, 21.0, 18.1, 14.4, 80.1, 1.8, 0.6, 0.0, 0.0, 7.5
2023, 11, 5, 21.2, 18.2, 15.2, 82.0, 3.2, 0.0, 22.1, 0.0, 8.9
2023, 11, 6, 19.4, 14.0, 7.6, 79.0, 5.3, 2.0, 54.5, 0.0, 8.4
2023, 11, 7, 9.2, 5.9, 2.2, 65.8, 3.2, 9.9, 2.2, 0.0, 1.8
2023, 11, 8, 16.2, 7.7, 0.8, 64.3, 1.1, 9.0, 0.0, 0.0, 3.1
2023, 11, 9, 19.0, 11.8, 4.4, 73.0, 1.9, 2.1, 0.0, 0.0, 6.5
2023, 11, 10, 10.6, 3.9, 0.0, 47.3, 3.6, 9.6, 0.0, 0.0, 0.4
2023, 11, 11, 7.1, 1.9, -1.7, 49.4, 1.7, 6.5, 0.0, 0.0, 3.0
2023, 11, 12, 5.7, 1.6, -1.9, 56.0, 2.2, 9.1, 0.0, 0.0, 1.3
2023, 11, 13, 7.5, 1.9, -2.5, 57.4, 1.7, 9.7, 0.0, 0.0, 0.0
2023, 11, 14, 10.8, 4.2, -2.0, 72.8, 1.2, 8.1, 0.0, 0.0, 3.5
2023, 11, 15, 11.5, 6.1, 0.7, 77.3, 0.9, 4.3, 0.0, 0.0, 4.3
2023, 11, 16, 7.3, 6.0, 4.3, 88.3, 1.1, 0.0, 11.0, 0.0, 8.4
2023, 11, 17, 6.8, 1.7, -1.4, 69.9, 2.5, 5.5, 3.7, 0.1, 3.9
2023, 11, 18, 6.0, 1.0, -3.1, 60.8, 3.3, 8.8, 0.0, 0.0, 0.0
2023, 11, 19, 14.4, 6.3, -1.4, 71.8, 2.2, 4.8, 0.0, 0.0, 3.4
2023, 11, 20, 12.7, 5.1, -0.5, 66.6, 1.1, 9.5, 0.0, 0.0, 0.0
2023, 11, 21, 14.8, 5.8, -0.9, 68.8, 0.9, 9.5, 0.0, 0.0, 0.0
2023, 11, 22, 13.5, 8.1, 0.6, 75.8, 1.1, 6.1, 0.0, 0.0, 4.1
2023, 11, 23, 14.6, 10.1, 3.5, 73.3, 2.9, 6.2, 0.0, 0.0, 5.0
2023, 11, 24, 3.5, -0.4, -3.6, 51.4, 3.6, 9.3, 0.0, 0.0, 0.1
2023, 11, 25, 4.1, -1.4, -5.9, 47.6, 1.4, 9.3, 0.0, 0.0, 1.8
2023, 11, 26, 7.1, 3.7, -1.1, 46.3, 1.1, 2.6, 0.0, 0.0, 9.3
2023, 11, 27, 9.6, 6.5, 4.0, 80.0, 1.9, 0.9, 3.3, 0.0, 8.9
2023, 11, 28, 6.7, 1.8, -1.0, 59.1, 2.6, 6.8, 0.0, 0.0, 2.9
2023, 11, 29, 4.6, -0.2, -3.3, 60.4, 2.2, 4.1, 0.2, 0.0, 4.1
2023, 11, 30, 0.3, -3.5, -6.5, 50.4, 2.9, 9.2, 0.0, 0.0, 0.0
2023, 12, 1, 1.4, -2.9, -7.4, 57.1, 1.7, 9.2, 0.0, 0.0, 1.3
2023, 12, 2, 8.3, 2.3, -4.2, 62.6, 2.1, 3.3, 0.0, 0.0, 5.4
2023, 12, 3, 6.7, 0.2, -3.8, 58.4, 1.3, 9.3, 0.0, 0.0, 0.0
2023, 12, 4, 8.4, 1.9, -5.2, 65.6, 0.9, 8.1, 0.0, 0.0, 1.8
2023, 12, 5, 11.9, 5.7, 1.5, 57.1, 1.5, 7.3, 0.0, 0.0, 3.4
2023, 12, 6, 9.7, 5.8, 0.5, 79.1, 1.2, 0.0, 1.7, 0.0, 6.0
2023, 12, 7, 11.7, 6.3, -0.4, 61.0, 1.9, 7.5, 0.0, 0.0, 1.5
2023, 12, 8, 17.6, 11.3, 4.8, 69.1, 2.8, 6.8, 0.0, 0.0, 0.8
2023, 12, 9, 17.1, 11.8, 8.2, 88.3, 1.1, 2.6, 0.0, 0.0, 6.6
2023, 12, 10, 16.8, 12.2, 7.1, 73.4, 1.2, 5.4, 0.0, 0.0, 7.5
2023, 12, 11, 13.0, 9.9, 5.7, 81.6, 2.4, 0.0, 13.6, 0.0, 9.8
2023, 12, 12, 9.9, 5.7, 2.0, 73.8, 1.7, 3.3, 0.1, 0.0, 4.8
2023, 12, 13, 11.2, 7.1, 0.4, 72.8, 1.6, 0.9, 0.0, 0.0, 7.5
2023, 12, 14, 9.8, 9.1, 8.2, 80.0, 2.6, 0.0, 17.5, 0.0, 9.9
2023, 12, 15, 8.5, 5.8, 4.1, 95.1, 2.1, 0.0, 30.7, 0.0, 9.9
2023, 12, 16, 4.3, -3.4, -9.0, 73.5, 4.8, 0.4, 5.6, 6.5, 6.6
2023, 12, 17, -5.7, -9.0, -11.3, 49.5, 3.1, 9.1, 0.0, 1.0, 0.0
2023, 12, 18, -3.7, -6.9, -12.3, 50.8, 1.4, 3.3, 0.0, 0.8, 8.1
2023, 12, 19, 0.4, -3.0, -7.6, 57.8, 1.2, 1.6, 0.0, 0.8, 8.4
2023, 12, 20, -2.5, -7.1, -11.1, 64.8, 3.0, 5.7, 1.7, 4.5, 3.1
2023, 12, 21, -7.5, -10.7, -13.1, 55.4, 2.9, 9.1, 0.0, 1.9, 0.0
2023, 12, 22, -6.9, -11.1, -13.7, 50.9, 2.3, 9.1, 0.0, 1.7, 0.0
2023, 12, 23, -0.8, -6.4, -13.3, 57.8, 1.1, 8.5, 0.0, 1.4, 4.0
2023, 12, 24, 2.9, -2.5, -5.9, 76.3, 1.0, 7.4, 0.8, 4.0, 3.1
2023, 12, 25, 3.1, -1.8, -5.4, 86.8, 1.1, 2.8, 2.0, 5.2, 6.0
2023, 12, 26, 6.5, 0.7, -5.4, 80.3, 1.3, 7.9, 0.0, 2.2, 5.1
2023, 12, 27, 7.1, 0.4, -4.1, 83.1, 0.8, 8.1, 0.0, 0.0, 0.6
2023, 12, 28, 5.5, 0.1, -4.2, 82.9, 1.0, 3.9, 0.0, 0.0, 3.6
2023, 12, 29, 4.9, 0.6, -2.8, 79.6, 0.8, 2.7, 0.0, 0.0, 5.9
2023, 12, 30, 2.5, 0.8, -2.3, 91.1, 1.7, 0.0, 8.4, 1.3, 9.8
2023, 12, 31, 4.7, 2.2, -1.2, 91.0, 1.8, 0.0, 1.4, 0.0, 6.8
2024, 1, 1, 6.5, 2.1, -2.2, 84.8, 0.9, 3.9, 0.0, 0.0, 5.8
2024, 1, 2, 4.8, 2.5, 0.4, 78.4, 1.1, 0.4, 0.0, 0.0, 9.0
2024, 1, 3, 3.8, 1.1, -0.8, 84.3, 1.0, 0.2, 1.9, 0.0, 6.1
2024, 1, 4, 5.5, 1.2, -4.7, 73.3, 1.5, 1.8, 0.0, 0.0, 6.4
2024, 1, 5, 9.3, 4.1, 0.0, 79.4, 1.7, 4.5, 0.0, 0.0, 3.3
2024, 1, 6, 5.0, 0.4, -3.6, 67.5, 1.6, 9.0, 0.6, 2.1, 1.8
2024, 1, 7, -1.0, -4.1, -7.5, 55.6, 3.0, 9.2, 0.0, 2.0, 0.0
2024, 1, 8, 0.0, -4.6, -10.4, 57.5, 1.2, 9.1, 0.0, 0.0, 3.8
2024, 1, 9, 0.5, -0.4, -2.5, 83.1, 0.9, 0.0, 3.0, 1.6, 9.3
2024, 1, 10, 2.0, -1.3, -3.6, 85.1, 1.3, 4.1, 0.0, 1.4, 0.0
2024, 1, 11, 4.0, 0.8, -2.9, 80.4, 1.5, 0.3, 0.0, 0.0, 8.6
2024, 1, 12, 5.3, 0.8, -2.5, 66.4, 1.5, 9.1, 0.0, 0.0, 0.0
2024, 1, 13, 6.3, -0.2, -5.2, 48.9, 1.0, 9.3, 0.0, 0.0, 0.0
2024, 1, 14, 3.1, -0.7, -4.5, 79.4, 1.7, 1.3, 2.5, 0.0, 5.3
2024, 1, 15, 1.9, -3.2, -6.2, 47.6, 2.2, 9.4, 0.0, 0.0, 0.0
2024, 1, 16, 3.2, -2.7, -8.2, 54.3, 1.0, 8.4, 0.0, 0.0, 3.5
2024, 1, 17, 2.6, 0.9, -4.5, 82.3, 0.9, 0.0, 10.4, 0.0, 9.6
2024, 1, 18, 8.8, 4.9, 1.0, 81.6, 1.4, 4.2, 1.2, 0.0, 7.8
2024, 1, 19, 9.5, 6.4, 4.8, 59.6, 3.5, 3.9, 0.0, 0.0, 8.0
2024, 1, 20, 5.7, 3.8, 1.8, 72.0, 3.2, 0.0, 1.4, 0.0, 9.4
2024, 1, 21, 4.8, 1.9, -2.0, 77.5, 2.0, 0.0, 0.0, 0.0, 8.8
2024, 1, 22, -2.0, -7.8, -11.2, 64.9, 4.3, 6.1, 0.2, 1.3, 5.9
2024, 1, 23, -8.0, -10.8, -13.1, 54.9, 3.7, 7.4, 0.0, 0.0, 1.3
2024, 1, 24, -3.5, -7.2, -11.3, 49.6, 3.7, 9.4, 0.0, 0.0, 0.0
2024, 1, 25, -0.6, -5.1, -9.4, 47.1, 1.8, 9.4, 0.0, 0.0, 0.0
2024, 1, 26, 3.8, -2.4, -8.4, 66.9, 1.2, 8.1, 0.0, 0.0, 0.6
2024, 1, 27, 4.7, -1.5, -6.7, 72.4, 1.3, 8.9, 0.0, 0.0, 1.3
2024, 1, 28, 3.9, -1.9, -6.2, 71.0, 1.3, 5.5, 0.0, 0.0, 2.6
2024, 1, 29, 4.7, -1.1, -6.2, 70.6, 1.2, 9.4, 0.0, 0.0, 1.5
2024, 1, 30, 7.7, 0.2, -5.8, 64.4, 0.9, 9.5, 0.0, 0.0, 2.4
2024, 1, 31, 11.5, 4.2, -1.7, 55.8, 1.3, 8.9, 0.0, 0.0, 2.4
2024, 2, 1, 6.7, 1.9, -0.5, 69.6, 1.5, 2.3, 0.0, 0.0, 6.3
2024, 2, 2, 5.9, 1.3, -2.2, 73.3, 1.1, 3.7, 0.0, 0.0, 6.5
2024, 2, 3, 8.2, 3.2, -3.3, 77.0, 1.3, 0.2, 0.6, 0.0, 8.9
2024, 2, 4, 10.9, 6.5, 1.5, 71.1, 1.6, 3.1, 0.0, 0.0, 8.9
2024, 2, 5, 7.6, 2.8, 0.6, 86.8, 2.9, 0.0, 4.7, 0.2, 10.0
2024, 2, 6, 3.7, 1.5, 0.4, 79.0, 1.6, 0.0, 0.0, 0.2, 9.1
2024, 2, 7, 2.9, 0.0, -2.4, 78.0, 1.5, 0.3, 0.0, 0.0, 6.4
2024, 2, 8, 5.6, -0.4, -4.8, 71.8, 1.2, 8.6, 0.0, 0.0, 2.0
2024, 2, 9, 5.8, 0.0, -4.1, 72.1, 1.8, 8.2, 0.0, 0.0, 2.5
2024, 2, 10, 7.0, 0.5, -3.7, 73.9, 1.6, 9.0, 0.0, 0.0, 0.3
2024, 2, 11, 6.0, 0.3, -5.0, 77.3, 1.6, 6.5, 0.0, 0.0, 1.8
2024, 2, 12, 10.6, 2.8, -3.7, 67.6, 1.4, 9.6, 0.0, 0.0, 0.0
2024, 2, 13, 14.1, 7.6, -0.1, 69.5, 1.9, 5.7, 0.0, 0.0, 2.5
2024, 2, 14, 18.0, 11.6, 7.5, 78.9, 1.4, 4.7, 0.0, 0.0, 7.5
2024, 2, 15, 10.4, 4.1, 0.1, 85.6, 2.5, 0.0, 6.4, 0.0, 7.9
2024, 2, 16, 7.7, 1.3, -3.3, 72.6, 1.3, 8.6, 0.0, 0.0, 1.6
2024, 2, 17, 11.8, 3.2, -3.3, 79.5, 1.0, 6.7, 0.0, 0.0, 1.5
2024, 2, 18, 10.0, 5.9, -1.1, 82.9, 2.0, 0.9, 17.8, 0.0, 7.3
2024, 2, 19, 11.8, 8.3, 4.1, 96.3, 1.8, 0.0, 10.9, 0.0, 9.8
2024, 2, 20, 7.6, 5.0, 2.9, 86.4, 2.2, 0.0, 2.2, 0.0, 9.6
2024, 2, 21, 4.9, 2.9, 0.8, 90.9, 2.9, 0.0, 21.5, 0.3, 10.0
2024, 2, 22, 2.0, 0.8, -0.1, 84.0, 2.4, 0.0, 7.9, 5.9, 9.8
2024, 2, 23, 6.2, 2.5, -0.3, 65.4, 2.9, 5.0, 0.0, 3.8, 7.8
2024, 2, 24, 6.0, 2.2, -0.1, 67.0, 3.9, 2.9, 1.3, 0.0, 8.4
2024, 2, 25, 6.2, 2.6, -0.1, 83.1, 1.5, 1.0, 1.5, 0.0, 6.8
2024, 2, 26, 9.5, 3.0, -2.3, 73.1, 1.3, 8.1, 0.0, 0.0, 2.8
2024, 2, 27, 9.2, 5.4, 0.5, 50.6, 2.5, 6.9, 0.0, 0.0, 8.0
2024, 2, 28, 10.0, 5.9, 3.6, 61.5, 1.6, 2.3, 0.0, 0.0, 8.4
2024, 2, 29, 9.5, 4.6, 0.9, 65.8, 1.8, 0.1, 0.0, 0.0, 8.0
2024, 3, 1, 0.9, -3.3, -6.5, 37.6, 4.6, 10.3, 0.0, 0.0, 0.1
2024, 3, 2, 4.4, -0.7, -8.5, 57.0, 2.9, 6.5, 0.0, 0.0, 4.4
2024, 3, 3, 9.3, 3.9, -0.7, 78.3, 2.0, 5.9, 0.0, 0.0, 2.1
2024, 3, 4, 11.2, 5.1, -2.3, 59.4, 1.3, 8.3, 0.0, 0.0, 4.5
2024, 3, 5, 10.7, 8.3, 6.1, 48.6, 2.2, 0.0, 0.0, 0.0, 9.0
2024, 3, 6, 11.2, 6.3, 2.7, 59.8, 1.7, 3.1, 0.0, 0.0, 5.0
2024, 3, 7, 7.9, 4.3, 1.7, 58.0, 3.0, 5.3, 0.0, 0.0, 4.6
2024, 3, 8, 6.3, 2.4, -1.0, 49.3, 3.4, 10.7, 0.0, 0.0, 1.1
2024, 3, 9, 6.4, 1.3, -3.7, 50.9, 2.0, 11.0, 0.0, 0.0, 0.0
2024, 3, 10, 10.8, 3.1, -4.2, 60.4, 1.5, 11.0, 0.0, 0.0, 1.1
2024, 3, 11, 11.2, 5.9, 0.5, 63.6, 1.3, 0.6, 0.0, 0.0, 7.0
2024, 3, 12, 10.5, 5.7, 2.1, 82.5, 1.3, 1.1, 2.4, 0.0, 5.9
2024, 3, 13, 11.5, 5.2, -0.8, 65.9, 2.0, 10.5, 0.0, 0.0, 0.4
2024, 3, 14, 14.8, 7.1, 0.7, 65.0, 1.9, 10.9, 0.0, 0.0, 0.0
2024, 3, 15, 14.6, 7.6, 1.5, 69.1, 1.9, 10.8, 0.0, 0.0, 0.0
2024, 3, 16, 18.4, 9.5, 1.7, 62.8, 1.5, 8.4, 0.0, 0.0, 3.8
2024, 3, 17, 11.8, 8.5, 4.6, 60.8, 3.0, 7.5, 0.5, 0.0, 7.5
2024, 3, 18, 13.2, 6.3, -0.2, 45.0, 1.9, 10.0, 0.0, 0.0, 3.0
2024, 3, 19, 9.9, 5.8, 3.2, 73.5, 3.7, 3.6, 1.9, 0.0, 7.0
2024, 3, 20, 7.9, 4.1, 1.0, 63.4, 3.7, 9.9, 0.0, 0.0, 1.1
2024, 3, 21, 10.6, 4.3, -2.4, 63.0, 1.7, 11.1, 0.0, 0.0, 1.8
2024, 3, 22, 15.7, 10.4, 2.5, 67.9, 3.2, 5.0, 2.1, 0.0, 8.0
2024, 3, 23, 18.8, 12.9, 8.8, 78.4, 2.1, 10.1, 0.0, 0.0, 5.1
2024, 3, 24, 22.5, 15.1, 7.4, 70.4, 1.9, 8.7, 0.0, 0.0, 4.3
2024, 3, 25, 14.2, 10.5, 7.3, 0.0, 3.2, 0.0, 3.5, 0.0, 9.5
2024, 3, 26, 11.1, 7.0, 3.4, 78.6, 2.0, 2.7, 15.7, 0.0, 8.0
2024, 3, 27, 16.2, 9.5, 3.1, 72.1, 1.4, 9.0, 0.0, 0.0, 4.6
2024, 3, 28, 11.5, 9.7, 7.7, 85.1, 1.7, 0.0, 2.2, 0.0, 9.1
2024, 3, 29, 11.7, 7.4, 3.9, 78.8, 2.5, 3.3, 1.9, 0.0, 4.6
2024, 3, 30, 18.1, 8.4, 1.4, 64.6, 1.9, 7.4, 0.0, 0.0, 2.3
2024, 3, 31, 16.9, 9.7, 1.2, 43.5, 1.7, 9.6, 0.0, 0.0, 3.0
2024, 4, 1, 18.3, 10.6, 3.0, 51.0, 1.5, 11.6, 0.0, 0.0, 0.3
2024, 4, 2, 23.3, 14.3, 4.4, 0.0, 1.2, 10.5, 0.0, 0.0, 3.9
2024, 4, 3, 16.3, 14.7, 12.8, 79.6, 1.6, 0.0, 8.5, 0.0, 9.3
2024, 4, 4, 19.2, 15.0, 11.4, 61.1, 2.5, 5.6, 0.0, 0.0, 6.8
2024, 4, 5, 17.9, 13.0, 8.2, 54.4, 2.5, 6.4, 0.0, 0.0, 5.5
2024, 4, 6, 17.5, 10.7, 5.1, 54.8, 1.3, 5.1, 0.0, 0.0, 4.3
2024, 4, 7, 22.8, 13.0, 4.2, 51.6, 1.4, 11.5, 0.0, 0.0, 1.6
2024, 4, 8, 21.5, 14.0, 8.3, 0.0, 1.4, 2.8, 0.0, 0.0, 8.3
2024, 4, 9, 20.0, 14.4, 8.1, 40.3, 2.4, 11.7, 0.0, 0.0, 0.8
2024, 4, 10, 18.7, 13.2, 9.6, 65.4, 2.1, 3.8, 0.0, 0.0, 7.4
2024, 4, 11, 21.1, 14.7, 10.4, 0.0, 1.1, 4.3, 0.0, 0.0, 5.8
2024, 4, 12, 23.5, 16.0, 9.0, 66.3, 1.5, 10.6, 0.0, 0.0, 3.0
2024, 4, 13, 26.3, 16.9, 9.0, 62.3, 1.5, 11.9, 0.0, 0.0, 0.0
2024, 4, 14, 27.9, 18.6, 9.5, 52.1, 1.4, 11.6, 0.0, 0.0, 3.0
2024, 4, 15, 19.4, 15.1, 10.7, 81.4, 2.5, 0.0, 17.1, 0.0, 9.1
2024, 4, 16, 18.1, 12.8, 9.3, 82.1, 2.2, 6.7, 4.4, 0.0, 4.0
2024, 4, 17, 21.0, 13.7, 8.0, 65.9, 1.8, 11.1, 0.0, 0.0, 5.6
2024, 4, 18, 23.2, 15.0, 7.6, 59.0, 1.7, 11.7, 0.0, 0.0, 0.0
2024, 4, 19, 23.7, 15.8, 8.0, 58.9, 1.5, 10.3, 0.0, 0.0, 4.3
2024, 4, 20, 16.1, 14.2, 13.1, 79.3, 2.0, 0.0, 6.3, 0.0, 9.8
2024, 4, 21, 19.8, 17.0, 13.2, 65.9, 2.4, 0.2, 0.0, 0.0, 9.3
2024, 4, 22, 23.4, 18.3, 14.1, 52.6, 2.3, 5.0, 0.0, 0.0, 6.4
2024, 4, 23, 22.8, 16.3, 12.3, 0.0, 2.6, 7.5, 0.3, 0.0, 8.3
2024, 4, 24, 17.5, 13.1, 10.5, 77.9, 2.5, 5.8, 18.4, 0.0, 7.4
2024, 4, 25, 21.1, 13.5, 9.7, 76.8, 1.5, 6.4, 0.0, 0.0, 4.5
2024, 4, 26, 24.4, 16.3, 9.2, 65.8, 1.4, 10.8, 0.0, 0.0, 4.0
2024, 4, 27, 24.6, 15.7, 8.7, 65.0, 1.6, 12.1, 0.0, 0.0, 0.3
2024, 4, 28, 27.7, 18.3, 8.7, 60.3, 1.2, 11.7, 0.0, 0.0, 5.4
2024, 4, 29, 23.4, 19.1, 14.7, 57.5, 2.2, 3.7, 0.0, 0.0, 6.3
2024, 4, 30, 20.9, 16.2, 12.4, 69.9, 1.9, 5.1, 0.0, 0.0, 8.1
2024, 5, 1, 22.5, 16.7, 11.8, 54.1, 1.9, 6.8, 0.0, 0.0, 5.0
2024, 5, 2, 22.3, 16.1, 10.3, 58.6, 1.9, 12.4, 0.0, 0.0, 0.0
2024, 5, 3, 26.0, 16.8, 8.7, 56.8, 1.5, 12.5, 0.0, 0.0, 0.0
2024, 5, 4, 27.3, 19.1, 10.6, 51.9, 1.6, 12.4, 0.0, 0.0, 1.9
2024, 5, 5, 19.3, 17.2, 15.3, 90.1, 2.9, 0.0, 45.5, 0.0, 10.0
2024, 5, 6, 15.5, 14.2, 13.3, 90.0, 2.8, 0.0, 6.6, 0.0, 9.4
2024, 5, 7, 14.6, 12.9, 10.9, 86.3, 2.0, 0.0, 8.7, 0.0, 9.9
2024, 5, 8, 20.2, 13.9, 7.7, 59.9, 2.1, 12.0, 0.0, 0.0, 2.0
2024, 5, 9, 21.7, 15.2, 8.4, 63.9, 2.3, 12.7, 0.0, 0.0, 1.0
2024, 5, 10, 23.6, 16.7, 10.9, 55.9, 2.1, 12.5, 0.0, 0.0, 3.0
2024, 5, 11, 23.0, 16.5, 10.6, 77.8, 3.3, 1.7, 23.5, 0.0, 7.5
2024, 5, 12, 21.4, 15.6, 10.6, 68.8, 2.1, 11.7, 0.0, 0.0, 4.1
2024, 5, 13, 23.6, 16.9, 9.4, 55.6, 1.8, 12.9, 0.0, 0.0, 0.5
2024, 5, 14, 24.4, 17.2, 10.0, 56.1, 1.7, 12.8, 0.0, 0.0, 0.1
2024, 5, 15, 19.2, 12.2, 7.4, 79.8, 2.5, 4.0, 14.3, 0.0, 6.3
2024, 5, 16, 19.5, 13.2, 6.9, 63.3, 2.6, 12.8, 0.5, 0.0, 0.9
2024, 5, 17, 24.4, 17.4, 10.8, 67.5, 2.0, 11.2, 0.0, 0.0, 2.3
2024, 5, 18, 26.0, 19.1, 12.1, 71.3, 1.7, 11.5, 0.0, 0.0, 0.8
2024, 5, 19, 26.7, 20.0, 13.7, 67.6, 1.7, 12.5, 0.0, 0.0, 1.4
2024, 5, 20, 23.1, 18.5, 14.5, 79.1, 2.1, 4.3, 0.0, 0.0, 7.0
2024, 5, 21, 27.0, 19.7, 15.2, 75.3, 1.8, 8.2, 0.0, 0.0, 4.3
2024, 5, 22, 24.9, 18.6, 14.6, 78.3, 1.7, 7.9, 0.0, 0.0, 8.3
2024, 5, 23, 25.3, 18.7, 13.6, 72.8, 1.9, 13.0, 0.0, 0.0, 2.0
2024, 5, 24, 23.6, 18.5, 14.6, 76.9, 2.0, 8.3, 0.0, 0.0, 5.1
2024, 5, 25, 23.7, 19.8, 15.8, 67.3, 1.7, 1.0, 0.0, 0.0, 8.3
2024, 5, 26, 23.2, 19.0, 16.0, 75.4, 2.3, 1.8, 10.3, 0.0, 8.9
2024, 5, 27, 21.6, 17.2, 13.9, 71.1, 3.0, 11.8, 0.0, 0.0, 5.5
2024, 5, 28, 25.2, 18.8, 12.4, 61.5, 1.8, 11.0, 0.0, 0.0, 2.4
2024, 5, 29, 25.8, 19.6, 12.8, 56.9, 1.7, 13.0, 0.0, 0.0, 1.4
2024, 5, 30, 25.3, 19.9, 14.6, 54.4, 1.2, 1.4, 0.0, 0.0, 8.5
2024, 5, 31, 24.4, 19.2, 14.0, 63.5, 2.2, 12.4, 0.0, 0.0, 3.3
2024, 6, 1, 24.0, 19.0, 15.1, 70.0, 2.6, 9.9, 1.3, 0.0, 4.1
2024, 6, 2, 25.1, 19.2, 12.8, 59.5, 2.0, 13.2, 0.0, 0.0, 1.0
2024, 6, 3, 27.1, 20.9, 13.1, 50.6, 1.8, 12.7, 0.0, 0.0, 1.0
2024, 6, 4, 27.7, 21.4, 14.6, 44.1, 2.1, 13.3, 0.0, 0.0, 0.0
2024, 6, 5, 28.3, 20.9, 15.2, 65.0, 1.6, 10.2, 0.0, 0.0, 4.6
2024, 6, 6, 29.6, 21.7, 16.7, 63.1, 1.6, 10.9, 0.0, 0.0, 4.0
2024, 6, 7, 27.0, 21.5, 15.3, 59.5, 1.4, 6.9, 0.0, 0.0, 8.5
2024, 6, 8, 24.6, 19.8, 16.8, 79.4, 1.5, 4.3, 13.4, 0.0, 7.3
2024, 6, 9, 28.0, 21.7, 16.8, 73.3, 1.5, 11.7, 0.0, 0.0, 4.4
2024, 6, 10, 30.2, 23.5, 16.8, 70.8, 2.1, 12.0, 0.0, 0.0, 1.5
2024, 6, 11, 30.4, 23.9, 19.2, 66.9, 2.1, 9.8, 0.0, 0.0, 5.5
2024, 6, 12, 31.2, 23.2, 16.6, 63.8, 1.9, 11.9, 0.0, 0.0, 3.1
2024, 6, 13, 31.0, 24.0, 17.5, 63.1, 1.7, 12.7, 0.0, 0.0, 1.4
2024, 6, 14, 32.1, 24.4, 18.4, 64.5, 1.9, 12.1, 0.0, 0.0, 5.4
2024, 6, 15, 27.7, 23.4, 20.0, 74.5, 2.0, 4.6, 0.0, 0.0, 7.3
2024, 6, 16, 27.9, 22.6, 18.4, 66.1, 2.3, 11.6, 0.0, 0.0, 4.1
2024, 6, 17, 29.4, 22.8, 15.6, 54.3, 1.8, 12.8, 0.0, 0.0, 4.0
2024, 6, 18, 30.7, 23.9, 17.1, 65.3, 1.8, 13.3, 0.0, 0.0, 0.0
2024, 6, 19, 35.1, 26.8, 18.6, 61.0, 1.4, 12.5, 0.0, 0.0, 4.1
2024, 6, 20, 33.0, 26.8, 19.7, 50.9, 1.6, 10.3, 0.0, 0.0, 3.3
2024, 6, 21, 30.9, 25.5, 19.0, 58.3, 1.9, 11.3, 0.0, 0.0, 5.8
2024, 6, 22, 25.4, 22.9, 21.6, 85.1, 1.7, 0.0, 72.8, 0.0, 9.9
2024, 6, 23, 28.6, 24.3, 21.6, 82.4, 2.1, 5.1, 3.2, 0.0, 7.4
2024, 6, 24, 27.4, 23.1, 19.0, 76.4, 2.7, 9.4, 0.0, 0.0, 5.3
2024, 6, 25, 26.0, 21.8, 18.0, 68.6, 2.3, 12.0, 0.0, 0.0, 5.4
2024, 6, 26, 29.4, 22.9, 16.7, 68.6, 1.4, 12.5, 0.0, 0.0, 1.6
2024, 6, 27, 29.2, 23.9, 17.6, 65.9, 1.3, 8.9, 0.0, 0.0, 3.6
2024, 6, 28, 30.3, 24.4, 18.1, 64.1, 1.6, 12.9, 0.0, 0.0, 2.0
2024, 6, 29, 30.1, 24.7, 19.6, 74.1, 2.3, 5.6, 29.5, 0.0, 6.9
2024, 6, 30, 25.3, 23.4, 21.1, 87.4, 3.6, 0.6, 17.3, 0.0, 8.9
2024, 7, 1, 30.4, 25.0, 20.5, 73.4, 1.4, 11.2, 0.0, 0.0, 4.3
2024, 7, 2, 24.8, 23.0, 21.2, 89.5, 2.6, 0.0, 62.7, 0.0, 9.9
2024, 7, 3, 27.2, 24.8, 23.5, 81.3, 2.7, 1.9, 0.9, 0.0, 8.9
2024, 7, 4, 30.5, 26.4, 22.6, 76.5, 2.4, 3.5, 3.6, 0.0, 7.9
2024, 7, 5, 26.1, 22.9, 20.8, 82.4, 2.7, 1.5, 4.2, 0.0, 8.8
2024, 7, 6, 30.5, 25.5, 21.6, 84.3, 3.2, 1.2, 11.8, 0.0, 9.1
2024, 7, 7, 24.9, 23.3, 20.8, 90.9, 1.5, 0.0, 2.5, 0.0, 9.5
2024, 7, 8, 24.4, 23.5, 22.7, 95.1, 1.6, 0.0, 38.3, 0.0, 9.8
2024, 7, 9, 24.5, 23.2, 21.7, 93.3, 1.5, 0.0, 8.5, 0.0, 10.0
2024, 7, 10, 31.9, 25.9, 21.7, 76.5, 2.2, 10.2, 14.0, 0.0, 6.9
2024, 7, 11, 28.0, 23.9, 21.3, 85.4, 1.9, 4.2, 0.0, 0.0, 7.3
2024, 7, 12, 29.8, 24.4, 20.5, 82.5, 1.3, 4.1, 0.0, 0.0, 5.0
2024, 7, 13, 32.4, 26.5, 21.6, 76.5, 1.6, 9.0, 0.0, 0.0, 2.9
2024, 7, 14, 31.1, 27.5, 23.6, 69.1, 2.9, 8.9, 0.0, 0.0, 3.6
2024, 7, 15, 30.9, 27.5, 24.7, 69.5, 2.3, 5.3, 0.0, 0.0, 5.1
2024, 7, 16, 30.1, 25.8, 23.8, 82.6, 2.4, 3.7, 18.0, 0.0, 8.0
2024, 7, 17, 29.6, 26.5, 23.1, 82.6, 3.1, 0.1, 6.9, 0.0, 9.3
2024, 7, 18, 26.8, 24.3, 22.5, 93.1, 2.4, 0.0, 151.9, 0.0, 10.0
2024, 7, 19, 30.9, 26.5, 24.0, 82.4, 2.0, 6.4, 0.0, 0.0, 7.4
2024, 7, 20, 29.8, 26.4, 23.5, 83.4, 2.8, 2.2, 10.2, 0.0, 9.1
2024, 7, 21, 30.5, 27.1, 24.0, 79.6, 3.0, 2.9, 0.2, 0.0, 8.8
2024, 7, 22, 29.8, 27.7, 25.6, 81.6, 3.2, 0.1, 2.9, 0.0, 9.9
2024, 7, 23, 27.4, 25.7, 24.5, 92.0, 2.9, 0.1, 50.9, 0.0, 9.3
2024, 7, 24, 31.8, 27.5, 24.6, 87.8, 1.8, 4.5, 3.0, 0.0, 6.5
2024, 7, 25, 33.3, 28.8, 25.6, 78.9, 1.8, 7.2, 2.2, 0.0, 7.9
2024, 7, 26, 33.2, 28.8, 25.5, 78.4, 2.7, 5.1, 0.3, 0.0, 7.9
2024, 7, 27, 32.0, 28.2, 26.5, 84.5, 2.4, 3.2, 10.3, 0.0, 7.9
2024, 7, 28, 32.7, 29.0, 26.7, 74.9, 2.9, 8.4, 0.0, 0.0, 7.8
2024, 7, 29, 29.0, 27.4, 25.9, 83.5, 2.9, 0.4, 0.0, 0.0, 8.4
2024, 7, 30, 32.3, 28.0, 25.9, 80.8, 2.2, 3.9, 0.0, 0.0, 6.6
2024, 7, 31, 33.4, 28.8, 26.0, 76.8, 2.1, 5.6, 0.0, 0.0, 6.4
2024, 8, 1, 33.4, 29.3, 26.2, 77.9, 2.0, 5.2, 0.0, 0.0, 6.8
2024, 8, 2, 33.2, 29.2, 26.7, 81.5, 2.2, 5.1, 0.0, 0.0, 7.4
2024, 8, 3, 34.3, 29.5, 26.1, 75.5, 1.6, 10.4, 0.0, 0.0, 2.5
2024, 8, 4, 35.7, 30.0, 24.9, 73.0, 1.4, 10.6, 0.0, 0.0, 3.3
2024, 8, 5, 35.2, 29.4, 25.2, 77.5, 2.0, 6.8, 1.5, 0.0, 7.1
2024, 8, 6, 33.1, 27.7, 23.1, 80.5, 1.4, 6.4, 40.6, 0.0, 5.0
2024, 8, 7, 33.7, 29.2, 25.4, 75.8, 1.5, 9.4, 0.0, 0.0, 4.1
2024, 8, 8, 30.9, 26.9, 23.9, 83.9, 1.4, 2.5, 1.8, 0.0, 7.1
2024, 8, 9, 32.8, 27.8, 23.7, 79.0, 1.4, 8.1, 0.0, 0.0, 3.9
2024, 8, 10, 33.6, 28.9, 24.6, 75.8, 1.4, 7.3, 0.0, 0.0, 4.8
2024, 8, 11, 33.5, 29.6, 26.2, 73.3, 1.6, 5.9, 0.0, 0.0, 4.4
2024, 8, 12, 34.7, 30.0, 26.3, 75.3, 1.4, 7.6, 0.0, 0.0, 3.8
2024, 8, 13, 34.3, 29.0, 26.7, 81.8, 1.2, 3.2, 19.0, 0.0, 6.0
2024, 8, 14, 34.6, 29.5, 26.4, 76.0, 1.6, 7.9, 3.0, 0.0, 4.6
2024, 8, 15, 34.5, 29.2, 25.6, 75.1, 1.5, 9.6, 3.3, 0.0, 4.4
2024, 8, 16, 33.7, 29.2, 25.3, 71.4, 1.7, 9.2, 0.0, 0.0, 3.1
2024, 8, 17, 34.5, 29.7, 26.8, 69.9, 1.7, 7.4, 0.0, 0.0, 6.1
2024, 8, 18, 33.7, 28.5, 25.8, 77.5, 1.6, 6.5, 0.0, 0.0, 4.8
2024, 8, 19, 34.6, 29.4, 25.5, 74.5, 1.6, 11.2, 0.0, 0.0, 1.9
2024, 8, 20, 34.3, 30.4, 26.3, 70.8, 2.6, 8.6, 0.0, 0.0, 5.1
2024, 8, 21, 30.1, 27.5, 26.0, 88.6, 2.6, 0.5, 50.4, 0.0, 8.9
2024, 8, 22, 30.6, 27.9, 25.8, 83.3, 3.1, 3.2, 3.5, 0.0, 7.5
2024, 8, 23, 30.8, 26.8, 24.5, 83.6, 1.8, 4.2, 3.4, 0.0, 5.4
2024, 8, 24, 31.3, 27.3, 24.8, 82.0, 1.4, 4.3, 0.0, 0.0, 5.3
2024, 8, 25, 32.2, 27.3, 23.7, 82.4, 1.0, 6.7, 1.0, 0.0, 4.0
2024, 8, 26, 30.6, 27.3, 24.6, 81.5, 1.0, 0.2, 0.0, 0.0, 7.9
2024, 8, 27, 29.0, 26.1, 24.6, 75.8, 1.4, 2.8, 0.1, 0.0, 6.8
2024, 8, 28, 32.4, 27.8, 21.9, 63.8, 2.6, 11.8, 0.0, 0.0, 0.4
2024, 8, 29, 32.5, 28.0, 23.1, 61.6, 2.3, 11.0, 0.0, 0.0, 1.3
2024, 8, 30, 32.6, 27.2, 23.0, 69.3, 1.9, 12.0, 0.0, 0.0, 0.6
2024, 8, 31, 31.9, 26.1, 21.2, 73.3, 1.6, 11.2, 0.0, 0.0, 1.5
2024, 9, 1, 30.9, 25.8, 22.8, 74.8, 1.7, 6.6, 0.0, 0.0, 4.8
2024, 9, 2, 28.2, 24.7, 21.5, 74.9, 1.7, 0.3, 2.6, 0.0, 7.9
2024, 9, 3, 31.0, 26.9, 23.5, 57.9, 2.6, 9.2, 0.0, 0.0, 4.4
2024, 9, 4, 31.8, 26.8, 22.4, 62.5, 2.0, 11.1, 0.0, 0.0, 2.9
2024, 9, 5, 29.7, 26.3, 24.0, 79.0, 2.1, 2.6, 5.2, 0.0, 8.8
2024, 9, 6, 26.3, 24.3, 23.3, 83.9, 1.9, 0.4, 0.9, 0.0, 9.8
2024, 9, 7, 30.8, 25.9, 22.4, 74.6, 1.6, 8.4, 0.0, 0.0, 3.8
2024, 9, 8, 31.6, 25.9, 21.7, 75.4, 1.2, 10.7, 0.0, 0.0, 2.5
2024, 9, 9, 33.0, 27.5, 22.4, 73.9, 1.5, 9.0, 0.0, 0.0, 2.4
2024, 9, 10, 33.8, 28.3, 24.1, 71.1, 1.4, 9.3, 0.0, 0.0, 1.8
2024, 9, 11, 33.9, 27.1, 24.1, 81.5, 1.3, 5.0, 2.9, 0.0, 6.5
2024, 9, 12, 26.5, 25.7, 25.0, 94.1, 1.1, 0.0, 34.8, 0.0, 10.0
2024, 9, 13, 29.4, 26.3, 24.7, 88.9, 1.6, 0.5, 3.7, 0.0, 9.8
2024, 9, 14, 31.0, 27.0, 24.8, 85.3, 1.4, 4.2, 0.2, 0.0, 5.5
2024, 9, 15, 32.3, 27.5, 23.8, 75.4, 2.2, 7.6, 0.0, 0.0, 2.3
2024, 9, 16, 32.3, 27.6, 23.3, 69.1, 2.9, 7.5, 1.9, 0.0, 7.9
2024, 9, 17, 33.6, 28.8, 26.1, 75.4, 1.4, 5.5, 0.0, 0.0, 6.4
2024, 9, 18, 34.0, 29.1, 25.2, 75.8, 1.6, 8.4, 0.0, 0.0, 6.0
2024, 9, 19, 33.0, 28.4, 25.4, 76.1, 1.3, 3.1, 0.0, 0.0, 8.8
2024, 9, 20, 27.7, 24.8, 19.6, 92.9, 1.9, 0.1, 94.8, 0.0, 9.8
2024, 9, 21, 22.1, 19.4, 17.1, 83.5, 2.7, 0.0, 72.4, 0.0, 9.5
2024, 9, 22, 25.4, 21.0, 16.5, 67.6, 2.1, 4.0, 0.0, 0.0, 5.3
2024, 9, 23, 25.6, 20.5, 15.9, 60.6, 2.2, 10.2, 0.0, 0.0, 1.6
2024, 9, 24, 26.1, 20.5, 15.7, 61.3, 2.0, 10.6, 0.0, 0.0, 2.5
2024, 9, 25, 27.7, 23.0, 17.4, 70.1, 1.5, 5.3, 0.0, 0.0, 7.6
2024, 9, 26, 27.9, 23.1, 20.0, 78.0, 1.2, 6.7, 0.0, 0.0, 5.0
2024, 9, 27, 27.6, 22.5, 17.9, 73.0, 1.3, 7.6, 0.0, 0.0, 2.1
2024, 9, 28, 27.9, 23.6, 19.6, 61.0, 2.7, 9.2, 0.0, 0.0, 3.5
2024, 9, 29, 28.4, 23.7, 19.5, 59.6, 2.9, 10.3, 0.0, 0.0, 3.8
2024, 9, 30, 28.3, 22.3, 17.5, 62.6, 1.9, 10.4, 0.0, 0.0, 3.9
2024, 10, 1, 20.5, 17.7, 12.3, 74.8, 2.1, 1.5, 6.7, 0.0, 6.6
2024, 10, 2, 19.3, 13.9, 10.0, 55.8, 2.1, 9.1, 0.0, 0.0, 2.9
2024, 10, 3, 21.5, 14.5, 8.0, 67.9, 1.4, 6.2, 0.0, 0.0, 2.8
2024, 10, 4, 23.5, 16.1, 10.1, 67.1, 1.2, 11.0, 0.0, 0.0, 0.1
2024, 10, 5, 23.9, 16.7, 10.3, 66.9, 1.2, 10.7, 0.0, 0.0, 3.3
2024, 10, 6, 18.1, 15.3, 11.2, 80.8, 0.9, 0.0, 0.2, 0.0, 8.9
2024, 10, 7, 20.6, 16.6, 13.5, 76.1, 1.2, 1.7, 0.0, 0.0, 8.5
2024, 10, 8, 23.0, 17.0, 11.7, 77.1, 0.9, 8.0, 0.0, 0.0, 1.3
2024, 10, 9, 23.6, 17.9, 12.8, 69.0, 1.4, 9.4, 0.0, 0.0, 4.4
2024, 10, 10, 23.8, 17.9, 14.2, 67.0, 1.8, 7.5, 0.0, 0.0, 3.9
2024, 10, 11, 23.8, 17.2, 12.5, 73.0, 1.2, 9.0, 0.0, 0.0, 0.9
2024, 10, 12, 23.9, 16.6, 11.5, 68.1, 1.2, 10.3, 0.0, 0.0, 0.0
2024, 10, 13, 22.7, 17.5, 10.2, 68.3, 1.8, 4.8, 0.0, 0.0, 5.9
2024, 10, 14, 21.3, 19.0, 16.7, 68.8, 1.8, 0.0, 0.0, 0.0, 9.6
2024, 10, 15, 21.5, 18.5, 16.2, 88.4, 1.0, 0.0, 6.3, 0.0, 7.3
2024, 10, 16, 24.1, 17.3, 13.7, 82.1, 1.0, 6.2, 0.0, 0.0, 3.0
2024, 10, 17, 24.8, 18.6, 12.7, 72.8, 1.4, 8.6, 0.0, 0.0, 4.1
2024, 10, 18, 19.2, 17.8, 16.9, 86.0, 1.7, 0.0, 55.0, 0.0, 9.5
2024, 10, 19, 20.6, 16.9, 12.9, 73.1, 2.8, 1.9, 9.4, 0.0, 7.3
2024, 10, 20, 17.4, 13.5, 10.9, 52.8, 3.8, 10.3, 0.0, 0.0, 1.4
2024, 10, 21, 19.5, 14.8, 9.3, 66.9, 1.7, 1.4, 0.9, 0.0, 8.9
2024, 10, 22, 16.7, 15.7, 14.6, 92.4, 1.4, 0.0, 16.4, 0.0, 10.0
2024, 10, 23, 16.0, 12.8, 8.7, 73.4, 3.2, 3.4, 1.5, 0.0, 5.6
2024, 10, 24, 18.1, 11.6, 5.6, 74.6, 1.6, 10.1, 0.0, 0.0, 0.0
2024, 10, 25, 21.4, 14.1, 7.3, 67.4, 1.4, 8.4, 0.0, 0.0, 3.4
2024, 10, 26, 23.1, 16.5, 9.2, 70.6, 1.5, 10.0, 0.0, 0.0, 2.3
2024, 10, 27, 19.3, 15.4, 12.8, 81.9, 1.2, 0.4, 0.8, 0.0, 8.8
2024, 10, 28, 19.8, 16.0, 11.6, 74.6, 1.9, 2.3, 0.0, 0.0, 7.9
2024, 10, 29, 19.3, 15.5, 13.4, 63.6, 2.2, 2.1, 0.0, 0.0, 6.1
2024, 10, 30, 21.6, 14.7, 9.9, 72.8, 1.3, 9.8, 0.0, 0.0, 0.8
2024, 10, 31, 22.6, 14.9, 9.1, 71.0, 1.2, 9.9, 0.0, 0.0, 1.6
2024, 11, 1, 18.1, 14.6, 11.3, 75.3, 0.9, 0.0, 0.0, 0.0, 9.8
2024, 11, 2, 24.1, 17.1, 11.0, 66.5, 1.3, 9.9, 0.0, 0.0, 1.3
2024, 11, 3, 23.1, 16.9, 12.0, 71.4, 1.9, 8.1, 0.0, 0.0, 2.0
2024, 11, 4, 19.6, 14.6, 8.5, 63.4, 2.3, 7.2, 1.0, 0.0, 5.4
2024, 11, 5, 15.0, 9.4, 5.4, 49.1, 2.1, 8.7, 0.0, 0.0, 2.8
2024, 11, 6, 12.5, 6.8, 1.9, 49.5, 1.8, 9.8, 0.0, 0.0, 0.0
2024, 11, 7, 15.5, 6.8, -0.1, 59.4, 1.1, 9.7, 0.0, 0.0, 0.0
2024, 11, 8, 18.2, 8.9, 1.3, 62.3, 1.0, 9.6, 0.0, 0.0, 1.1
2024, 11, 9, 20.1, 11.9, 5.3, 67.5, 0.9, 8.7, 0.0, 0.0, 3.1
2024, 11, 10, 20.7, 13.1, 8.6, 75.4, 1.1, 6.8, 0.0, 0.0, 3.8
2024, 11, 11, 20.8, 13.0, 7.3, 75.8, 0.9, 9.2, 0.0, 0.0, 1.5
2024, 11, 12, 18.8, 13.1, 8.6, 73.8, 1.4, 9.2, 0.0, 0.0, 2.4
2024, 11, 13, 20.0, 12.8, 6.3, 72.8, 1.4, 8.8, 0.0, 0.0, 2.5
2024, 11, 14, 17.9, 14.7, 11.1, 68.0, 1.1, 0.0, 0.0, 0.0, 9.1
2024, 11, 15, 20.5, 15.9, 12.3, 70.8, 1.7, 5.9, 6.4, 0.0, 6.6
2024, 11, 16, 22.2, 16.8, 13.3, 73.4, 1.8, 5.2, 4.3, 0.0, 8.3
2024, 11, 17, 15.1, 7.6, 3.0, 44.4, 3.8, 3.1, 0.0, 0.0, 4.5
2024, 11, 18, 7.6, 2.7, -1.4, 32.5, 2.5, 9.3, 0.0, 0.0, 0.5
2024, 11, 19, 12.0, 4.3, -2.0, 57.9, 1.1, 6.7, 0.0, 0.0, 4.3
2024, 11, 20, 9.3, 5.4, -0.1, 73.3, 1.0, 0.7, 0.2, 0.0, 6.6
2024, 11, 21, 13.6, 9.0, 3.4, 71.9, 1.4, 3.1, 0.0, 0.0, 3.1
2024, 11, 22, 10.4, 6.0, 1.6, 48.6, 2.0, 9.4, 0.0, 0.0, 0.0
2024, 11, 23, 12.5, 5.0, -1.1, 57.5, 1.2, 9.2, 0.0, 0.0, 1.4
2024, 11, 24, 13.6, 5.9, -0.4, 68.4, 1.1, 9.2, 0.0, 0.0, 1.3
2024, 11, 25, 16.2, 10.0, 1.1, 60.4, 2.7, 6.9, 0.0, 0.0, 5.6
2024, 11, 26, 12.7, 6.5, 2.0, 80.8, 3.6, 2.1, 35.4, 0.0, 8.4
2024, 11, 27, 3.8, -0.1, -1.4, 90.1, 1.9, 0.3, 29.9, 32.3, 10.0
2024, 11, 28, 3.5, 0.8, -1.4, 85.3, 1.3, 2.1, 19.6, 43.0, 7.0
2024, 11, 29, 4.2, -0.6, -5.2, 83.6, 1.0, 5.0, 0.9, 23.9, 3.1
2024, 11, 30, 4.2, 0.9, -3.4, 88.9, 0.8, 2.5, 0.4, 18.2, 3.4
2024, 12, 1, 8.9, 3.4, -2.4, 89.3, 1.0, 2.5, 0.4, 12.7, 5.5
2024, 12, 2, 12.3, 5.2, 1.3, 83.4, 1.4, 4.5, 0.0, 8.0, 2.4
2024, 12, 3, 4.4, 0.9, -2.1, 50.4, 1.8, 9.1, 0.0, 3.1, 3.8
2024, 12, 4, 7.1, 1.9, -2.3, 66.0, 1.3, 9.2, 0.0, 0.0, 2.5
2024, 12, 5, 7.6, 3.1, -1.8, 71.9, 1.4, 6.6, 0.4, 0.0, 3.8
2024, 12, 6, 5.6, 2.1, -0.9, 51.0, 2.3, 8.5, 0.0, 0.0, 0.8
2024, 12, 7, 4.2, -0.2, -4.2, 60.3, 2.3, 7.1, 0.0, 0.0, 1.8
2024, 12, 8, 4.3, -0.9, -4.6, 51.5, 2.0, 9.1, 0.0, 0.0, 0.0
2024, 12, 9, 6.9, 0.0, -5.6, 65.6, 1.1, 7.5, 0.0, 0.0, 1.4
2024, 12, 10, 6.7, 1.2, -4.2, 68.0, 1.3, 8.4, 0.0, 0.0, 3.1
2024, 12, 11, 7.5, 2.2, -0.9, 55.8, 1.2, 6.9, 0.0, 0.0, 5.3
2024, 12, 12, 4.9, 0.0, -4.6, 47.3, 1.4, 6.4, 0.0, 0.0, 4.6
2024, 12, 13, 4.5, 0.7, -1.7, 45.1, 1.8, 1.8, 0.0, 0.0, 5.8
2024, 12, 14, 2.8, -1.2, -5.6, 54.9, 1.9, 9.0, 0.0, 0.0, 1.8
2024, 12, 15, 6.2, 0.6, -2.5, 65.6, 2.0, 4.4, 0.0, 0.0, 4.5
2024, 12, 16, 3.5, -0.3, -4.7, 70.6, 1.0, 3.1, 0.3, 0.0, 4.5
2024, 12, 17, 2.9, -1.4, -5.5, 58.3, 1.6, 4.1, 0.0, 0.0, 2.1
2024, 12, 18, 0.0, -3.6, -7.2, 47.0, 1.9, 9.1, 0.0, 0.0, 0.0
2024, 12, 19, 3.8, -2.6, -8.7, 51.5, 0.8, 8.1, 0.0, 0.0, 3.3
2024, 12, 20, 3.0, 0.2, -3.5, 70.1, 1.1, 0.3, 1.2, 0.4, 8.5
2024, 12, 21, 1.5, -0.7, -4.4, 70.0, 3.0, 1.0, 1.9, 0.7, 6.0
2024, 12, 22, 1.0, -3.8, -6.8, 51.3, 2.3, 9.1, 0.0, 0.2, 0.0
2024, 12, 23, 6.5, -0.9, -7.2, 66.4, 1.3, 6.1, 0.0, 0.0, 1.9
2024, 12, 24, 4.6, -1.1, -5.8, 57.0, 1.0, 8.9, 0.0, 0.0, 2.4
2024, 12, 25, 6.5, 1.7, -3.0, 69.9, 1.1, 3.2, 0.3, 0.0, 8.4
2024, 12, 26, 4.6, 0.4, -4.8, 56.3, 3.1, 8.7, 0.0, 0.0, 1.0
2024, 12, 27, 1.7, -2.5, -6.4, 54.6, 2.1, 8.1, 0.0, 0.3, 3.5
2024, 12, 28, 0.6, -3.1, -6.9, 52.6, 2.3, 8.6, 0.0, 0.0, 1.4
2024, 12, 29, 5.7, 0.9, -4.9, 63.8, 1.0, 6.1, 0.0, 0.0, 6.1
2024, 12, 30, 10.2, 5.2, 1.4, 69.0, 2.0, 2.6, 0.0, 0.0, 7.1
2024, 12, 31, 4.9, 0.1, -3.9, 46.0, 2.6, 9.1, 0.0, 0.0, 0.0
